ufn,site,fish,Acartia,Acartia_clausi,Acartia_longiremis,Actinopterygii,Actinopterygii_Egg,Aetideus_divergens,Amphibalanus_improvisus_Cyprid,Amphipoda,Anomura_Larvae,Arachnida,Balanomorpha,Balanomorpha_Cyprid,Balanomorpha_Juvenile,Balanomorpha_Molt,Balanomorpha_Nauplii,Balanus_crenatus_Cyprid,Balanus_glandula_Cyprid,Brachyura_Larvae,Bryozoa_Larvae,Calanidae_Nauplii,Calanoida,Calanoida_Copepodite,Calanus,Calanus_marshallae,Calanus_pacificus,Cancer_Larvae,Cancer_oregonensis_Larvae,Caridea_Larvae,Centropages_abdominalis,Cnidaria,Copepoda,Corophiida,Coscinodiscophycidae,Crustacea,Ctenophora,Culicomorpha,Cyclopoida,Detritus,Digested_food_worms,Diptera,Ditrichocorycaeus_anglicus,Ditrichocorycaeus_anglicus_Copepodite,Echinodermata_Larvae,Epilabidocera_longipedata,Eucalanus,Eucalanus_bungii,Eukrohnia_hamata,Eumalacostraca,Euphausia_pacifica,Euphausiidae,Euphausiidae_Calyptopis,Euphausiidae_Egg,Euphausiidae_Furcilia,Euphausiidae_Nauplii,Evadne_normanni,Harpacticoida,Harpacticus,Hemigrapsus_Larvae,Hyperia,Hyperiidae,Hyperiidae_Juvenile,Hyperoche,Hyperoche_medusarum,Insecta,Insecta_Larvae,Isopoda,Kellia_suborbicularis_Veliger,Lophopanopeus_bellus_Larvae,Lophopanopeus_Larvae,Mesocalanus_tenuicornis,Metridia,Microplastic_chunk_Object,Microplastic_fiber_Object,Microsetella_rosea,Microstomus_pacificus_Egg,Neocalanus_plumchrus,Neotrypaea_californiensis_Larvae,Object,Oikopleura,Oregonia_Larvae,Pandalidae_Larvae,Paracalanus_parvus,Parasite,Phaeophyceae,Pinnotheridae_Larvae,Pleocyemata_Larvae,Pleopis_polyphemoides,Pleuronichthys_coenosus_Egg,Podon_leuckartii,Podonidae,Polychaeta_Nectochaete,Porcellanidae_Larvae,Pseudevadne_tergestina,Pseudocalanus,Pteropoda,Pteropoda_Egg,Pteropoda_Veliger,Pugettia_Larvae,Sagittoidea,Semibalanus_balanoides_Cyprid,Senticaudata,Siphonophorae,Spionidae_Nectochaete,Themisto_pacifica,Tigriopus,Tomopteris,Tomopteris_septentrionalis,Tortanus_discaudatus
U1190,1,1,0,0,0,0,0,0,0.04537649180045512,0,0,0,0,0.04537649180045512,0,0,0.33654987323345914,0.1113410142850622,0.07864847612971838,0.04537649180045512,0.04537649180045512,0,0.1113410142850622,0,0,0,0,0,0,0,0.07864847612971838,0,0,0,0.04537649180045512,0,0,0,0,0,0,0,0.04537649180045512,0,0.04537649180045512,0,0,0,0,0,0,0,0,0.04537649180045512,0,0,0.04537649180045512,0,0,0,0,0,0,0,0,0,0,0,0,0,0,0,0,0,0,0,0,0,0,0,1.0749805458758404,0,0,0,0,0,0,0.09084675262135873,0.04537649180045512,0,0,0.1286546819784694,0,0,0.1824543053638465,0,0,0.04537649180045512,0,0,0,0,0,0,0,0,0,0,0,0
U1386,1,1,0,0,0,0,0,0,0.05466305481093578,0,0,0,0,0.05466305481093578,0.054663058477012555,0,0.4928745195713319,0.10949030576590407,0.0947738588784378,0.22032148256647832,0.05466305481093578,0,0.213215509818213,0,0,0,0,0,0,0,0,0,0,0,0.05466305481093578,0.672500999868683,0,0,0,0,0,0,0.05466305481093578,0,0,0,0,0,0,0,0,0,0,0.05466305481093578,0,0,0.05466305481093578,0,0,0,0,0,0.05466305481093578,0,0,0,0,0,0,0,0,0,0,0,0,0,0,0,0,0,0.19828916610895536,0,0,0,0,0,0,0,0.10949030576590407,0,0,0.3966533565632161,0,0,0.213215509818213,0,0,0.05466305481093578,0,0,0,0,0,0,0,0,0,0,0,0
U1392,1,1,0,0,0,0,0,0,0,0,0,0.07610202844202058,0,0.09831077645232883,0.04390923330623599,0,0.5611971929651438,0.13206897910473223,0.28490466305430123,0.11639825272639942,0.04390923672676872,0,0.16498803686281882,0,0,0,0,0,0,0.09831077440479637,0.1589344084944052,0,0,0,0.04390923672676872,0.6933570640533102,0,0.08790341710268691,0.04390923672676872,0,0,0.221276974081534,0.04390923672676872,0,0,0,0,0,0,0,0,0,0,0,0,0,0.04390923672676872,0,0.04390923672676872,0,0,0,0,0,0,0,0,0,0,0,0,0,0,0,0,0,0,0,0,0,0,0,0,0,0,0,0,0,0.04390923672676872,0,0,0.17649541030729818,0,0,0.06211702411663022,0,0,0.04390923672676872,0,0,0,0,0,0.11639825315986374,0,0,0,0,0,0
U1394,1,1,0,0,0,0.04971087095344752,0,0,0.04971087095344752,0,0,0,0,0.07033080349060081,0.04971087296839778,0,0.438470289856754,0.20009414461036168,0.0995451201116742,0.1113410142850622,0,0,0.15778877797282506,0,0,0,0.08617290697818886,0,0,0,0.04971087095344752,0,0,0,0.04971087095344752,0.6619248061401494,0,0,0.04971087095344752,0,0,0,0,0,0,0,0,0,0,0,0,0,0,0,0,0,0.04971087095344752,0,0,0,0,0.04971087095344752,0,0,0,0.04971087095344752,0,0,0.04971087095344752,0,0,0,0,0,0,0,0,0,0,0,0.04971087095344752,0,0,0,0,0,0,0,0.04971087095344752,0,0,0.5342260446143977,0,0,0.22972526749486194,0,0,0.04971087095344752,0,0,0,0,0,0,0,0,0,0,0,0
U1395,1,1,0,0,0,0,0,0,0.04242217002515565,0,0,0,0,0.04242217002515565,0.04242216766506706,0.26804515800319745,0.6876544991596873,0.08492092491869804,0.04242217002515565,0.1275741061267417,0.04242217002515565,0,0.27154577492345827,0,0,0,0.08492092491869804,0,0,0,0.15351166224172672,0,0,0,0.04242217002515565,0.39920827942832865,0,0.08492092728519118,0,0,0,0.1955891634860295,0.0735215341962802,0,0,0,0,0,0,0,0,0,0,0.04242217002515565,0.04242217002515565,0,0.04242217002515565,0,0,0,0,0.04242217002515565,0,0,0,0,0,0,0,0,0,0,0,0,0,0,0,0,0,0,0.12024156211209136,0,0,0,0,0,0,0,0.0735215341962802,0,0,0.34895490695683445,0,0,0.20481758427147218,0,0,0.04242217002515565,0,0,0,0,0,0,0,0,0,0,0,0.04242217002515565
U2513,1,1,0,0,0,0,0,0,0.03446910163743905,0,0,0,0,0.03446910163743905,0,0,0.048756332558848745,0.1467370717631777,0.03446910163743905,0.03446910163743905,0.03446910163743905,0,0.3837023249346777,0,0,0.08451557093782443,0,0,0,0,0,0,0,0,0.03446910163743905,0,0,0,0,0,0,0,0,0,0.03446910163743905,0,0,0,0,0.034469094378817726,0,0,0.07713646290610837,0,0.03446910163743905,0,0.03446910163743905,0,0,0,0,0.03446910163743905,0,0,0,0.03446910163743905,0,0,0.03446910163743905,0,0,0,0,0,0,0,0,0,0.048756332558848745,0,0.9461083384045336,0,0,0.03446910163743905,0,0,0,0.048756332558848745,0.03446910163743905,0.20232543616496182,0,0.22524078729366603,0,0,0.216913871470106,0,0.05972591553095801,0.03446910163743905,0,0,0,0,0,0,0.03446910163743905,0,0,0,0,0
U2525,1,1,0,0,0,0,0,0,0,0,0,0,0,0,0,0,0.030763164702451832,0.06883201778170853,0.06155549112897196,0.06883201778170853,0,0,0.2101565680871029,0,0.24861987228826501,0,0,0,0,0,0.05330019361054851,0,0,0,0,0,0,0.053300189851100674,0,0,0,0.06155549112897196,0,0,0.030763164702451832,0.169277496328645,0,0,0,0,0,0,0.030763164702451832,0,0.030763164702451832,0,0,0,0.030763164702451832,0,0.10219155540497285,0.0974203497693641,0,0,0,0,0,0,0.030763164702451832,0,0,0,0,0,0,0,0,0,0,0,1.123191210760572,0,0,0,0,0,0,0,0.030763164702451832,0.053300189851100674,0,0.030763164702451832,0,0,0.030763164702451832,0,0,0.030763164702451832,0,0,0,0,0,0,0,0,0,0,0,0
U2526,1,1,0,0,0,0,0,0,0,0,0,0,0,0,0,0,0,0,0,0,0,0,0.2036047658383124,0,0.10080628376119004,0.4526787763615778,0.317601522795305,0,0,0,0,0,0,0,0,0,0,0,0,0.03874436831562623,0,0,0.019368549451036145,0,0,0.09502312643749114,0,0,0.5882838909279933,0,0,0,0,0,0,0,0,0,0,0,0,0.09301656232286537,0.019368549451036145,0,0,0,0,0,0,0,0,0,0,0.03355150726121995,0,0,0,0,0,0,0,0,0,0,0,0,0,0,0,0,0,0,0,0,0,0.019368549451036145,0.04332023240206043,0,0,0,0.5168589705370931,0,0,0,0,0.15678602895104307,0,0.21105313980483983,0.12882441217035134,0
U2528,1,1,0,0,0,0,0,0,0.07185763980198792,0,0,0,0.07185763980198792,0.07185763980198792,0.07185763840554536,0,0.4453512493611569,0.17678247921973325,0.3005250154333045,0.25134611440802457,0.07185763980198792,0,0.17678247921973325,0,0,0,0,0.16123806688795642,0,0,0,0,0,0,0.07185763980198792,0.07185763980198792,0,0,0,0,0,0,0.10170988920562245,0,0.10170988920562245,0,0,0,0,0,0,0,0,0.07185763980198792,0,0,0.07185763980198792,0,0,0,0,0,0,0,0,0.144089709071696,0,0.07185763980198792,0,0,0,0,0,0,0,0,0,0,0,0,0.5952831805561527,0,0,0,0,0,0,0,0.1246767517723658,0,0.07185763980198792,0.30952248657301606,0,0.144089709071696,0.16123805395077495,0,0,0.07185763980198792,0.07185763980198792,0,0,0,0,0,0,0,0,0,0,0
U2529,1,1,0,0,0,0,0.05645326346912117,0,0,0.01880887068972504,0,0,0,0,0,0,0,0,0,0,0,0,0.3099495871520215,0,0.2169628382120483,0.438673615585943,0.5378809741443348,0,0,0,0,0,0,0,0,0,0,0,0,0,0,0,0.01880887068972504,0,0,0.07043041086554924,0.04978121665633562,0,0.15572135792699046,0,0,0,0,0,0.01880887068972504,0,0,0,0,0,0,0.07043041086554924,0,0,0,0.01880887068972504,0,0,0,0,0,0.01880887068972504,0.3851355176651542,0,0,0,0,0,0,0,0,0,0,0,0,0,0,0,0,0,0,0,0,0,0,0,0.03258176163590582,0,0,0,0.4787771567587793,0,0,0,0,0.12364554891997422,0,0.08207324207388712,0,0
U2530,1,1,0,0.03637767083614172,0,0,0,0,0,0,0,0,0,0.03637767083614172,0.03637766670909289,0.03637767083614172,0.03637767083614172,0.0514571549139612,0.13151139138827778,0.06303581641187764,0,0,0.25742116403505544,0,0.14132905548899136,0.1459966945555624,0.06303581641187764,0,0,0,0.08141491781290855,0,0,0.15492231983957874,0.03637767083614172,0,0,0,0,0,0,0,0,0,0,0.15052367014270396,0,0,0,0,0,0,0,0,0,0,0,0,0,0,0,0,0,0,0,0,0.1365063166567276,0,0,0,0,0,0,0,0,0,0,0,0.03637767083614172,0,1.0305532099072228,0,0,0,0,0.03637767083614172,0,0.14132905477191224,0.03637767083614172,0.1459966945555624,0,0.03637767083614172,0,0,0.0514571549139612,0,0,0.03637767083614172,0,0,0,0,0,0,0.03637767083614172,0,0,0,0,0
U2625,1,2,0,0,0,0,0,0,0,0,0,0,0,0.019905999973575214,0,0.019905999973575214,0.02815319491728915,0.019905999973575214,0,0,0,0,0,0,0,0,0,0,0,0,0,0,0,0,0,0,0,0,0,0,0,0,0,0,0.019905999973575214,0,0,0,0,0,0,0,0.03448275965968974,0,0.019905999973575214,0,0.019905999973575214,0,0,0,0,0,0,0,0,0.019905999973575214,0,0,0,0,0,0.019905999973575214,0,0,0,0,0,0,0.03448275965968974,0,1.4652749129294567,0,0,0.019905999973575214,0,0.019905999973575214,0,0,0.019905999973575214,0,0,0.019905999973575214,0,0.05268722112449717,0.019905999973575214,0,0,0,0,0,0,0,0,0,0,0,0,0,0,0
U2626,1,2,0,0,0,1.3153480341688282,0,0,0.019977371938058933,0,0,0,0,0,0,0,0.019977371938058933,0,0,0,0,0,0,0,0,0,0,0,0,0,0,0,0,0,0.019977371938058933,0,0,0,0.019977371938058933,0,0,0,0.019977371938058933,0,0,0,0,0,0,0,0,0,0,0,0,0,0,0,0,0,0,0,0,0,0,0,0,0,0,0,0,0,0,0,0,0,0,0,0,0,0.24884138795793165,0,0,0,0,0,0,0,0,0,0,0,0,0,0.034606428730876396,0,0,0,0,0,0,0,0,0,0,0,0,0,0,0
U2627,1,2,0,0,0,0,0,0,0.04412242400809412,0,0,0,0,0,0,1.3624059490075646,0,0.04412242400809412,0.04412242400809412,0,0,0,0,0,0,0,0,0,0,0,0,0,0,0,0,0,0,0,0,0,0,0,0,0,0,0,0,0,0,0,0,0,0,0,0,0,0,0,0,0,0.1399383707371488,0,0,0,0,0,0,0,0,0,0,0,0,0,0,0,0,0,0,0,0.1327135626046046,0,0,0,0,0,0,0,0,0,0,0,0,0,0,0,0,0,0,0,0,0,0,0,0,0,0,0,0,0
U2628,1,2,0,0,0,0,0,0,0,0,0.022630073274357714,0,0,0.022630073274357714,0,0,0,0,0,0,0,0,0,0,0,0,0,0,0,0,0,0,0,0,0,0,0,0,0,0,0,0,0,0,0.022630073274357714,0,0,0,0,0,0,0,0.03920313096766913,0,0,0,0.022630073274357714,0,0,0,0,0,0,0,0,0,0,0,0.022630073274357714,0,0,0,0,0.022630073274357714,0,0,0,0,0.05545581931414645,0,1.4773622246182232,0,0,0,0,0,0,0,0,0,0,0.022630073274357714,0,0,0.022630073274357714,0,0,0,0,0,0,0,0,0,0,0,0,0,0,0
U2629,1,2,0,0,0.017335250245124917,0,0,0,0,0,0,0,0,0,0,0.017335250245124917,0.017335250245124917,0,0.017335250245124917,0,0,0,0.017335250245124917,0,0,0,0,0,0,0,0.017335250245124917,0,0,0,0,0.017335250245124917,0,0,0,0,0,0.017335250245124917,0.017335250245124917,0,0.017335250245124917,0,0,0,0,0,0,0,0.03002854136272682,0,0,0,0.017335250245124917,0,0,0,0.03002854136272682,0,0,0,0,0,0,0,0,0,0,0,0,0,0,0,0,0,0,0,1.4857731481045882,0,0,0,0,0,0,0,0,0.03877056885575376,0,0.017335250245124917,0,0,0.017335250245124917,0,0,0,0,0,0,0,0,0,0,0,0,0,0,0
U2633,1,2,0,0,0,0,0,0,0,0,0,0,0,0.025796969002452208,0,0,0.03648647213096104,0,0,0,0,0,0,0,0,0,0,0,0,0,0,0,0,0,0.025796969002452208,0,0,0,0,0,0,0,0.025796969002452208,0,0,0,0,0,0,0,0,0,0.06322451583685863,0,0,0,0.025796969002452208,0.025796969002452208,0,0,0,0,0,0,0,0,0,0,0.025796969002452208,0,0,0,0,0,0,0,0,0,0.025796969002452208,0,1.4363616443168292,0,0,0,0,0.03648647213096104,0,0,0,0.025796969002452208,0,0.025796969002452208,0,0,0.025796969002452208,0,0,0,0.03648647213096104,0,0.051611125487500055,0,0,0,0.025796969002452208,0,0,0,0,0
U2634,1,2,0,0,0,0,0,0,0,0,0,0,0,0.1445405647607679,0,0,0.09122397599603178,0,0,0,0.06446029356223536,0,0,0,0,0,0,0,0,0,0,0,0,0,0.06446029356223536,0,0,0,0,0.06446029356223536,0,0,0,0,0,0,0,0,0,0,0,0,0,0,0.09122397599603178,0,0,0,0,0,0,0,0,0,0,0,0,0,0.06446029356223536,0,0,0,0,0.06446029356223536,0,0,0,0,0,0,1.1186598991009828,0,0,0,0,0,0,0,0,0,0,0.3346691785926086,0,0,0.1445405647607679,0,0,0.06446029356223536,0,0,0,0,0,0,0,0,0,0,0,0
U2824,1,2,0,0,0,0,0,0,0.023461856153737352,0,0.023461856153737352,0,0,0.023461856153737352,0,0.023461856153737352,0.023461856153737352,0.023461856153737352,0.023461856153737352,0,0,0,0.04693664061297273,0,0,0,0,0,0,0,0,0,0,0,0.023461856153737352,0,0,0,0,0,0,0,0,0,0.023461856153737352,0,0,0,0,0,0,0,0.03318312214750341,0.023461856153737352,0,0,0.023461856153737352,0,0,0.023461856153737352,0,0,0,0.04064458736034942,0,0,0,0,0,0,0,0,0,0,0,0,0,0,0.040644589823413284,0,1.435619282890514,0,0,0,0,0,0,0,0,0,0,0.023461856153737352,0.023461856153737352,0,0.04693664061297273,0,0,0,0.03318312214750341,0,0,0,0,0,0.023461856153737352,0,0,0,0,0
U2831,1,2,0,0,0,0,0,0,0.047745534035780524,0,0,0,0,0,0,0,0.06754808675259699,0,0.047745534035780524,0,0,0,0,0,0,0,0,0,0,0,0,0,0,0,0,0,0,0,0,0,0,0,0,0,0,0,0,0,0,0,0,0,0,0,0,0,0,0,0,0,0,0,0,0,0,0.047745534035780524,0,0,0,0,0,0,0,0,0,0,0,0,0,0,1.4353894634129394,0,0,0,0,0,0,0,0,0,0,0.047745534035780524,0,0,0.047745534035780524,0,0,0,0.047745534035780524,0,0,0,0,0,0,0,0,0,0,0
U2859,1,1,0,0,0,0,0,0,0.06555913035173992,0,0,0,0,0.1137153417523473,0.06555912652743995,0,0.62153647317476,0.13140217347526556,0.2289354133446583,0,0.06555913035173992,0,0.28165376814077453,0,0,0,0,0,0,0,0.06555913035173992,0,0,0,0.06555913035173992,0.4816488340891962,0,0,0,0,0,0,0.09278126953121514,0,0.06555913035173992,0,0,0,0,0,0,0,0,0.06555913035173992,0,0,0.06555913035173992,0,0,0,0,0,0,0,0,0,0,0,0.06555913035173992,0,0,0,0,0.06555913035173992,0,0,0,0,0,0,0.06555913035173992,0,0,0,0,0.06555913035173992,0,0.1137153417523473,0.06555913035173992,0.14701873307535931,0,0.4098753687016366,0,0,0.16116823253567636,0,0,0.06555913035173992,0,0,0,0,0,0,0,0,0,0,0,0
U2860,1,1,0,0.02373786281285102,0,0,0,0,0,0,0,0,0,0,0,0,0,0,0,0,0,0,0.1895283865275675,0,0.1388470339266032,0.4919359264034988,0.36317339908278284,0,0,0,0,0,0,0,0,0,0,0,0,0,0,0,0,0,0,0.17200700922319617,0,0.14088752396937496,0.35719505290783093,0,0,0,0,0,0,0,0,0,0,0,0,0.2663800622222816,0.02373786281285102,0.10087274421589071,0,0,0,0,0,0,0,0,0.25964775236534926,0,0,0,0,0,0,0,0,0,0,0,0,0,0,0,0,0,0,0,0,0,0,0.02373786281285102,0,0,0,0,0.544336241224575,0,0,0,0,0,0,0.09802141651103417,0,0
U2861,1,1,0,0,0.02717966687681084,0,0,0,0.02717966687681084,0,0,0,0,0.02717966687681084,0,0,0.05437943922646299,0.1278159813075414,0.07694213918187476,0.0666173823414815,0.02717966687681084,0,0.15434456458938606,0,0.08161955553571809,0.1416858874267682,0.10544875306722956,0,0,0,0.08161955492039066,0,0,0,0.02717966687681084,0,0,0,0,0,0,0.04708816853023434,0,0,0.02717966687681084,0.0666173823414815,0,0,0,0,0,0,0.02717966687681084,0,0.02717966687681084,0,0.02717966687681084,0,0,0,0,0,0,0,0,0.02717966687681084,0.26517583129908007,0,0.02717966687681084,0,0,0,0,0,0,0.02717966687681084,0,0,0.05437943922646299,0,1.0248783152564787,0,0,0.02717966687681084,0,0,0,0,0.02717966687681084,0.07694213591982066,0,0.10892052372632104,0,0,0.2326929541207473,0,0,0,0,0,0,0,0.10544875497801857,0,0.03844259035388029,0,0,0,0,0
U2862,1,1,0,0,0,0,0,0,0.03824527847963127,0,0,0,0,0,0,0,0.03824527847963127,0.03824527847963127,0.10133617782839656,0,0,0,0.16294147869271888,0,0,0,0.11496092033904838,0,0,0,0,0,0,0,0.03824527847963127,0,0,0,0,0,0,0,0.03824527847963127,0,0.03824527847963127,0,0,0,0,0,0,0,0.03824527847963127,0,0.03824527847963127,0,0,0,0,0,0,0,0.03824527847963127,0,0,0,0,0,0.03824527847963127,0,0,0,0,0,0,0,0,0,0,0,1.2859856672974674,0,0,0,0,0,0,0.03824527847963127,0,0.06627512558609097,0,0.03824527847963127,0,0.07654664203707118,0.03824527847963127,0,0,0,0,0,0,0,0,0,0,0,0,0,0,0
U2863,1,1,0,0,0,0,0,0,0,0,0,0,0,0,0,0,0.04835566704043804,0.10829598415325567,0.04835566704043804,0,0.04835566704043804,0,0,0,0,0,0,0,0,0,0,0,0,0,0.04835566704043804,0,0,0,0,0,0,0,0,0,0.04835566704043804,0,0,0,0,0,0,0,0,0,0,0,0,0,0,0,0,0,0,0,0,0,0,0,0.04835566704043804,0,0,0,0,0,0,0,0,0,0,0,1.24057407938492,0,0,0,0,0,0,0,0.04835566704043804,0,0,0.18186063485282675,0,0.19457268192895702,0.06841194377232448,0,0,0.04835566704043804,0,0,0,0,0,0,0,0,0,0,0,0
U2927,1,2,0,0,0,0,0,0,0,0,0,0,0,0,0,0,0,0,0,0,0,0,0,0,0.095636773858103,0.3427814316640897,0.19080688939228957,0,0,0,0,0,0,0,0,0,0,0,0,0,0.17226238431825486,0.04503013068011655,0,0,0,0,0.095636773858103,0.09826580043728596,0.8097238675880631,0,0,0,0,0,0,0,0,0,0,0,0,0,0,0,0,0,0,0,0,0,0,0.038993939420665084,0,0,0,0,0,0,0,0,0,0,0,0,0,0,0,0,0,0.11501940163270999,0,0,0,0,0,0,0.038993939420665084,0,0,0,0.3239393778006708,0,0,0,0,0.10576641330024532,0,0.20011340800088898,0.3205666511219701,0
U2928,1,2,0,0,0,0,0,0,0,0.040938710184109293,0,0,0,0,0,0,0,0,0,0,0,0,0.20187017956637976,0,0,0.3660901982140905,0.24722008826244482,0,0,0,0,0,0,0,0,0,0,0,0,0,0.12136221209105795,0,0,0,0,0,0.05416818258959266,0.14953418498508897,0.4711434387206157,0,0,0,0,0,0,0,0,0,0,0,0,0,0,0,0.10849612554726809,0,0,0,0,0,0,0,0.5610252664759189,0,0,0,0,0,0,0,0,0,0,0,0,0,0,0,0,0.07094762807285235,0,0,0,0,0,0,0.10849612601175054,0,0,0,0.4506424140825211,0,0,0,0,0,0,0.1377090899662326,0.06475695665635417,0
U3007,1,2,0,0,0,0.7714730960505881,0,0,0.01759084466241324,0,0,0.01759084466241324,0.01759084466241324,0,0,0.07874595460122684,0.1182724422974137,0.05279433786575879,0,0.01759084466241324,0.01759084466241324,0,0,0.01759084466241324,0,0.17321030143481472,0.02487849643498588,0,0,0,0,0,0,0,0.035187138391306765,0,0,0,0,0,0,0.04655541893231047,0,0,0,0,0,0,0.17411928171023458,0,0,0,0.03047138228495585,0.02487849643498588,0,0,0.01759084466241324,0,0,0.01759084466241324,0,0,0.01759084466241324,0,0,0,0,0,0.01759084466241324,0,0,0,0,0.01759084466241324,0,0,0,0,0.035187138391306765,0,0.5851630074313909,0,0,0,0,0,0,0,0.035187138391306765,0,0,0.18724668190713417,0,0,0.15189782167055887,0.02487849643498588,0,0,0.01759084466241324,0,0.21417365596377144,0,0.10425222269378832,0,0.01759084466241324,0,0,0,0,0
U3017,1,2,0,0,0,0,0,0,0,0,0,0,0,0,0,0.017361356018136948,0,0,0,0,0,0,0,0,0,0,0,0,0,0,0,0,0,0,0.017361356018136948,0,0,0,0,0,0.33176420563766235,0,0,0,0,0,0,0,0.28983031557190414,0,0.8400578991390144,0.35505657204323215,0,0,0,0,0,0,0,0,0,0.13823439097955545,0,0,0,0,0,0,0,0,0,0,0,0,0,0,0,0,0,0,0,0,0,0,0,0,0,0,0,0,0,0,0,0,0,0,0.042537152672562445,0,0,0,0,0,0,0,0,0.34665251273218595,0,0,0,0
U3021,1,2,0,0,0,0,0,0.03512196939285486,0,0,0,0,0,0,0,0,0,0,0,0,0,0,0.23234774164340247,0,0,0.21818893603560127,0.17288640446398074,0,0,0,0,0,0,0,0,0,0,0,0,0,0,0,0,0,0,0,0,0,0.5037898468699942,0,0,0,0,0,0,0,0,0,0,0,0,0,0,0,0,0,0,0,0,0,0,0.04968018792682402,0.663986594745127,0,0,0,0,0,0,0,0,0,0,0,0,0,0,0,0,0.035121975091981526,0,0,0,0.11672734113070546,0,0,0,0,0,0,0.41693841279819677,0,0,0,0,0.2778148704685903,0,0,0,0
U3023,1,2,0,0,0,0,0,0,0,0,0,0,0,0,0,0,0,0,0,0,0,0,0.09839978488980111,0,0,0.6729967923237979,0.43156497518400727,0,0,0,0,0,0,0,0,0,0,0,0,0,0,0,0,0,0,0.09516273606143068,0,0.08654862611492141,0.5264699982053531,0,0,0,0,0,0.04670024088604293,0,0,0,0,0,0,0.06366156289541862,0,0,0,0,0,0,0,0,0,0.03946480589057342,0,0,0,0,0,0,0,0,0,0,0,0,0,0,0,0,0,0.03529656205009904,0,0,0,0,0,0,0,0,0,0,0.27270077255233777,0,0,0.04992725254719673,0,0.2690782397277563,0,0,0.05582617044343714,0
U4065,1,2,0,0,0,0,0,0,0,0,0,0,0,0,0,0,0,0,0,0,0,0,0,0,0,0.05904775465626268,0.059047755505006384,0,0,0.08933874143552402,0,0,0,0,0,0,0,0,0,0,0,0,0,0,0,0,0,0,0.6994026805075432,0,0.512322089045585,0,0,0,0.022306835905059354,0,0,0,0,0,0,0.11175742527912383,0,0,0.12451037386225705,0,0,0,0,0,0,0,0.5571555109844183,0,0,0,0,0,0,0,0,0,0,0,0,0,0,0,0,0,0,0,0,0,0,0,0.022306835905059354,0,0,0,0.13423266801030614,0,0,0,0,0,0,0.0631299583101283,0,0
U4096,1,2,0,0,0,0.021341099747592115,0,0,0,0,0,0,0,0,0,0,0,0,0,0,0,0,0,0,0.15299049010316887,0.5428450302190211,0.6672713713244129,0,0,0,0,0,0,0,0.021341099747592115,0,0,0,0,0,0.06753268098509625,0,0,0,0,0,0,0.05648899654685007,0.3405607567667473,0,0,0,0,0,0.021341099747592115,0,0,0,0,0,0,0.0675326817277344,0,0,0,0,0,0,0,0,0,0,0,0,0,0,0,0,0,0,0,0,0,0,0,0,0,0,0,0.09315129470043362,0,0,0,0,0,0,0,0,0,0,0.23893321431943954,0,0,0.09065988547347237,0,0.17950129035372328,0,0.19803211154661482,0.24383778814597248,0
U4097,1,2,0,0,0,0,0,0,0,0,0,0,0,0,0,0,0,0,0,0,0,0,0,0,0.21122411681336906,0.4002808253006489,0.30973541058443244,0,0,0,0,0,0,0,0,0,0,0,0,0,0,0,0,0,0,0,0,0.2321827677883553,0.7729093528481968,0,0,0,0,0,0,0,0,0,0,0,0,0,0.03161224201200258,0,0.19869023982789732,0,0,0,0,0,0,0,0,0,0,0,0,0,0,0,0.07073431924275497,0,0,0,0,0,0,0,0,0,0,0,0,0,0,0,0,0,0,0,0.31145190480218915,0,0,0,0,0,0,0,0.17976265966753288,0
U4098,1,2,0,0,0,0,0,0,0,0,0,0,0,0,0,0,0,0,0,0,0,0,0.12178147022710231,0,0,0.2641469488200792,0.12747892217086895,0,0,0,0,0,0,0,0,0,0,0,0,0,0.19420883402628344,0,0,0,0,0,0.053043384064686734,0.19420883402628344,0.9698033067125051,0,0,0,0,0,0,0,0,0,0,0,0,0,0,0,0,0,0,0,0,0,0,0,0,0,0,0,0,0,0,0,0,0,0,0,0,0,0,0,0,0,0,0,0,0,0,0,0,0,0,0,0.30948502830961133,0,0,0,0,0.09935192237606541,0,0.16631593943321973,0.11580986916834364,0
U4149,1,2,0,0,0,0,0,0,0,0.19847268966336343,0,0,0,0,0,0,0,0,0,0.03795492617063542,0,0,0,0,0,0.12618664143261685,0.1474977411270768,0,0,0,0,0,0,0,0,0,0,0,0,0,0.3242619538048024,0,0,0,0,0,0,0.10056460911723904,0.7468430477139397,0,0,0,0,0,0,0,0,0,0,0,0,0,0,0,0,0,0,0,0,0,0,0,0,0,0,0,0,0,0,0,0.02683496299090239,0,0.0930822404912656,0,0,0,0,0,0,0,0,0,0,0,0,0,0,0,0,0,0.530017876169016,0,0,0,0,0.06577148754520723,0,0.15941305261674757,0.2361011295835466,0
U4155,1,2,0,0,0,0,0,0,0.02577125573377598,0,0,0,0,0.02577125573377598,0,0.03645009597848668,0.044647015997230304,0.02577125573377598,0.02577125573377598,0.02577125573377598,0,0,0,0,0,0,0,0,0,0,0,0,0.02577125573377598,0,0,0,0,0,0,0,0,0,0.02577125573377598,0,0.02577125573377598,0,0,0,0,0,0,0,0.02577125573377598,0,0,0,0.02577125573377598,0,0,0,0,0,0,0.21090353522588837,0,0,0,0,0.02577125573377598,0,0,0,0,0,0,0,0,0,0.02577125573377598,0,1.3022792425638845,0,0,0.02577125573377598,0,0,0,0,0,0.1064467609889669,0,0.02577125573377598,0,0,0.044647015997230304,0,0,0,0.02577125573377598,0,0,0,0,0,0,0,0,0,0,0
U4170,1,2,0,0,0,0,0,0,0,0,0,0,0,0,0,0,0.02578838912077523,0.01823413411228986,0,0,0,0,0,0,0,0,0,0,0,0,0,0,0,0,0,0,0,0,0,0,0,0,0,0,0.02578838912077523,0,0,0,0,0,0,0,0.040781807520750946,0,0,0,0.01823413411228986,0,0,0,0,0,0,0,0,0,0,0,0.01823413411228986,0,0,0,0,0,0,0,0,0,0.03158594844390048,0,1.4891646858847343,0,0,0.01823413411228986,0,0,0,0,0,0,0,0.01823413411228986,0,0,0.01823413411228986,0,0,0,0.01823413411228986,0,0,0,0,0,0.01823413411228986,0,0,0,0,0
U4173,1,2,0,0,0,0,0,0,0,0,0,0,0,0,0,0,0.0527290587220619,0,0,0,0,0,0.0527290587220619,0,0,0,0,0,0,0,0,0,0,0,0,0,0,0,0,0,0,0,0,0,0,0,0,0,0,0,0,0,0,0,0,0,0,0,0,0,0,0,0,0,0,0,0,0,0,0,0,0,0,0,0,0,0,0,0,0,1.4526706737550399,0,0,0,0,0,0,0,0.0527290587220619,0,0,0.0527290587220619,0,0,0.0527290587220619,0,0,0,0,0,0,0,0,0,0,0,0,0,0,0
U4960,1,2,0,0,0,0,0,0,0,0,0,0,0,0,0,0.04742231868513399,0.021201545880177516,0.021201545880177516,0.021201545880177516,0.021201545880177516,0,0,0.09495170610466108,0,0,0,0,0,0,0,0,0,0,0,0,0.24699352859743268,0,0,0.021201545880177516,0,0,0,0,0,0.021201545880177516,0.021201545880177516,0,0,0,0,0,0,0.04241262947708218,0,0,0,0.021201545880177516,0,0,0,0,0.101847409301223,0,0.1275452767829075,0,0.03672766015183603,0,0,0.021201545880177516,0,0,0,0,0,0,0,0,0,0.04241262947708218,0,1.2163637537569134,0,0,0,0,0,0,0,0.021201545880177516,0.05195244390933633,0.021201545880177516,0.021201545880177516,0,0,0.021201545880177516,0,0,0,0,0,0.09495170610466108,0,0,0,0.021201545880177516,0,0,0,0,0
U4965,1,2,0,0,0,0,0,0,0,0,0,0,0,0,0,0,0.021135148639960473,0.021135148639960473,0,0,0,0,0,0,0,0,0,0,0,0,0,0,0,0,0,0,0,0,0,0.021135148639960473,0,0,0,0,0,0,0,0,0,0,0,0,0,0.021135148639960473,0,0,0.021135148639960473,0,0,0,0,0,0,0,0,0,0,0,0.021135148639960473,0,0,0,0,0,0,0,0,0,0,0,1.4785464264756805,0,0,0,0,0,0,0,0,0.03661260517527532,0,0.021135148639960473,0,0,0.03661260380840423,0,0,0,0.0298918382753904,0,0.03661260380840423,0,0,0,0.021135148639960473,0,0,0,0,0
U4980,1,2,0,0,0,0,0,0,0,0,0,0,0,0.027717249390535,0,0,0.027717249390535,0,0,0,0,0,0,0,0,0,0.06200944865465911,0,0,0,0,0,0,0,0,0,0,0,0,0,0,0,0,0,0,0,0,0,0,0,0,0,0,0,0,0,0,0,0,0,0,0,0,0,0,0,0,0,0,0,0,0,0,0,0,0,0,0,0,0,1.456279683196662,0,0,0,0,0,0,0,0.027717249390535,0.06793667083349059,0,0,0,0.027717249390535,0.027717249390535,0,0,0,0,0,0,0,0,0,0.027717249390535,0,0,0,0,0
U5132,1,2,0,0,0,0,0,0,0,0,0,0,0,0,0,0,0.05474490676282161,0,0,0,0,0,0.05474490676282161,0,0,0,0,0,0,0,0,0,0,0,0,0,0,0,0,0,0,0,0,0,0.05474490676282161,0,0,0,0,0,0,0,0,0,0,0.05474490676282161,0,0,0,0,0,0,0,0,0,0,0,0,0,0,0,0,0,0,0,0,0,0,0,0,1.448136785732577,0,0,0,0,0,0,0,0,0,0,0,0,0,0,0,0,0,0,0,0,0,0,0,0.05474490676282161,0,0,0,0,0
U5133,1,2,0,0,0,0,0,0,0,0,0,0,0,0,0,0,0,0,0,0,0,0,0,0,0,0,0,0,0,0,0,0,0,0,0,0,0,0,0,0.17496904565685,0,0,0.17496904565685,0,0,0,0,0,0,0,0,0,0,0,0,0,0,0,0,0,0,0,0,0,0,0,0,0,0,0,0,0,0,0,0,0,0,0,0,0,1.2645189576410385,0,0,0,0,0,0,0,0,0,0,0,0,0,0,0,0,0,0.17496904565685,0,0,0,0,0,0,0,0,0,0,0
U5134,1,2,0,0,0,0,0,0,0,0,0,0,0,0,0,0,0,0,0,0,0,0,0,0,0,0,0,0,0,0,0,0,0,0,0.05748014553168631,0,0,0,0,0,0,0,0,0,0,0,0,0,0,0,0,0,0,0,0,0,0,0,0,0,0,0,0,0,0,0,0,0,0,0,0,0,0,0,0,0,0,0,0,0,1.513316181263211,0,0,0,0,0,0,0,0,0,0,0,0,0,0,0,0,0,0,0,0,0,0,0,0,0,0,0,0,0
U5135,1,2,0,0,0,0,0,0,0,0,0,0,0,0,0,0,0,0,0,0,0,0,0,0,0,0,0,0,0,0,0,0,0,0,0.05222330935344853,0,0,0,0,0,0,0,0.05222330935344853,0,0,0,0,0,0,0,0,0,0,0,0,0,0,0,0,0,0,0,0,0,0,0,0,0,0,0,0,0,0,0,0,0,0,0,0,0,1.4802603778446382,0,0,0,0,0,0,0,0,0,0,0,0,0,0,0,0,0,0.05222330935344853,0,0,0,0,0,0,0,0,0,0,0
U5136,1,2,0,0,0,0,0,0,0.05059375578148127,0,0,0,0,0,0,0,0,0,0,0,0,0,0,0,0.18336640186718467,0.12419504912529164,0,0,0,0,0,0.6494585026276186,0,0,0.05059375578148127,0,0.406047499530842,0,0,0,0,0,0.07158096640211362,0.05059375776138668,0,0,0,0,0,0,0,0,0,0,0,0.05059375578148127,0,0,0,0,0,0,0,0,0,0,0,0,0,0,0,0,0,0,0,0,0,0,0,0,0.6992954865988503,0,0,0,0,0,0,0,0,0,0,0,0,0,0,0,0,0,0,0,0,0,0,0,0,0,0,0,0,0
U5137,1,2,0,0,0,0,0,0,0,0,0,0,0,0,0,0,0.04763706266492529,0,0,0,0,0,0,0,0,0,0,0,0,0,0,0,0,0,0,0,0,0,0,0,0,0,0.04763706266492529,0,0,0,0,0,0,0,0,0,0,0,0,0,0,0,0,0,0,0,0,0,0,0,0,0,0,0,0,0,0,0,0,0,0,0,0,0,1.4882239162478508,0,0,0,0,0,0,0,0,0,0,0,0,0,0,0,0,0,0.04763706266492529,0,0,0,0,0,0,0,0,0,0,0
U5138,1,2,0,0,0,0,0,0,0,0,0,0,0,0,0,0,0,0,0,0,0,0,0,0,0,0,0,0,0,0,0,0,0,0,0.23794112492722252,0,0,0,0,0,0,0,0,0,0,0,0,0,0,0,0,0,0,0,0,0,0,0,0,0,0,0,0,0,0,0,0,0,0,0,0,0,0,0,0,0,0,0,0,0,1.332855201867674,0,0,0,0,0,0,0,0,0,0,0,0,0,0,0,0,0,0,0,0,0,0,0,0,0,0,0,0,0
U5139,1,2,0,0,0,0,0,0,0,0,0,0,0,0,0,0,0.047263153731539345,0,0,0.047263153731539345,0,0,0.047263153731539345,0,0,0,0,0,0,0,0,0,0,0,0.047263153731539345,0,0,0,0,0,0,0,0,0,0,0,0,0,0,0,0,0,0,0,0,0.047263153731539345,0,0,0,0,0,0,0,0,0,0,0,0,0,0,0,0,0,0,0,0,0,0,0,0,1.4649545403970636,0,0,0,0,0,0,0,0,0,0,0,0,0,0,0,0,0,0,0,0,0,0,0,0,0,0,0,0,0
U5140,1,2,0,0,0,0,0,0,0,0,0,0,0,0,0,0,0.050658633446258095,0,0,0,0,0,0.3425474725493324,0,0,0.24529898363897462,0.1836040101860709,0,0,0,0,0,0,0,0,0,0,0,0,0,0,0,0,0,0,0,0,0,0,0,0,0,0,0,0,0,0,0,0,0,0,0,0,0,0,0,0,0,0,0,0,0,0,0,0,0,0,0,0,0,1.0881831385647616,0,0,0,0,0,0,0.08781863632902323,0,0,0,0,0,0,0,0,0,0,0,0,0,0,0,0,0,0,0,0,0,0
U5141,1,2,0,0,0,0,0,0,0,0,0,0,0,0,0,0,0.2928427716682732,0,0.2928427716682732,0,0,0,0,0,0,0,0,0,0,0,0,0,0,0,0,0,0,0,0,0,0,0,0.2928427716682732,0,0.8691222029734869,0,0,0,0,0,0,0,0,0,0,0,0,0,0,0,0,0,0,0,0,0,0,0,0.2928427716682732,0,0,0,0,0,0,0,0,0,0,0,0.2928427716682732,0,0,0,0,0,0,0,0,0,0,0,0,0,0,0,0,0,0,0,0,0,0,0,0,0,0,0,0,0
U5142,1,2,0,0,0,0.042120048595442265,0,0,0.042120048595442265,0,0,0,0,0.042120048595442265,0,0.042120048595442265,0.042120048595442265,0,0.042120048595442265,0,0,0,0,0,0,0,0,0,0,0,0,0,0,0,0,0,0.37587384411656205,0,0,0,0,0,0.042120048595442265,0,0,0,0,0,0,0,0,0,0,0,0,0,0,0,0,0,0,0.042120048595442265,0,0,0,0,0,0,0,0,0,0,0,0,0,0,0,0,0,0,1.1671725372211383,0,0,0.042120048595442265,0,0,0,0,0,0,0,0.042120048595442265,0,0,0,0,0,0,0.042120048595442265,0,0,0,0,0,0,0,0,0,0,0
U5143,1,2,0,0,0,0,0,0,0.05386423274736304,0,0,0,0,0.038078551373864775,0,0,0.038078551373864775,0.038078551373864775,0.7868474408268271,0,0,0,0,0,0.20647363994236184,0.33829678392036194,0.076212454969122,0,0,0,0,0,0,0,0,0,0,0,0,0,0,0.10089311600483498,0.038078551373864775,0,0.12067855303399545,0,0,0,0,0,0,0,0,0,0.038078551373864775,0,0,0.038078546116483196,0,0,0,0,0,0,0,0,0,0,0,0,0,0,0,0,0,0,0,0,0,0,0.45636115575402086,0,0,0.038078551373864775,0,0.038078551373864775,0,0,0,0,0,0.038078551373864775,0.038078551373864775,0,0,0,0.06598592236002651,0,0,0,0,0,0,0,0.3217505543966422,0,0,0,0,0
U5144,1,2,0,0,0,0,0,0,0,0,0,0,0,0,0,0,0.08538399652078442,0,0,0.060338875376807405,0,0,0,0,0,0,0,0,0,0,0,0,0,0,0,0,0,0,0,0,0,0,0,0,0,0,0,0,0,0,0,0,0,0,0,0,0,0,0,0,0,0,0,0,0,0,0,0,0,0,0,0,0,0,0,0,0,0,0,0,1.4661588920183601,0,0,0,0,0,0,0,0,0,0,0,0,0,0,0,0,0,0,0,0,0,0,0,0,0,0,0,0,0
U5145,1,2,0,0,0,0,0,0,0,0,0,0,0,0,0,0,0,0,0.035790453426752585,0,0,0,0.20703243191709972,0,0,0.20057238517944587,0.1189585335239175,0,0,0,0,0,0,0,0,0,0,0.035790457621395266,0,0,0,0,0.035790453426752585,0,0.035790453426752585,0,0,0,0,0,0,0,0.05062616341947878,0,0,0,0,0,0,0,0,0.11339806827158468,0,0,0,0,0,0,0,0,0,0,0,0,0,0,0,0,0,0,1.21454038217294,0,0,0.035790453426752585,0,0,0,0,0,0,0,0.035790453426752585,0,0,0,0.035790453426752585,0,0,0,0,0,0,0,0,0.035790453426752585,0,0,0,0,0
U5147,1,2,0,0,0,0,0,0,0,0,0,0,0,0.04785475020693735,0,0,0.04785475020693735,0,0,0,0,0,0,0,0,0,0,0,0,0,0,0,0,0,0,0,0,0,0,0.04785475020693735,0,0,0,0,0,0,0,0,0,0,0,0,0.04785475020693735,0,0,0,0,0,0,0,0,0,0,0,0,0,0,0,0,0,0,0,0,0,0,0,0,0,0,0,1.4533515365235086,0,0,0,0,0,0,0,0,0,0,0.04785475020693735,0,0,0,0,0,0,0,0,0,0,0,0,0.04785475020693735,0,0,0,0,0
U5148,1,2,0,0,0,0,0,0,0,0,0,0,0,0,0,0,0,0,0.1253278311680654,0,0,0,0.5053605102841573,0,0.3370652533336576,0.6099444916019077,0,0,0,0,0,0,0,0,0,0,0,0.4675425206967972,0,0,0,0,0,0,0.1253278311680654,0,0,0,0,0,0,0,0.1253278311680654,0,0,0,0,0,0,0,0,0,0,0,0,0,0,0.1253278311680654,0.1253278311680654,0,0,0,0,0,0,0,0,0,0,0,0.1253278311680654,0,0,0.1253278311680654,0,0,0,0,0,0,0,0,0,0,0,0.1253278311680654,0,0,0,0,0,0,0,0,0,0,0,0,0,0
U5149,1,2,0,0,0,0,0,0,0.027770636176754366,0,0,0,0,0,0,0,0.03927866165052922,0.027770636176754366,0.027770636176754366,0,0,0,0.062129011856148546,0,0,0.08792040207658558,0,0,0,0,0.027770636176754366,1.0324093594204462,0,0,0,0,0,0,0,0,0,0.062129011856148546,0.027770636176754366,0,0,0,0,0,0,0,0,0,0,0,0,0,0,0,0,0,0,0,0,0,0,0,0,0,0,0,0,0,0,0,0,0,0,0,0,0,0.5126223366243972,0,0,0,0,0,0,0,0,0,0,0.027770636176754366,0,0,0,0,0,0,0,0,0,0,0,0,0.027770636176754366,0,0,0,0,0
U5150,1,2,0,0,0,0,0,0,0,0,0,0,0,0.04644052581634448,0.046440521503562524,0,0.04644052581634448,0,0,0,0,0,0,0,0,0,0,0,0,0,0,0,0,0,0,0,0,0,0,0,0,0,0.04644052581634448,0,0,0,0,0,0,0,0,0,0.0657004726048899,0,0.04644052581634448,0,0,0,0,0,0,0,0,0,0,0,0,0,0,0,0,0,0,0,0,0,0,0,0,0,1.439109618776216,0,0,0,0,0,0,0,0,0,0,0.04644052581634448,0,0,0,0,0,0,0,0,0,0,0,0,0,0,0,0,0,0
U5171,2,2,0,0,0,0,0,0.06734586304964585,0,0,0,0,0,0,0,0,0,0,0,0,0,0,0.2545342693373555,0,0,0.47294925073083277,0.30497306222972204,0,0,0,0,0.9074379284714333,0,0.0286986094857837,0,0,0,0,0,0,0,0,0,0,0,0.07599208074099806,0,0,0,0,0,0,0,0,0.020291589617457355,0,0,0,0,0,0,0.0574208895683271,0.020291589617457355,0,0,0,0,0,0,0,0,0.04059153782821706,0,0,0.020291589617457355,0,0,0,0,0,0,0,0,0,0,0,0,0,0,0,0,0,0,0,0,0.020291589617457355,0,0,0,0,0.020291589617457355,0,0,0,0,0,0,0,0,0
U5172,2,2,0,0,0,0,0,0.021776899710937433,0,0,0,0,0,0,0,0,0,0,0,0,0,0,0,0,0,0,0.07550314512852231,0,0,0,0,1.3785376940034146,0,0,0,0,0,0,0,0,0,0,0,0,0,0,0,0,0,0.03772466024418071,0,0,0,0,0,0,0,0,0,0,0,0,0,0,0,0,0,0,0,0,0,0.05336339770802685,0,0,0.021776899710937433,0,0,0,0,0,0.10687951835183906,0,0,0.021776899710937433,0,0,0,0,0,0.07550314246953206,0,0,0,0,0,0.08990241458562484,0,0,0,0,0,0,0,0,0,0,0,0,0,0
U5173,2,2,0,0,0,0,0,0.03721185340330271,0,0,0,0,0,0,0,0,0,0,0,0,0,0,0.052637668314178356,0,0,0.1671553924276205,0.12923533864077447,0,0,0,0,1.2854458395011474,0,0,0,0,0,0,0,0,0,0,0,0,0,0,0,0,0,0,0,0,0,0,0,0,0,0,0,0,0,0.08932905478091575,0.018602707262604958,0,0,0,0,0,0,0,0,0,0,0.018602707262604958,0,0,0,0.14090503704413543,0,0,0,0,0,0,0,0,0,0,0,0,0,0,0,0,0,0.04923518483921707,0,0,0,0,0,0,0,0,0,0,0,0,0,0
U5174,2,2,0.016760823528047083,0,0,0,0,0.033526356417645245,0,0,0,0,0,0,0,0,0,0,0,0.05030132393874949,0,0,0.09037855651160318,0,0,0.09192792948526327,0.12115452884305197,0,0,0,0,1.3433572859440621,0,0,0,0,0,0,0,0,0,0,0.016760823528047083,0,0,0,0,0.09495170610466108,0,0,0,0,0,0,0,0,0,0,0,0,0,0.03748536284765686,0,0,0,0,0,0,0,0,0,0.02903331567295058,0,0,0,0,0,0,0,0,0,0,0,0,0,0,0,0,0,0,0,0,0,0,0,0.06495701846501291,0,0,0,0,0,0,0,0,0,0,0,0,0,0
U5175,2,2,0,0,0,0,0,0,0,0,0,0,0,0,0,0,0,0,0,0,0,0,0.038069352476440874,0,0,0,0,0,0,0,0,1.472366564570532,0,0,0,0,0,0,0,0,0,0,0.021975810280033755,0,0,0,0,0,0,0,0,0,0,0,0,0,0,0,0,0,0,0.07294432288760061,0,0,0,0,0,0,0,0,0,0,0,0,0,0,0,0,0,0,0,0,0,0,0,0,0,0,0,0,0,0,0,0,0,0,0,0,0,0,0,0,0,0,0,0.049155244297136844,0,0,0,0
U5176,2,2,0,0,0,0,0,0,0,0,0,0,0,0,0,0,0,0,0,0.01614023297645449,0,0,0.039543923749143006,0,0,0.12107277636123506,0.03609692961851447,0,0,0,0,1.4232231478455828,0,0,0,0,0,0,0,0,0,0,0.01614023297645449,0,0,0,0,0,0,0,0,0,0,0,0,0,0,0,0,0,0,0.022826727639145367,0.01614023297645449,0,0,0,0,0,0,0,0,0,0,0,0,0,0,0,0,0,0,0,0,0,0,0,0,0,0,0,0,0,0,0,0,0.04566536021960488,0,0,0,0,0,0,0,0,0,0.02795813193695485,0,0,0,0
U5177,2,2,0,0,0,0,0,0,0,0,0,0,0,0,0,0,0,0,0,0,0,0,0.036060924473703494,0,0.06248647226377223,0.06248647226377223,0,0,0,0,0,1.443841190863837,0,0,0,0,0,0,0,0,0,0,0,0,0,0,0,0,0,0,0,0,0,0,0,0,0,0,0.020816776656804398,0,0,0,0,0,0,0,0,0,0,0,0,0.07216884924404159,0,0,0,0,0,0,0,0,0,0,0,0,0,0,0,0,0,0,0,0,0,0,0,0.0294414931575814,0,0,0,0,0,0,0,0,0,0.020816776656804398,0,0,0,0
U5178,2,2,0,0,0,0,0,0,0,0,0,0,0,0,0,0,0,0,0,0.023010302931292914,0,0,0.046032801610427575,0,0,0,0,0,0,0,0,1.4703367093199387,0,0,0,0,0,0,0,0,0,0,0,0,0,0,0,0,0,0,0,0,0,0,0.03254435541786957,0,0,0,0,0,0,0,0,0,0,0,0,0,0,0,0,0,0,0,0,0,0,0,0.03254435541786957,0,0,0,0,0,0,0,0,0,0,0,0,0,0,0,0,0.05147078557544081,0,0,0,0.05147078460229814,0,0,0,0,0,0,0,0,0,0
U5189,2,2,0,0,0,0,0,0,0,0,0,0,0,0,0,0,0,0,0,0,0,0,0,0,0,0.9496254728056351,0.3908780457919975,0,0,0,0,0,0,0,0,0,0.4555333606525954,0,0,0,0,0,0,0,0,0,0,0,0,0,0,0,0,0,0,0,0,0,0,0,0,0,0,0,0,0,0,0,0,0,0,0,0,0,0,0,0,0,0,0,0,0,0,0,0,0,0,0,0,0,0,0,0,0,0,0,0,0,0,0,0,0,0,0,0,0,0,0,0,0
U5190,2,2,0,0,0,0,0,0.0436574449860196,0,0,0,0,0,0,0,0,0,0,0,0,0,0,0,0,0,0.4141084608159058,0,0,0,0,0,0,0,0,0,0,1.1541085276905163,0,0,0,0,0,0,0,0,0,0,0,0,0,0,0,0,0,0,0,0,0,0,0,0,0,0,0,0,0,0,0,0,0,0,0,0,0,0,0,0,0,0,0,0,0,0,0,0,0,0,0,0,0,0,0,0,0,0,0,0,0,0,0,0,0,0,0,0,0,0,0,0,0
U5191,2,2,0,0,0,0,0,0,0,0,0,0,0,0,0,0,0,0,0,0,0,0,0,0,0,0.6006685979709591,0.31709192037451583,0,0,0,0,0,0,0,0,0,0.8062375262725067,0,0,0,0,0,0,0,0,0,0,0.25268025514207865,0,0,0,0,0,0,0,0,0,0,0,0,0,0,0,0,0,0,0,0,0,0,0,0,0,0,0,0,0,0,0,0,0,0,0,0,0,0,0,0,0,0,0,0,0,0,0,0,0,0,0,0,0,0,0,0,0,0,0,0,0,0
U5192,2,2,0,0,0,0,0,0.06459463314983126,0,0,0,0,0,0,0,0,0,0,0,0,0,0,0,0,0,0.28521702738154037,0.15878021464576067,0,0,0,0,0,0,0,0,0,1.228755710897232,0,0,0,0,0,0,0,0,0,0,0,0,0,0,0,0,0,0,0,0,0,0,0,0,0,0,0,0,0,0,0,0,0,0,0,0,0,0,0,0,0,0,0,0.06459463314983126,0,0,0,0,0,0,0,0,0,0,0,0,0,0,0,0,0,0,0,0,0,0,0,0,0,0,0,0,0
U5193,2,2,0,0,0,0,0,0,0,0,0,0,0,0,0,0,0,0,0,0,0,0,0,0,0,0.2959473437350868,0,0,0,0,0,0,0,0,0,0,1.2748489848521352,0,0,0,0,0,0,0,0,0,0,0,0,0,0,0,0,0,0,0,0,0,0,0,0,0,0,0,0,0,0,0,0,0,0,0,0,0,0,0,0,0,0,0,0,0,0,0,0,0,0,0,0,0,0,0,0,0,0,0,0,0,0,0,0,0,0,0,0,0,0,0,0,0
U5194,2,2,0,0,0.01615496837671395,0,0,0,0,0,0,0,0,0,0,0,0,0,0,0,0,0,0.06048059696404494,0,0,0,0.04275319508207986,0,0,0,0,1.4285641215688412,0,0,0,0,0,0,0,0,0,0,0,0,0,0,0.05827801963770746,0,0,0,0,0,0,0,0,0,0,0,0,0,0,0,0,0,0,0,0,0,0,0,0,0,0.032314151755537715,0,0,0,0,0,0,0,0,0,0,0,0,0,0,0,0,0,0,0,0,0,0,0.07047313512904226,0,0,0,0,0.022847571549054667,0,0,0,0,0.06665509429130013,0,0,0,0
U5195,2,2,0,0,0.015421768832497771,0,0,0,0,0,0,0,0,0,0,0,0,0,0,0,0,0,0.0462799948134305,0,0.1059200787470886,0.07871404467445253,0,0,0,0,0.015421768832497771,1.4068608165778966,0,0,0,0,0,0,0,0,0,0,0,0,0,0,0.06902030426792183,0,0,0,0,0,0,0,0,0,0,0,0,0,0,0,0.021810541609325097,0,0,0,0,0,0,0,0,0,0,0,0,0,0,0,0,0,0,0,0,0,0,0,0,0,0,0,0,0,0,0,0,0.03778295875469852,0,0,0,0,0,0,0,0,0,0,0,0,0,0
U5196,2,2,0,0,0.01941595139870541,0,0,0,0,0,0,0,0,0,0,0,0,0.01941595139870541,0,0,0,0,0,0,0,0,0,0,0,0,0,1.5371626161244913,0,0,0,0,0,0,0,0,0,0,0,0,0,0,0,0,0,0,0,0,0,0,0,0,0,0,0,0,0,0,0,0,0,0,0,0,0,0,0,0,0,0,0,0,0,0,0,0,0,0,0,0,0,0,0,0,0,0,0,0,0,0,0,0,0,0,0,0,0.01941595139870541,0,0,0,0,0,0,0,0,0
U5197,2,2,0.024688222362134537,0,0.024688222362134537,0,0,0,0,0,0,0,0,0,0,0,0,0,0,0,0,0,0,0,0,0.11336683395451852,0,0,0,0,0,1.3330769968097997,0,0,0,0,0,0,0,0,0,0,0,0,0,0,0.1378807059443837,0.1486612587536119,0,0,0,0,0,0,0,0,0,0,0,0,0,0,0,0,0,0,0,0,0,0,0,0,0,0,0,0,0,0,0,0,0,0,0,0,0,0,0,0,0.024688222362134537,0,0,0,0,0,0,0,0,0,0,0,0,0,0,0,0,0,0,0,0,0
U5198,2,2,0,0,0,0,0,0,0,0,0,0,0,0,0,0,0,0,0,0,0,0,0.04079085489250888,0.05267051371577121,0,0.08164978102519356,0.08164977917988855,0,0,0,0,1.3873983072556653,0,0,0,0,0,0,0,0,0,0,0,0,0,0.05267051371577121,0,0,0,0,0,0,0,0,0.023546255651654857,0,0,0,0,0,0,0,0,0,0,0,0,0,0,0,0,0,0,0,0,0,0,0.10548783780910861,0,0,0.033302514051934066,0,0,0,0,0,0,0,0,0,0,0,0,0,0,0,0,0,0,0,0,0,0,0,0,0,0,0,0,0
U5199,2,2,0,0,0.02299204960106928,0,0,0.18787513302978764,0,0,0,0,0,0,0,0,0,0,0,0,0,0,0.04599626593506468,0,0.0650715227092605,0.199080085340316,0,0,0,0,0.03983042150108901,1.2599522321295626,0,0,0,0,0,0,0,0,0,0,0,0,0,0,0,0,0,0,0,0,0,0,0,0,0,0,0,0,0,0,0,0,0,0,0,0,0,0,0,0,0,0,0,0,0,0,0,0,0,0,0.0608634606129933,0,0,0,0,0.02299204960106928,0,0,0,0,0,0,0.02299204960106928,0.07632336418433319,0,0,0,0,0.02299204960106928,0,0,0,0,0,0,0,0,0
U5200,2,2,0,0,0,0,0,0,0,0,0,0,0,0,0,0,0,0,0,0,0,0,0,0,0,0.12063463852660161,0.0851978603056183,0,0,0,0,1.3662110344490122,0,0,0,0,0,0,0,0,0,0,0,0,0,0,0,0,0,0,0,0,0.03806475482534004,0,0.1144161656294492,0,0,0,0,0,0,0,0,0,0,0,0,0,0,0,0,0,0,0,0,0,0,0,0,0,0,0,0,0,0,0,0,0,0,0,0,0,0,0,0,0,0,0,0,0,0.07125572356573402,0,0,0,0,0,0,0,0,0
U5201,2,2,0.025814153160596046,0,0,0,0,0,0,0,0,0,0,0,0,0,0,0,0,0,0,0,0,0,0,0,0,0,0,0,0,1.4007216687043809,0,0,0,0,0,0,0,0,0,0,0,0,0,0,0.11855973380545011,0,0,0,0,0,0.05164552917065088,0,0.08953248810996059,0,0,0,0,0,0,0,0,0,0,0,0,0,0,0,0,0,0,0,0,0,0,0,0,0,0.025814153160596046,0,0,0,0,0,0,0,0.025814153160596046,0,0,0.025814153160596046,0,0,0,0.03651078229980911,0,0,0,0,0,0,0,0,0,0,0,0,0,0
U5202,2,2,0,0,0.028254150198262436,0,0,0,0,0,0,0,0,0,0,0,0,0,0,0.07481327854160855,0,0,0.06925438938116742,0,0,0.37017815821107775,0.09801910732478913,0,0,0.07481327719994682,0.028254150198262436,1.1363355369721937,0,0,0,0,0,0,0,0,0,0,0,0,0,0,0,0,0,0,0,0,0,0,0.07481327854160855,0,0,0,0,0,0,0,0,0,0,0,0,0,0,0,0,0,0,0,0,0,0,0,0,0,0,0,0,0,0,0,0,0.07481327854160855,0,0,0,0,0,0,0,0.08945483853459005,0,0,0,0,0,0,0,0,0,0,0,0,0,0
U5203,2,2,0,0,0,0,0,0,0,0,0,0,0,0,0,0,0,0,0,0,0,0,0.07465674600296358,0,0,0.11621225073686052,0.04816458877585043,0,0,0,0,1.408963639628664,0,0,0,0,0,0,0,0,0,0,0,0,0,0.052765748446253986,0.03045489150993207,0,0,0,0,0,0,0,0,0,0,0,0,0,0,0,0,0,0,0,0,0,0,0,0,0,0,0,0,0,0,0,0,0,0,0,0,0,0,0,0,0,0,0,0,0,0,0,0,0.021533196732153332,0,0,0,0,0.021533196732153332,0,0,0,0,0,0,0,0,0
U5204,2,2,0,0,0,0,0,0,0,0,0,0,0,0,0,0,0,0,0,0,0,0,0,0,0,0.07757621220967763,0,0,0,0,0,1.4885039637590856,0,0,0,0,0,0,0,0,0,0,0,0,0,0,0,0,0,0,0,0,0,0,0,0,0,0,0,0,0,0,0,0,0,0,0,0,0,0,0,0,0,0,0,0,0,0,0,0,0,0,0,0,0,0,0,0,0,0,0,0,0,0,0,0.027403261682684615,0,0,0,0,0,0,0,0,0,0,0,0,0,0
U5205,2,2,0,0,0,0,0,0,0,0,0,0,0,0,0,0,0,0,0,0,0,0,0,0,0,0.06765105835942019,0,0,0,0,0.019515523254227875,1.3898985103303838,0,0,0,0,0,0,0,0,0,0,0,0,0,0,0.08288697510870265,0.0851637052702747,0,0,0,0,0,0,0.027600870110259263,0,0,0,0,0,0,0,0,0,0,0,0,0,0,0,0,0,0,0,0,0,0,0,0,0,0.027600870110259263,0,0,0,0,0,0,0,0,0,0,0.019515523254227875,0,0,0,0.019515523254227875,0,0,0,0,0.10528202821139317,0,0,0,0,0,0,0,0,0
U5232,2,2,0,0,0,0,0,0,0,0,0,0,0,0,0,0,0,0,0,0,0,0,0,0,0,0.3706520056943516,0,0,0,0,0,0,0,0,0,0,1.2001443270242744,0,0,0,0,0,0,0,0,0,0,0,0,0,0,0,0,0,0,0,0,0,0,0,0,0,0,0,0,0,0,0,0,0,0,0,0,0,0,0,0,0,0,0,0,0,0,0,0,0,0,0,0,0,0,0,0,0,0,0,0,0,0,0,0,0,0,0,0,0,0,0,0,0
U5233,2,2,0,0,0,0,0,0.1303129289191885,0,0,0,0,0,0,0,0,0,0,0,0,0,0,0,0,0,0.604156853107308,0.043328363882118685,0,0,0,0,0,0,0,0,0,0.9427677565624669,0,0,0,0,0,0,0,0,0,0,0,0,0,0,0,0,0,0,0,0,0,0,0,0,0,0,0,0,0,0,0,0,0,0,0,0,0,0,0,0,0,0,0,0,0,0,0,0,0,0,0,0,0,0,0,0,0,0,0.061294763072802454,0,0,0,0,0,0,0,0,0,0,0,0,0,0
U5234,2,2,0,0,0,0,0,0,0,0,0,0,0,0,0,0,0,0,0,0,0,0,0,0,0,0,0,0,0,0,0,0,0,0,0,0,1.5707963267948966,0,0,0,0,0,0,0,0,0,0,0,0,0,0,0,0,0,0,0,0,0,0,0,0,0,0,0,0,0,0,0,0,0,0,0,0,0,0,0,0,0,0,0,0,0,0,0,0,0,0,0,0,0,0,0,0,0,0,0,0,0,0,0,0,0,0,0,0,0,0,0,0,0
U5235,2,2,0,0,0,0,0,0,0,0,0,0,0,0,0,0,0,0,0,0,0,0,0,0,0,1.098582640672889,0.4048917862946072,0,0,0,0,0,0,0,0,0,0.2294371071780485,0,0,0,0,0,0,0,0,0,0,0,0,0,0,0,0,0,0,0,0,0,0,0,0,0,0,0,0,0,0,0,0,0,0,0,0,0,0,0,0,0,0,0,0,0,0,0,0,0,0,0,0,0,0,0,0,0,0,0,0,0,0,0,0,0,0,0,0,0,0,0,0,0
U5236,2,2,0,0,0,0,0,0,0,0,0,0,0,0,0,0,0,0,0,0,0,0,0,0,0,0.30703671210977107,0,0,0,0,0,0,0,0,0,0,1.2637596216271418,0,0,0,0,0,0,0,0,0,0,0,0,0,0,0,0,0,0,0,0,0,0,0,0,0,0,0,0,0,0,0,0,0,0,0,0,0,0,0,0,0,0,0,0,0,0,0,0,0,0,0,0,0,0,0,0,0,0,0,0,0,0,0,0,0,0,0,0,0,0,0,0,0
U5237,1,2,0,0,0,0,0,0,0,0,0,0,0,0,0,0,0.03412618385857011,0,0,0,0,0,0.03412618385857011,0,0,0,0,0,0,0,0,0,0,0,0.03412618385857011,0,0,0,0,0,0,0,0,0,0,0,0,0,0,0,0,0,0.048271087860891904,1.025615851586252,0,0.048271087860891904,0.06829219068702116,0,0,0,0,0,0,0,0,0,0,0,0,0,0,0,0,0,0,0,0,0,0,0,0.4402362093846301,0,0,0,0,0,0,0,0,0,0,0.20617494106163287,0,0,0.1815392473873778,0,0,0,0,0,0,0,0,0,0,0,0,0,0,0
U5238,1,2,0,0,0,0,0,0,0,0,0,0,0,0,0,0,0.030335547617635697,0.030335547617635697,0,0,0,0,0,0,0,0,0,0,0,0,0,0,0,0,0,0,0,0,0,0,0,0,0,0,0,0,0,0,0,0,0,0,0.030335547617635697,1.3199033499976291,0,0,0.06069905643333374,0,0,0,0,0,0,0,0,0.030335547617635697,0,0,0,0,0,0,0,0,0,0,0,0,0,0,0.16690296754928433,0,0,0,0,0,0,0,0,0,0,0.13944510054811948,0,0,0.08589430653606506,0,0,0,0,0,0,0,0,0,0,0,0,0,0,0
U5239,1,2,0.029479847807456282,0,0,0,0,0,0,0,0,0,0,0.029479847807456282,0,0,0.029479847807456282,0,0.029479847807456282,0,0,0.029479847807456282,0,0,0,0,0,0,0,0,0,0.3413698646187858,0,0,0.029479847807456282,0,0,0,0,0.029479847807456282,0,0,0,0,0,0,0,0,0,0,0,0,0.029479847807456282,0.712595577136227,0,0.029479847807456282,0,0,0,0,0,0,0,0,0,0.029479847807456282,0,0,0,0,0,0,0,0,0,0,0,0,0,0,0.7231173384849042,0,0,0.029479847807456282,0,0,0,0,0.029479847807456282,0,0,0.0834664052657721,0,0,0.058985355302029134,0,0,0,0.04169684489564041,0,0,0,0,0,0,0,0,0,0,0
U5240,1,2,0,0,0,0,0,0,0,0,0,0,0,0,0,0,0,0,0.02818672707743599,0,0,0,0,0,0,0,0,0,0,0,0,0,0,0,0.02818672707743599,0,0,0,0,0,0,0,0,0,0,0,0,0,0,0,0,0,0.02818672707743599,1.1796455986138905,0,0,0.056395878574363865,0,0,0,0,0,0,0,0,0,0,0,0,0,0,0,0,0,0.02818672707743599,0,0,0,0,0.03986733362333784,0.20465611452357915,0,0,0,0,0,0,0,0,0,0,0.21249784699863428,0,0,0.22741922726881483,0,0,0,0.02818672707743599,0,0,0,0,0,0,0,0,0,0,0
U5241,1,2,0,0,0,0,0,0,0,0,0,0,0,0.043574472192633176,0,0,0.043574472192633176,0.043574472192633176,0,0,0,0,0,0.043574472192633176,0,0,0,0,0,0,0,0,0,0,0.043574472192633176,0,0,0,0,0,0,0,0,0,0,0,0,0,0,0,0,0,0.043574472192633176,1.1128659568536032,0,0.11550741507682756,0.043574472192633176,0,0,0,0,0,0,0,0,0,0,0,0,0,0,0,0,0,0,0,0,0,0,0,0.4002174348857248,0,0,0,0,0,0,0,0,0,0,0.08723195681600078,0,0,0.08723195681600078,0,0,0,0.043574472192633176,0,0,0,0,0,0,0,0,0,0,0
U5242,1,2,0,0,0,0,0.056224766869413544,0,0,0,0,0,0,0.03244997922834651,0,0,0,0,0,0,0,0,0,0,0,0,0,0,0,0,0,0,0,0,0.03244997922834651,0,0,0,0,0,0,0,0,0,0,0,0,0,0,0,0,0,0.04589926185432864,0.7611781664419027,0,0,0,0,0,0,0,0,0,0,0,0,0,0,0,0,0,0,0,0,0,0,0,0,0,0,0.77802947556583,0,0,0,0,0,0,0,0.03244997922834651,0,0,0.09189557869844041,0,0,0.11262826347786613,0,0,0,0.04589926185432864,0,0,0,0,0,0,0,0,0,0,0
U5243,1,2,0,0,0,0,0,0,0,0,0,0,0,0.03709645460581481,0,0,0.03709645460581481,0,0,0,0,0,0,0,0,0,0,0,0,0,0,0,0,0,0,0,0,0,0,0,0,0,0,0,0,0,0,0,0,0,0,0,0.03709645460581481,0.03709645460581481,0,0.03709645460581481,0,0,0,0,0,0,0,0,0,0,0,0,0,0,0,0,0,0,0,0,0,0,0,0,1.4657024227013615,0,0,0,0,0,0,0,0.03709645460581481,0,0,0.03709645460581481,0,0,0.03709645460581481,0,0,0,0,0,0,0,0,0,0,0,0,0,0,0
U5244,1,2,0,0.03525266974983997,0,0,0,0,0,0,0,0,0,0.03525266974983997,0,0,0.03525266974983997,0,0,0,0,0,0,0.03525266974983997,0,0,0,0,0,0,0,0,0,0,0,0,0,0,0,0,0,0,0,0,0,0,0,0,0,0,0,0,0,0.3750086924071419,0,0.03525266974983997,0,0,0,0,0,0,0,0,0,0,0,0,0,0,0,0,0,0,0,0,0,0,0,0,1.179662395564013,0,0,0,0,0,0,0,0,0,0.03525266974983997,0.03525266974983997,0,0,0.03525266974983997,0.03525266974983997,0,0,0,0,0,0,0,0,0,0,0,0,0,0
U5272,1,2,0,0.060120387373221944,0,0,0,0,0,0,0,0,0,0,0,0,0.060120387373221944,0,0,0,0,0,0.08507444389376739,0,0,0,0,0,0,0,0,0.8088724860340993,0,0,0,0,0,0,0,0,0,0,0,0,0,0,0,0,0,0,0,0,0.060120387373221944,0.5225559985128481,0,0.060120387373221944,0,0,0,0,0,0,0,0,0,0,0,0,0,0,0,0,0,0,0,0,0,0,0,0,0.44348158656035247,0,0,0,0,0,0,0,0,0,0,0.13475981113842353,0,0,0.060120387373221944,0,0,0,0,0,0,0,0,0,0,0,0,0,0,0
U5273,1,2,0,0,0,0,0,0,0,0,0,0,0,0.030183164528505932,0,0,0.030183164528505932,0,0,0,0,0.030183164528505932,0,0.030183164528505932,0,0,0,0,0,0,0,0,0,0,0.030183164528505932,0,0,0,0,0,0,0,0,0,0,0,0,0,0,0,0,0,0.030183164528505932,1.2610797212489275,0,0.030183164528505932,0,0,0,0,0,0,0,0,0,0,0,0,0,0,0,0,0,0,0,0,0,0,0,0.030183164528505932,0.273315599903306,0,0,0,0,0,0,0,0.030183164528505932,0,0,0.08546191389112162,0,0,0.06039387055419925,0,0,0,0.030183164528505932,0,0,0,0,0,0,0,0,0,0,0
U5297,2,1,0,0,0,0,0,0.08201510662246576,0,0,0,0,0,0,0,0,0,0,0,0.11611765516646025,0,0,0.5745022070491279,0,0,0.7618995810016969,0.2719425939909269,0,0,0,0,0,0,0,0,0,0,0,0,0.0409730586696723,0,0,0,0,0,0.23008934469960432,0,0,0,0,0,0,0,0,0.0409730586696723,0,0,0,0,0,0,0,0,0,0,0,0,0,0,0,0,0.15387071894970752,0,0,0,0,0,0,0,0,0.14237565576050853,0,0,0,0,0,0,0,0,0,0,0,0,0,0,0.11611765516646025,0,0,0,0,0,0,0.09172146663213307,0,0,0.12319618240096697,0,0,0,0
U5298,2,1,0,0,0,0,0,0.18884983321798016,0,0,0,0,0,0,0,0,0,0,0,0,0,0,0.22194990975925352,0,0,0.7257856698039699,0.40959077625150825,0,0,0,0,0,0,0,0,0,0,0,0,0,0,0,0,0,0,0,0,0,0,0,0,0,0,0,0,0,0,0,0.09400303387593065,0,0,0,0,0,0,0,0,0,0,0.0664211569448446,0,0,0,0,0,0,0,0,0,0,0.3720610434212579,0,0,0,0,0,0,0,0,0,0,0,0,0,0,0.22194990975925352,0,0,0,0,0,0,0,0,0,0.2935062301839409,0,0,0,0.20045678881027235
U5299,2,1,0,0,0,0,0,0.08768349513942411,0,0,0,0,0,0,0,0,0,0,0,0.5393964464827723,0,0,0.48367428844618315,0,0,0.5786352296942273,0.18894141846055737,0,0,0,0.03917304001294511,0,0.03917304001294511,0,0,0,0,0,0,0.03917304001294511,0,0,0,0,0,0.3263239573430384,0,0,0,0,0,0,0,0,0.03917304001294511,0,0,0,0.05541323243477339,0,0,0.13608432381355076,0,0,0,0,0,0,0,0,0,0,0.03917303617986067,0.07840635473088946,0,0,0,0,0,0,0.13608432381355076,0,0,0,0,0,0,0,0,0.11099753968158445,0,0,0,0,0,0.09607716563148179,0,0,0,0,0,0,0,0,0,0,0,0,0,0
U5300,2,1,0,0,0,0,0,0.04183649167636142,0,0,0,0,0,0,0,0,0,0,0,0,0,0,0.40880615220548705,0,0,0.9172414167221378,0.2991990405569613,0,0.04183649047983682,0,0,0,0,0,0,0,0,0,0,0,0,0,0,0,0,0.2135098856006987,0,0,0,0,0,0,0,0,0.034156030332133415,0,0,0,0,0,0,0.0967398789839001,0,0,0,0,0,0.024149612144478364,0,0.07250530068181815,0,0,0,0,0,0,0,0,0,0,0,0,0,0,0,0,0,0,0,0,0,0,0,0,0,0.04183649167636142,0.04183649167636142,0,0,0,0,0,0,0,0,0.24012390028989847,0,0,0,0
U5301,2,1,0,0,0,0,0,0.4722727982352913,0,0,0,0,0,0,0,0,0,0,0,0.24688160021106206,0,0,0.5841770239025253,0,0,0.596192614786185,0.25553442373807633,0,0,0.06459463547847763,0,0,0,0,0,0,0,0,0,0.03727643197585518,0,0,0,0,0,0.15427026762725438,0,0,0,0,0,0,0,0,0,0,0,0,0.03727643197585518,0,0,0,0.06459463314983126,0,0,0,0,0,0,0,0,0.0527290587220619,0,0,0.03727643197585518,0,0,0,0,0,0,0,0,0,0,0,0,0,0,0,0,0,0,0,0,0,0,0,0,0,0,0,0,0,0,0,0,0,0,0.10560544012658925
U5302,1,1,0,0,0,0,0,0,0.25108181428433685,0,0,0,0,0,0,0,0.3590277961370295,0.25108181428433685,0,0,0.07864847612971838,0,0,0,0,0,0,0,0,0,0,0,0,0,0,0,0,0,0,0,0,0,0,0,0.7172864681779282,0,0,0,0,0,0,0,0,0,0,0,0,0.07864847932156545,0,0,0,0,0,0,0,0,0,0,0.25108181428433685,0,0,0,0,0,0,0,0,0,0,0,0.4448599693570163,0,0,0,0,0,0,0.25108181428433685,0,0,0,0,0,0,0,0,0,0,0,0,0,0,0,0,0,0,0,0,0,0
U5303,1,1,0,0,0,0,0,0,0.05295035164641924,0,0,0,0,0.05295035164641924,0,0,0.19200355004874298,0.05295035164641924,0.13000665831935124,0.24497866310186414,0.05295035164641924,0,0.30405585886367337,0,0,0.21998797828988664,0,0,0,0,0.14048970161917007,0,0,0,0.05295035164641924,0,0,0,0,0,0,0,0.1186232720875884,0,0.6709561704287966,0,0,0,0,0,0,0,0,0.05295035164641924,0,0,0,0,0,0,0,0,0,0,0,0.09179872655175422,0,0,0.10604989620331465,0,0,0,0,0,0,0,0,0,0,0,0.5577235908754281,0,0,0.05295035164641924,0,0,0,0,0,0,0,0.05295035164641924,0,0,0,0,0,0.05295035164641924,0.05295035164641924,0,0,0,0,0,0,0,0.05295035164641924,0,0,0
U5304,1,1,0,0,0.041787760024313836,0,0,0,0.041787760024313836,0,0,0,0.21881433394259747,0.08364871439219128,0,0,0.1625105653266523,0.1569535970210465,0.1025083333272575,0.041787760024313836,0.041787760024313836,0,0.4355541421723488,0,0.26738688951081574,0,0.1025083333272575,0,0,0,0.1025083333272575,0,0,0,0.041787760024313836,0,0,0,0,0,0,0.16789000730873926,0.041787760024313836,0,0.20611409894253693,0,0,0,0,0.08364871559326176,0,0,0,0,0.07242074893685492,0,0,0,0,0,0,0,0,0,0,0.09354946997437212,0,0,0.041787760024313836,0,0,0,0,0.05911404185131556,0,0,0,0,0,0,0.7635762276654132,0,0,0.041787760024313836,0,0,0,0,0.041787760024313836,0,0,0,0,0,0.041787760024313836,0.041787760024313836,0,0,0,0,0,0.041787760024313836,0.1452248533321286,0,0.041787760024313836,0,0,0,0,0
U5305,1,1,0,0,0,0,0,0,0,0,0,0,0,0,0,0,0.10277868945655523,0.10277868945655523,0.10277868945655523,0,0,0,0,0,0.2066636272984387,0,0,0,0,0,0,0,0,0,0,0,0,0,0,0,0,0,0,0,0.10277868945655523,0,0,0,0,0,0,0,0,0,0,0,0,0,0,0,0,0,0,0,0,0.10277868945655523,0,0,0,0,0,0,0,0,0,0,0,0,0,0.6954399405626579,0.6954399405626579,0,0,0,0,0.2944258977903974,0,0,0,0,0,0,0,0,0,0,0,0,0,0,0,0,0,0,0,0,0,0,0,0
U5306,1,1,0,0,0,0,0,0,0.06598592236002651,0,0,0,0,0.06598592236002651,0.06598592160008511,0,0.2753352076346677,0.1991274947639711,0.18759940811350684,0.06598592236002651,0,0,0.21005573914585912,0,0.17535294019523556,0,0,0,0,0,0.14798146062952677,0,0,0,0.06598592236002651,0,0,0,0,0,0,0,0.09338615817312793,0,0.8114969697108104,0,0,0,0,0,0,0,0,0,0,0,0,0,0,0,0,0,0,0,0,0,0,0,0.06598592236002651,0,0,0,0,0,0,0,0,0,0,0,0.4244097547485452,0,0,0.11445779538380405,0,0,0,0,0,0,0,0.06598592236002651,0,0,0,0,0,0,0.06598592236002651,0,0,0,0,0,0.06598592236002651,0,0,0,0,0
U5307,1,1,0,0,0,0,0,0,0.061008915643315204,0,0,0,0,0.17331867360637604,0,0.061008915643315204,0.23839154100240625,0.17331867360637604,0.23839154100240625,0.061008915643315204,0.061008915643315204,0,0.1499088702889021,0,0,0,0,0,0,0,0.12224640361575533,0,0,0,0.061008915643315204,0,0,0,0,0,0,0.40621778192186137,0.08633332930009273,0,0.8656681710494616,0,0,0,0,0,0,0,0,0,0,0,0,0.06100891482172568,0.061008915643315204,0,0,0,0,0,0,0,0,0.061008915643315204,0.10580228529831098,0,0,0,0,0,0,0,0,0,0,0,0,0,0,0.061008915643315204,0,0,0,0,0,0,0,0,0.061008915643315204,0,0,0,0,0,0,0,0,0,0,0,0,0,0,0,0,0
U5308,1,1,0,0,0,0,0,0,0,0,0,0,0,0.1189585335239175,0,0.1189585335239175,0.16863439445009545,0.1189585335239175,0.1189585335239175,0,0,0,0,0,0.20703243166855,0.40455633304194266,0,0,0,0,0,0,0,0,0.1189585335239175,0,0,0,0.1189585335239175,0,0,0,0,0,0.8347741509239569,0,0,0,0,0,0,0,0,0,0,0,0,0,0,0,0,0,0,0,0,0.1189585335239175,0,0,0.1189585335239175,0,0,0,0,0,0,0,0,0,0,0,0.29495934380286293,0,0,0.1189585335239175,0,0,0,0,0,0,0,0.1189585335239175,0,0,0,0,0,0,0,0,0,0,0,0,0,0,0,0,0,0
U5309,1,1,0,0,0,0,0,0,0.05386423274736304,0,0,0,0,0.05386423274736304,0.05386423553753598,0,0.076212454969122,0.05386423274736304,0.28888637602900713,0,0,0,0.1795238300911685,0,0,0.1429286034468968,0.09338615817312793,0,0,0,0.05386423274736304,0,0,0,0,0,0,0.1429286034468968,0,0,0,0.1710846927839496,0.09338615817312793,0,0.5621078359113806,0,0,0,0,0,0,0,0,0,0,0,0,0.0762124523346897,0,0,0,0,0,0,0,0.6994685441185048,0,0,0.05386423274736304,0,0,0,0,0,0,0,0,0,0,0,0.23688445496897503,0,0,0.05386423274736304,0,0,0,0,0,0,0,0.05386423274736304,0,0,0,0,0,0,0,0,0,0,0,0,0.10788554385446893,0,0,0,0,0
U5310,1,1,0,0,0,0,0,0,0.041897648117635744,0,0,0,0,0.08386907012375272,0,0.041897648117635744,0.2681069272583493,0.08386907012375272,0.08386907012375272,0,0.041897648117635744,0,0.10277868945655523,0,0,0,0.10277868945655523,0,0,0,0.07261141451102224,0,0,0,0.041897648117635744,0,0,0,0,0,0,0,0.041897648117635744,0,0.670350584012139,0,0,0,0,0,0,0,0,0,0,0,0,0,0,0,0,0,0,0,0,0.08386907012375272,0,0,0.041897648117635744,0,0,0,0,0.08386907012375272,0,0,0,0,0,0,0.7485226381876918,0,0,0.041897648117635744,0,0,0,0.041897648117635744,0.041897648117635744,0,0,0.041897648117635744,0,0,0,0,0,0,0.041897648117635744,0,0,0,0,0,0,0,0,0,0,0
U5311,1,1,0,0,0,0.06170178531590235,0,0,0.06170178531590235,0,0,0,0,0.13832252662722647,0.061701782066263415,0.06170178531590235,0.19625173446595667,0.10700692473736657,0.06170178531590235,0,0.06170178531590235,0,0.12364005403372864,0,0,0.2492225118127211,0,0,0,0,0.12364005403372864,0,0,0,0.06170178531590235,0,0,0,0,0.06170178531590235,0,0,0.06170178531590235,0,0.6761663425322224,0,0,0,0,0,0,0,0.08731504866314661,0,0,0.06170178531590235,0,0,0,0,0,0,0,0,0,0,0,0,0.08731504866314661,0,0,0,0,0,0.06170178531590235,0,0,0,0,0,0.6605300956748513,0,0,0.06170178531590235,0,0,0,0,0,0,0.06170178531590235,0.06170178531590235,0,0,0,0,0,0.06170178531590235,0,0,0,0,0,0,0,0,0,0,0,0
U5314,1,1,0,0,0,0,0,0,0.17496904565685,0,0,0,0,0,0,0,0.17496904565685,0.35560258296196373,0,0.17496904565685,0,0,0.17496904565685,0,0,0,0,0,0,0,0.17496904565685,0,0,0,0,0,0,0,0,0.17496904565685,0,0,0.3062773691538581,0,0,0,0,0,0,0,0,0,0,0,0,0.17496904565685,0,0,0,0,0,0,0,0,0,0,0,0,0,0,0,0,0,0,0,0,0,0,0,0,0.6472848479778561,0,0,0,0,0,0,0,0,0,0,0,0,0,0,0,0,0,0.4405106629811283,0,0,0,0,0,0.17496904565685,0,0,0,0,0
U5315,1,1,0,0,0,0,0,0,0,0,0.09258223676417607,0,0,0,0,0,0.09258223676417607,0,0,0.4700275115426958,0,0,0.633499758297468,0,0,0.31164211986315127,0.39107367759768025,0,0,0,0,0,0,0,0,0,0,0,0,0.09258223676417607,0,0,0.09258223676417607,0,0,0,0,0,0,0,0,0,0,0,0,0,0,0,0.09258223676417607,0,0,0,0,0,0,0.09258223676417607,0,0,0,0,0,0,0,0,0,0,0,0,0.09258223676417607,0,0.37879389289504933,0,0,0,0,0,0,0,0,0,0,0,0,0,0,0,0,0,0,0,0,0,0,0,0.09258223676417607,0,0,0,0,0
U5316,1,1,0,0,0,0,0,0,0,0,0,0,0,0,0,0,0.16514867733129351,0.16514867733129351,0,0.43249439429294034,0,0,0.1165110627598583,0,0,0,0,0,0,0,0.1165110627598583,0,0,0,0.1165110627598583,0,0,0,0,0,0,0,0.5157609571879131,0,0,0,0,0,0,0,0,0,0,0,0,0,0,0,0,0,0,0,0,0,0,0,0,0,0.1165110627598583,0.1165110649251195,0,0,0,0,0,0,0,0,0,0,0.3562294761187966,0,0,0.1165110627598583,0,0,0,0,0,0,0.1165110627598583,0,0,0,0,0,0,0,0.5913762652002025,0,0,0,0,0,0,0,0,0,0,0
U5317,1,1,0,0,0,0,0,0,0,0,0,0,0,0,0,0,0,0,0,0.5796397403637042,0,0,0.3217505543966422,0,0.7853981633974484,0,0,0,0,0,0,0,0,0,0,0,0,0,0,0,0,0,0,0,0,0,0,0,0,0,0,0,0,0,0,0,0,0,0,0,0,0,0,0,0,0,0,0,0,0,0,0,0,0,0,0,0,0,0,0,0.3217505543966422,0,0,0,0,0,0,0,0,0,0,0,0,0,0,0,0,0,0,0,0,0,0,0,0,0,0,0,0,0
U5318,1,1,0,0,0,0,0,0,0,0,0,0,0,0.09258223676417607,0,0,0.13111947520830095,0.1608204805446875,0,0.651318361848729,0,0,0,0,0,0,0,0,0,0,0,0,0,0,0.09258223676417607,0,0,0,0,0,0,0,0.3661865601976099,0.09258223947997035,0.09258223676417607,0,0,0,0,0,0,0,0,0,0,0,0,0,0,0,0,0.09258223676417607,0,0,0,0,0,0,0,0.09258223947997035,0,0,0,0,0,0,0,0,0,0,0.4700275115426958,0,0,0.09258223676417607,0,0,0.09258223947997035,0,0,0,0,0,0,0,0,0,0,0,0.44851633093575977,0,0,0,0,0,0,0,0,0,0,0
U5319,1,1,0,0,0,0,0,0,0,0,0,0,0,0,0,0,0,0,0,0.2897517015068563,0,0,0,0,0,0,0,0,0,0,0,0,0,0,0,0,0,0.28975170132424405,0,0,0,0,0,0,0,0,0,0,0,0,0,0,0,0,0,0,0,0,0,0,0,0,0,0,0,0,0,0,0,0,0,0,0,0,0,0,0,0,0,0,0,0,0,0,0,0,0,0,0,0,0,0,0,0,0,0,0,0,0,0,0,0,1.1548442400104364,0,0,0,0,0,0,0
U5320,1,1,0,0,0,0,0,0,0,0,0,0,0,0,0,0,0.08748194760745355,0,0,0.6580722923253949,0,0,0.293991589663353,0,0,0.26520925915275795,0.2156812178045468,0,0,0,0,0,0,0,0.08748194760745355,0,0,0,0,0,0,0,0.1238769956976023,0,0,0,0,0,0,0,0,0,0,0,0,0,0,0,0,0.2497077925891663,0,0,0,0,0,0,0,0,0,0.26520925915275795,0.2156812178045468,0,0,0,0,0,0,0,0.1966307970227309,0,0.36852237892330264,0,0,0.08748194760745355,0,0,0,0,0,0,0,0,0,0,0,0,0,0,0.2156812178045468,0,0,0,0,0,0,0,0,0,0,0
U5321,1,1,0,0,0,0,0,0,0,0,0,0,0,0.07358785935786183,0,0,0.10416330866427567,0.07358785935786183,0,0.7230747417292623,0,0,0.07358785935786183,0,0,0,0,0,0,0,0.12768961397493994,0,0,0,0.07358785935786183,0,0,0,0,0,0,0,0.16514867733129351,0,0.07358785935786183,0.19576757445153165,0,0,0,0,0,0,0,0,0,0,0,0,0.07358785935786183,0,0,0,0.07358785935786183,0,0,0.07358785935786183,0,0,0,0,0.07358785935786183,0,0,0,0,0,0,0,0,0,0.6681092309164995,0,0,0.07358785935786183,0,0,0.07358785663018558,0,0.07358785935786183,0,0,0.07358785935786183,0,0,0,0,0,0,0.12768961397493994,0,0,0,0,0,0,0,0,0,0,0
U5327,2,1,0,0,0,0,0,0.16412860636027166,0,0,0,0,0,0,0,0,0,0,0,0.1687966488307077,0,0,0.39486103609159,0,0,0.5429840178554839,0.20437277417706556,0,0,0,0,0,0,0,0,0.542121492850276,0,0,0,0,0,0,0,0,0,0.2911133661422879,0,0,0,0,0,0,0,0,0,0,0,0,0,0,0,0.30203045786439836,0,0,0,0,0,0,0,0,0,0,0,0,0,0,0,0,0,0,0.11069958965133356,0,0,0,0,0,0,0,0,0.10717067397626989,0,0,0,0,0,0.07313662451847704,0,0,0,0,0,0,0,0,0,0.15185521301231344,0,0,0,0
U5328,2,1,0,0,0,0,0,0.04024761696598991,0,0,0,0,0,0,0,0,0,0,0,0.05693411378869537,0,0,0.4052385994611081,0,0,0.4618913796357922,0.49361809378817456,0,0,0,0,0.28048917462084794,0,0,0,0,0,0,0,0,0,0,0,0,0,0.16667097278733614,0,0,0,0,0,0.29728771445858526,0,0,0,0,0,0,0.023232789490989062,0,0,0.04024761696598991,0,0,0,0,0,0,0,0,0,0.13179388595407718,0.2011926181483796,0,0,0,0.13384952546200507,0,0,0,0.023232789490989062,0,0,0,0,0,0,0,0,0.21968610200107602,0,0,0,0,0,0.13787104312255902,0,0,0,0,0.2712225530924473,0,0,0,0,0.09871978051572244,0,0,0,0.03285908309757375
U5329,2,1,0,0,0,0,0,0.16163543036459663,0,0,0,0.08492092491869804,0,0,0,0,0,0,0,0.3107983848121121,0,0,0.41308448233286366,0,0,0.7240936012550133,0.21625842687020863,0.15704302263105815,0,0,0.03794126415191789,0,0,0,0,0,0,0.08492092728519118,0,0.03794126415191789,0,0.03794126415191789,0.03794126415191789,0,0,0.308318961390525,0,0,0,0,0,0,0,0,0,0,0,0.07593728692862758,0.20209091936655157,0,0,0.10749525882014081,0,0,0,0,0,0,0,0,0,0,0,0,0,0,0,0,0,0,0.03794126415191789,0,0,0.03794126415191789,0,0,0,0,0,0,0,0,0,0,0,0.07593728494569917,0,0,0,0,0,0,0,0,0,0.15231693562237875,0,0,0,0.09304865372615179
U5330,2,1,0,0,0,0,0,0.04273088540915477,0,0,0,0,0,0,0,0,0,0,0,0.10482890633359855,0,0,0.7360480032364992,0,0,0.562787892060718,0.2735712688602488,0,0,0,0,0,0,0,0,0,0,0,0,0,0,0,0,0,0,0.23212170271888008,0,0,0,0,0,0,0,0,0,0,0,0,0,0,0,0.085540045272848,0,0,0,0.22801237342608732,0,0,0,0,0,0.04273088540915477,0,0,0,0,0,0,0,0,0.04273088540915477,0,0,0,0,0,0,0.1605241928512041,0,0.10482890585311856,0,0,0,0,0,0.10482890633359855,0,0,0,0,0.04273088540915477,0,0,0,0,0.12112034334600263,0,0,0,0
U5331,2,1,0,0,0,0,0,0.24393495313737598,0,0,0,0,0,0,0,0,0,0,0,0.3676223290667593,0,0,0.5796397403637042,0,0,0.6286779103135579,0,0,0,0,0,0,0,0,0,0,0,0.06459463547847763,0,0,0,0,0,0,0,0.25268025514207865,0,0,0,0,0,0,0,0,0,0,0,0,0.06459463314983126,0,0,0.1948803663987374,0,0,0,0,0,0,0,0,0,0,0,0,0,0,0,0,0,0,0,0,0,0,0,0,0,0,0,0.24393495249736966,0,0,0,0,0,0,0,0,0,0,0,0,0,0,0,0,0,0,0,0
U5337,2,1,0,0,0,0,0,0.056879267269415265,0,0,0,0,0,0,0,0,0,0,0,0,0,0,0.4906975714086917,0.02148840541147114,0,0.5454537751506242,0.28736861216219,0,0.06450498282251935,0,0.02148840541147114,0,0,0,0,0,0,0,0.02148840541147114,0,0,0.10764150833925423,0.02148840541147114,0,0,0.5972396623340636,0.10545852535168473,0.1345906995887931,0,0,0,0,0.02148840541147114,0,0.09624017324122587,0,0,0,0.048064342614047524,0.02148840541147114,0,0,0,0,0,0,0,0,0,0,0.02148840541147114,0.08605317545506264,0,0,0,0,0,0,0,0,0,0,0,0.02148840541147114,0,0,0,0,0,0,0,0,0,0,0,0.08048292448286423,0,0,0,0,0.17000457242423722,0.03039153399470665,0.06450498282251935,0,0,0,0,0,0,0.03722474337745996
U5338,2,1,0,0,0.028992612745435877,0,0,0.4476978209748971,0,0,0,0,0,0.028992612745435877,0,0,0.028992612745435877,0,0.028992612745435877,0.10058883138227447,0,0,0.38999229902671056,0,0.3667340597324581,0.33279334928828797,0.19125447546833046,0,0,0.08707564947602699,0.1198092843747371,0,0,0.12330019262557113,0,0,0,0,0,0,0,0,0.028992612745435877,0,0,0,0,0,0,0,0,0,0.04100749563200379,0,0.1673059783492968,0,0,0,0.10471095326311293,0,0,0,0.028992612745435877,0.05023076096176291,0,0,0,0.028992612745435877,0,0,0,0.08208415314883104,0,0,0,0,0,0,0,0,0,0,0.11980928311068564,0.028992612745435877,0,0,0,0.08707565063027933,0,0,0,0.028992612745435877,0,0,0.028992612745435877,0.5024726119535584,0,0,0.04100749563200379,0.16472799218484066,0,0,0,0,0,0.08208415314883104,0.028992612745435877,0,0,0.04100749563200379
U5339,2,1,0,0,0,0,0,0.6680009188984698,0,0,0,0,0,0.03490732947773585,0,0,0,0,0,0.07811874012455124,0,0,0.47542051191682244,0,0.21391765183635003,0.21683470477030672,0.09246907783667915,0,0,0.049376458902586295,0.14861564627392693,0,0,0,0,0,0,0,0,0,0,0,0,0,0,0,0,0,0,0.0349073323447921,0,0,0,0,0,0,0,0,0,0,0,0,0.04937645484548187,0,0,0.06985728523955062,0,0.03490732947773585,0,0,0,0,0,0,0,0,0,0,0,0,0,0,0,0,0,0.06048586497796166,0,0,0,0.07811874012455124,0,0.03490732947773585,0,0.07811874012455124,0,0.5190156013234416,0,0.03490732947773585,0,0,0,0,0,0,0,0,0,0,0,0.03490732947773585
U5341,2,1,0,0,0,0,0,0.37803202138301745,0,0,0.07703721219023794,0,0,0,0,0,0,0,0.031424382315220545,0.10905537911923951,0,0,0.606375480792333,0,0.32125664572197216,0.23517287662720154,0.1299098232393116,0,0,0,0.09952046870974986,0,0,0,0,0,0,0,0,0,0,0,0.0444481090834287,0,0,0,0,0,0,0,0,0,0.0444481090834287,0,0.07703721219023794,0,0,0,0.16703042388212888,0,0,0,0.0444481090834287,0,0,0,0,0,0,0,0,0,0,0,0,0,0,0,0,0,0,0,0,0,0,0,0,0,0,0,0,0,0,0,0,0.5535894639252463,0,0,0,0.13738494096950457,0,0.031424382315220545,0,0,0,0,0.031424382315220545,0,0,0.05444656666350843
U5342,2,1,0,0,0,0,0,0.27973772119258633,0,0,0,0,0,0,0,0,0,0,0.06701510258335243,0,0,0,0.5553992339622352,0,0.30414379288881943,0,0.11624834790642045,0,0,0,0,0,0,0,0,0,0,0,0,0,0,0.22396529993362665,0,0,0,0,0,0,0,0,0,0,0.06701510258335243,0,0.17811286732425705,0,0,0,0.5351730348319822,0,0,0,0,0,0,0,0,0,0,0,0,0,0,0,0,0,0,0,0,0,0,0,0,0.06701510258335243,0,0.06701510258335243,0,0,0,0,0,0,0.06701510258335243,0,0,0.4314584036423779,0,0,0,0,0,0,0,0,0,0,0.06701510258335243,0,0,0
U5343,2,1,0,0,0,0,0,0.551003122751501,0,0,0,0,0,0,0,0.03169151773194546,0,0,0.03169151773194546,0.30356818038942307,0,0,0.5000841714185449,0,0.4258968335497463,0.0839323464566721,0.16227994660173767,0.11883845057907738,0,0,0,0,0,0,0,0,0,0,0,0,0,0,0,0,0,0.07091194022132032,0.08974255473916405,0,0,0,0,0,0.04482608175595915,0,0.04482608175595915,0,0,0,0.24797390783382472,0,0,0,0,0,0,0.23277555766463237,0,0,0,0,0,0.07091194022132032,0,0,0,0,0,0,0,0,0,0.0709119380989128,0,0,0,0,0,0,0,0,0,0,0.03169151773194546,0,0,0.18582844711409616,0,0,0,0,0,0,0,0,0,0,0.03169151773194546,0,0,0.1003690355949655
U5344,2,1,0,0,0,0,0,0,0,0,0,0,0,0,0,0,0,0,0,0,0,0,0.41587015837187363,0,0.2125721470667963,0,0.14462692289545465,0,0,0,0.342451263301944,0,0.09449136996247039,0,0,0,0,0,0,0,0,0.19769208486226952,0.10916362462371897,0,0,0,0,0,0,0,0,0,0,0,0.12210961615051877,0,0,0,0.28697523486469334,0,0,0,0,0,0,0,0,0,0,0,0,0,0,0,0,0,0,0,0,0,0,0,0,0.054500447954530566,0,0,0,0,0,0,0,0.054500447954530566,0,0,0,0.7452958350684793,0,0,0,0,0,0,0,0,0,0,0.054500447954530566,0,0,0.18983986479132284
U5345,2,1,0,0,0,0,0,0.4052407835095572,0,0,0,0,0,0,0,0,0,0,0.06637237428049286,0.1631823612209493,0,0,0.42705388742619127,0,0,0.6488082424942921,0.24147318908821278,0,0,0,0.1330394141202152,0.18469006642827202,0,0,0,0,0,0,0,0.038301343524374885,0,0,0.038301343524374885,0,0,0,0,0,0,0,0,0,0.038301343524374885,0,0.038301343524374885,0,0,0,0,0,0,0.038301343524374885,0.038301343524374885,0,0,0,0,0.038301343524374885,0,0,0,0.11513010896865138,0,0,0,0,0,0,0,0,0,0.13850610520304268,0,0,0,0,0,0,0,0,0,0.038301343524374885,0.038301343524374885,0,0,0.3518422792252518,0,0,0.038301343524374885,0,0,0,0.03830134744451915,0,0,0,0,0,0,0.038301343524374885
U5346,2,1,0,0,0,0,0,0,0,0,0,0,0,0,0,0.05969043829713618,0,0,0,0,0,0,0,0,0,0.33285630083383494,0,0,0,0,0.16954086650733108,0,0,0,0,0,0,0,0,0,0,0,0,0,0,0.11959488626960096,0,0,0,0,0,0,0.05969043829713618,0,0.17993436251925518,0,0,0,0.4019177459485032,0,0,0,0.05969043829713618,0,0,0,0,0.05969043829713618,0,0,0,0.08446530688102678,0,0,0,0.05969043829713618,0,0,0,0,0.15849504157654967,0,0,0,0,0,0,0,0,0,0,0,0.05969043829713618,0,0,0.8766512350964398,0,0,0,0,0.05969043829713618,0,0,0,0,0,0,0,0,0.1337914226568003
U5357,2,1,0,0,0,0,0.046340688967271455,0,0,0,0,0,0,0,0,0,0,0,0,0.0803220441949559,0,0,0,0,0,1.1103754326806972,0.3702010078023398,0,0,0,0,0,0,0,0,0,0,0,0,0,0,0,0,0,0,0,0,0,0,0,0,0,0,0.046340688967271455,0.13942358516911146,0.046340688967271455,0,0,0.046340688967271455,0,0,0,0,0,0,0,0,0,0,0,0,0.09278126953121514,0.11371533953480767,0,0,0,0,0,0,0,0,0,0,0,0,0,0,0,0,0,0,0,0,0,0,0.09278126953121514,0,0,0,0,0,0,0,0,0,0,0,0,0,0.046340688967271455
U5358,2,1,0,0,0,0,0,0.03027986926832203,0,0,0,0,0,0,0,0,0,0,0,0,0,0.03027986926832203,0.1774634997376135,0,0,1.1500570728617072,0.3677304956084952,0,0,0,0,0,0,0,0,0,0,0,0,0,0,0,0,0,0,0,0,0,0,0,0,0,0,0.03027986926832203,0.03027986926832203,0,0,0,0,0,0,0.042828750626137876,0,0,0,0,0,0,0,0,0,0,0,0,0,0,0,0,0,0,0,0,0,0,0,0,0,0,0,0,0,0,0,0,0,0,0,0,0,0,0,0,0,0,0,0,0,0,0,0.03027986926832203
U5359,2,1,0,0,0,0,0,0.05137220947519076,0,0,0,0,0,0,0,0,0,0,0,0,0,0,0.1480305864626796,0,0,0.7817725546250195,0.1150750408182779,0.20356668305661002,0,0,0,0,0,0,0,0,0,0,0,0,0,0.02567763029005919,0,0,0,0.0890578223526857,0,0,0,0,0,0,0,0.02567763029005919,0.04448474225921835,0,0,0,0,0,0,0,0,0,0,0,0,0,0,0,0,0,0,0,0,0,0,0,0,0,0,0.1631039532835196,0,0,0,0,0,0,0,0,0,0,0,0,0,0,0,0,0,0,0.6584622313721354,0,0.10605866584668146,0,0,0.04448474225921835,0,0,0,0
U5360,2,1,0,0,0,0,0,0,0,0,0,0,0,0,0,0,0,0,0,0,0,0,0.39702359096456696,0,0,1.092044204762747,0.15592352233474688,0,0,0,0,0,0,0,0,0,0,0,0,0,0,0,0,0,0,0.0802788953124915,0,0,0,0,0,0,0,0,0,0,0,0,0,0,0,0,0,0,0,0,0,0,0,0,0,0,0,0,0,0,0,0,0,0,0,0,0,0,0,0,0,0,0,0,0,0,0,0,0,0,0,0,0,0,0.1802914579970472,0,0,0,0,0,0,0,0,0
U5361,2,1,0,0,0,0,0,0.21873121960723146,0,0,0,0,0,0,0,0,0,0,0,0.17156826775310466,0,0,0.3788217797463753,0,0,1.012897924154183,0.24385521940922505,0,0,0,0,0,0,0,0,0,0,0,0,0,0,0,0,0,0,0,0,0,0,0,0,0,0,0.047369085446695054,0.047369085446695054,0,0,0,0,0,0,0.047369085446695054,0,0,0,0,0,0,0,0,0,0,0,0,0,0,0,0,0,0,0,0,0,0,0,0,0,0,0,0,0,0,0,0,0,0.047369085446695054,0,0,0,0,0,0,0,0,0,0,0,0,0,0
U5395,2,1,0,0,0,0,0,0.21774117844109803,0,0,0,0,0,0,0,0,0,0,0,0,0,0,0,0,0,1.0906824113223381,0.4205343353286865,0,0,0,0,0,0,0,0,0,0,0,0,0,0,0,0,0,0,0,0,0,0,0,0,0,0,0,0,0,0,0,0,0,0,0,0,0,0,0,0,0,0,0,0,0,0,0,0,0,0,0,0,0,0,0,0,0,0,0,0,0,0,0,0,0,0,0,0,0,0,0,0,0,0,0,0,0,0,0,0,0,0,0
U5396,2,1,0,0,0,0,0,0,0,0,0,0,0,0,0,0,0,0,0,0,0,0,0,0,0,1.0974779948248965,0.47331833172352905,0,0,0,0,0,0,0,0,0,0,0,0,0,0,0,0,0,0,0,0,0,0,0,0,0,0,0,0,0,0,0,0,0,0,0,0,0,0,0,0,0,0,0,0,0,0,0,0,0,0,0,0,0,0,0,0,0,0,0,0,0,0,0,0,0,0,0,0,0,0,0,0,0,0,0,0,0,0,0,0,0,0,0
U5398,2,1,0,0,0,0,0,0.3040896703970717,0,0,0,0,0,0,0,0,0,0,0,0,0,0,0.4890372176104695,0,0,0.9651043091739565,0,0,0,0,0,0,0,0,0,0,0,0,0,0,0,0,0,0,0,0,0,0,0,0,0,0,0,0,0,0,0,0,0,0,0,0,0.0831412317426079,0,0,0,0,0,0,0,0,0,0,0,0,0,0,0,0,0,0,0,0,0,0,0,0,0,0,0,0,0,0,0,0,0.0831412317426079,0,0,0,0,0,0,0,0,0,0,0,0,0,0
U5399,2,1,0,0,0,0,0,0,0,0,0,0,0,0,0,0,0,0,0,0,0,0,0.1414232480585359,0,0,1.0763820682495946,0.41905152678602886,0,0,0,0,0,0,0,0,0,0,0,0,0,0,0,0,0,0,0,0,0,0,0,0,0,0,0,0,0,0,0,0,0,0,0,0,0,0,0,0,0,0,0,0,0,0.2006809361107164,0,0,0,0,0,0,0,0,0,0,0,0,0,0,0,0,0,0,0,0,0,0,0,0,0,0,0,0,0,0,0,0,0,0,0,0,0
U5401,2,1,0,0,0,0,0,0,0,0,0,0,0,0,0,0,0,0,0,0,0,0,0,0,0.9995809542270518,0.4441261003333425,0.30870153741040923,0,0,0,0,0,0,0,0,0,0,0,0,0,0,0,0,0,0,0,0,0,0,0,0,0,0,0,0,0,0,0,0.12435499460926143,0,0,0,0,0,0,0,0,0,0,0,0,0,0,0,0,0,0,0,0,0,0,0,0,0,0,0,0,0,0,0,0,0,0,0,0,0,0,0,0,0,0,0,0,0,0,0,0,0,0,0
U5403,2,1,0,0,0,0,0,0,0,0,0,0,0,0,0,0,0,0,0,0,0,0,0.5965929689374638,0,0,0.7548752301468004,0.3727505999974934,0,0,0,0,0,0,0,0,0,0,0,0,0,0,0.12649218872367046,0,0,0,0.2550670399957265,0,0,0,0,0,0,0,0,0,0,0,0,0,0,0,0,0,0,0,0,0,0,0,0,0,0,0,0,0,0,0,0,0,0,0,0,0,0,0,0,0,0,0,0,0,0,0.051525416162959206,0,0,0,0,0,0,0,0,0,0,0,0,0,0,0,0,0
U5404,2,1,0,0,0,0,0,1.5707963267948966,0,0,0,0,0,0,0,0,0,0,0,0,0,0,0,0,0,0,0,0,0,0,0,0,0,0,0,0,0,0,0,0,0,0,0,0,0,0,0,0,0,0,0,0,0,0,0,0,0,0,0,0,0,0,0,0,0,0,0,0,0,0,0,0,0,0,0,0,0,0,0,0,0,0,0,0,0,0,0,0,0,0,0,0,0,0,0,0,0,0,0,0,0,0,0,0,0,0,0,0,0,0
U5412,2,1,0,0,0,0,0,0,0,0,0,0,0,0,0,0,0,0,0,0,0,0.04604499984314238,0.49370851514794795,0,0,1.018306460855148,0,0,0,0,0,0,0,0,0,0,0,0.1667303667305102,0,0,0,0,0,0,0,0,0,0,0,0,0,0,0,0,0.09218798498312199,0,0,0,0,0,0,0,0,0,0,0,0,0,0,0,0,0,0,0,0,0,0,0,0,0,0,0,0,0,0,0,0,0,0,0,0,0,0,0,0,0.04604499984314238,0,0,0,0,0,0,0,0,0,0.10310595772800112,0,0,0,0
U5413,2,1,0,0,0,0,0,0.20437277417706556,0,0,0,0,0,0,0,0,0,0,0,0.20437277417706556,0,0,0.6259592563320391,0,0,0.7613614461041522,0.16647838077785806,0,0,0,0,0,0,0,0,0,0,0,0,0,0,0,0,0,0,0.2365498639048921,0,0,0,0,0,0,0,0.04785475020693735,0.04785475020693735,0,0,0,0,0,0,0.04785475020693735,0,0,0,0,0,0,0,0,0,0,0,0,0,0,0,0,0,0.04785475020693735,0,0,0,0,0,0,0,0,0,0,0,0,0,0,0,0,0,0,0,0,0,0,0,0,0,0,0,0,0,0.08295032084527279
U5414,2,1,0,0,0,0,0,0,0,0,0,0,0,0,0,0,0,0,0,0.11435796040349766,0,0,0.37493987297842113,0,0,1.090428180508949,0.22729913600809915,0,0,0,0,0,0,0,0,0,0,0,0,0,0,0,0,0,0,0.09561595360309161,0,0,0,0,0,0,0,0,0.06254076179649139,0,0,0,0,0,0,0,0,0,0,0,0,0,0,0,0,0,0,0,0,0,0,0,0,0,0,0,0,0,0,0,0,0,0,0,0,0,0,0,0,0.03609222676829545,0,0,0,0,0,0,0,0,0,0,0,0,0,0.03609222676829545
U5415,2,1,0,0,0,0,0,0,0,0,0,0,0,0,0,0,0,0,0,0,0,0,0.5896462177222118,0,0,0.9483554974179736,0,0,0,0,0,0,0,0,0,0,0,0,0,0,0,0,0,0,0,0.10490578994519519,0,0,0,0,0,0,0,0.04684642392951075,0.11496092033904838,0,0,0,0,0,0,0.04684642392951075,0,0,0,0.04684642392951075,0,0,0,0,0,0,0,0,0,0,0,0,0,0,0,0,0,0,0,0,0,0,0,0,0,0,0,0,0,0,0,0,0,0,0,0,0,0,0,0,0,0,0,0
U5416,2,1,0,0,0,0,0.03652295599104282,0,0,0,0,0,0,0,0,0,0,0,0,0,0,0,0.5243682344694743,0,0,0.8670945218678624,0.1097647921249647,0,0,0,0,0,0,0,0,0.371826842150457,0,0.06328779298136195,0,0,0,0,0,0,0,0.1268308680377276,0,0,0,0,0,0,0,0,0.03652295599104282,0,0,0,0,0,0,0,0,0,0,0,0,0,0,0,0,0,0,0,0,0,0,0,0,0,0,0,0,0,0.036522951880382,0,0,0,0,0,0,0,0,0,0,0,0,0,0,0,0,0,0,0,0,0,0,0,0,0
U5422,1,1,0,0.0320640216222502,0,0,0,0,0,0,0,0,0,0,0,0,0.06416106853889708,0.0320640216222502,0.0320640216222502,0,0,0,0.0320640216222502,0,0,0,0,0,0,0,0.04535315208456627,0,0,0,0.0320640216222502,0,0,0,0,0,0,0,0,0,0,0,0,0,0,0,0,0,0.08492092491869804,1.1574323861871676,0,0.06416106853889708,0.06416106853889708,0,0,0,0,0,0,0,0,0,0,0,0.0320640216222502,0,0,0,0,0,0,0,0,0,0,0,0.3054639201441712,0,0,0.0320640216222502,0,0,0,0,0.06416106853889708,0,0.06416106853889708,0.11128354705300278,0,0,0.14386585778564587,0,0,0,0.0320640216222502,0,0,0,0,0,0,0,0,0,0,0
U5423,1,1,0,0.03560846696215184,0,0,0,0,0,0,0,0,0,0.03560846696215184,0,0,0.07126218531040648,0.17895840894102533,0.03560846696215184,0,0,0,0,0.03560846696215184,0,0,0,0,0,0,0,0,0,0,0.03560846696215184,0,0,0.061701782066263415,0,0,0,0,0,0,0,0,0,0,0,0,0,0,0.03560846696215184,1.1614272236760772,0,0.07126218531040648,0.07126218531040648,0,0,0,0,0,0,0,0,0,0,0,0.03560846696215184,0,0,0,0,0,0,0,0,0,0,0,0.18951487877010012,0,0,0,0,0,0,0,0.07126218531040648,0,0.07126218531040648,0.15989267965437842,0,0,0.15989267965437842,0,0,0,0.03560846696215184,0,0,0,0,0,0,0,0,0,0,0.03560846696215184
U5424,1,1,0,0,0,0,0,0,0.05558417370379278,0,0,0,0.09637416267997413,0.05558417370379278,0,0.05558417370379278,0.31447813562668353,0.3091933209557788,0.40796920595115443,0.5128394401686139,0.05558417370379278,0,0.09637416267997413,0.05558417370379278,0,0.1113410142850622,0,0,0.16744807989581273,0,0.13650631109362488,0,0,0,0,0.3196872591323489,0,0,0,0,0,0,0.05558417370379278,0,0,0,0,0,0,0,0,0,0.07864847612971838,0.05558417370379278,0,0.05558417370379278,0,0.05558417550657696,0.07864847612971838,0,0,0.07864847612971838,0,0,0,0.13650631109362488,0.05558417550657696,0,0.05558417370379278,0.26969252022487367,0.16744807928730165,0,0,0,0,0,0,0,0,0,0,0,0,0.05558417370379278,0,0,0.13650631294799248,0,0.05558417370379278,0,0.05558417370379278,0.14752066813953105,0,0,0.05558417370379278,0.05558417370379278,0,0,0.1113410142850622,0,0,0,0,0,0,0,0,0,0,0
U5425,1,1,0.04390923672676872,0,0,0,0,0,0.04390923672676872,0,0,0,0,0.04390923672676872,0,0,0.12447536143818189,0.13206897910473223,0.09831077645232883,0,0.04390923672676872,0,0,0.04390923672676872,0,0,0,0,0,0,0,0,0,0,0,0,0,0,0,0,0,0,0,0.04390923330623599,0,0,0,0,0,0,0,0,0.06211702411663022,0.801778742735141,0,0.08790341767443373,0.08790341767443373,0,0,0,0,0,0,0,0,0,0,0,0.06211702411663022,0,0,0,0,0,0,0.04390923672676872,0,0,0,0,0.6215976121329305,0,0,0.04390923672676872,0,0,0,0,0.08790341767443373,0,0.08790341767443373,0.1526493284510344,0,0,0.1526493284510344,0,0,0,0.04390923672676872,0,0,0,0,0,0,0,0,0,0,0
U5426,1,1,0,0,0,0,0,0,0,0,0,0,0.06922672617061956,0.03459262128182551,0,0,0.17025609667923194,0.2060672000834698,0.12009695011193225,0.03459262128182551,0,0,0.03459262128182551,0,0,0,0,0,0,0,0,0,0,0,0,0,0,0,0,0,0,0,0,0.034592618388728034,0,0,0,0,0,0,0,0,0.077413325386926,0.23147736386411236,0,0.03459262128182551,0.06922672617061956,0,0,0,0,0,0,0,0,0,0,0,0.03459262128182551,0,0,0,0,0,0,0,0,0,0,0,1.1318383277901365,0,0,0,0,0,0,0,0.06922672617061956,0,0.06922672617061956,0.06922672617061956,0,0,0.06922672617061956,0,0,0,0.03459262128182551,0,0,0,0,0,0,0,0,0,0,0
U5427,1,1,0,0,0,0,0,0,0.03743280039136143,0,0,0,0,0.03743280039136143,0,0,0.10604989620331465,0.03743280039136143,0.03743280039136143,0,0,0,0,0.07491818185310918,0,0,0,0,0,0,0.03743280039136143,0,0,0,0.03743280039136143,0,0,0,0,0,0,0,0,0,0,0,0,0,0,0.45696121809545587,0,0,0.11250939215028533,0.6709561704287966,0,0.07491818185310918,0.07491818185310918,0,0,0,0,0,0,0,0,0,0,0,0.03743280039136143,0,0,0,0,0,0,0,0,0,0,0,0.5260212384278867,0,0,0,0,0,0,0,0.07491818185310918,0,0.07491818185310918,0.3137278863967068,0,0,0.07491818185310918,0.03743280039136143,0,0,0.05295035164641924,0,0,0,0,0,0,0,0,0,0,0
U5428,1,1,0,0,0.0471579287523907,0,0,0,0,0,0,0,0,0,0,0,0.13373158949402564,0.0471579287523907,0,0,0,0,0.0471579287523907,0,0,0,0,0,0,0,0,0,0,0,0.0471579287523907,0,0,0,0,0,0,0,0,0,0,0,0,0,0,0,0,0,0.15699127223815348,0.5223148218188978,0.0471579287523907,0.09442114130671134,0.09442114130671134,0,0,0,0,0,0,0,0,0,0,0,0.0471579287523907,0,0,0,0,0,0,0,0,0,0,0,0.7297276561822451,0,0,0,0,0,0,0,0.21241221363161156,0,0.09442114130671134,0.3992529187585704,0,0,0.16403394112642594,0,0,0,0.0471579287523907,0,0,0,0,0,0,0,0,0,0,0
U5429,1,1,0,0,0,0,0,0,0,0,0,0,0,0.0315964583588651,0.0315964583588651,0,0.19070097307446565,0.15538922510550698,0.05474490676282161,0,0,0,0.06322451583685863,0,0,0,0,0,0,0,0,0,0,0,0.0315964583588651,0,0,0,0,0,0,0,0,0,0,0,0,0,0,0,0,0,0.0315964583588651,0.8524653626404602,0,0.06322451583685863,0.06322451583685863,0,0,0,0,0,0,0,0,0,0,0,0.0315964583588651,0,0,0,0,0,0,0,0,0,0,0,0.5390212501469642,0,0,0,0,0,0,0,0.06322451583685863,0,0.06322451583685863,0.19070097307446565,0,0,0.2111170938468736,0,0,0.0315964583588651,0.0315964583588651,0,0,0,0,0,0,0,0,0,0,0
U5430,1,1,0,0,0,0,0,0,0,0,0,0,0,0.03373556109880133,0,0,0.2358633254998395,0.13952111721568533,0.10686426000472782,0,0,0,0.06750959364061111,0.06750959364061111,0,0,0,0,0,0,0,0,0,0,0,0,0,0.04771834846542333,0,0,0,0,0,0,0,0,0.1475568899099383,0,0,0.521296815934831,0,0,0.03373556109880133,0.5898972065496084,0,0.06750959364061111,0,0,0,0,0,0,0,0,0,0,0,0,0.03373556109880133,0,0,0,0,0,0,0,0,0,0,0,0.5700410471062206,0,0,0,0,0,0,0,0,0,0,0.13532934419907303,0,0,0.06750959364061111,0,0,0,0.04771834741601604,0,0,0,0,0,0,0,0,0,0,0
U5431,1,1,0,0.038301343524374885,0,0,0,0,0,0,0,0,0,0.038301343524374885,0,0,0.05417953867451204,0.038301343524374885,0.038301343524374885,0,0,0,0.0939338879990925,0.07665901825445989,0,0,0,0,0,0,0,0,0,0,0.038301343524374885,0,0,0,0,0,0,0,0,0,0,0,0,0,0,0,0,0,0.14377024017425738,0.9388208077731954,0,0.10851893995789011,0.038301343524374885,0,0,0,0,0,0.038301343524374885,0,0,0,0,0,0.038301343524374885,0,0,0,0,0,0,0,0,0,0,0,0.49867994621884154,0,0,0,0,0,0,0,0.06637237428049286,0,0.038301343524374885,0.13850611836656654,0,0,0.1720951623505598,0.05417953867451204,0,0,0,0,0,0.038301343524374885,0,0,0,0,0,0,0,0
U5432,2,2,0.0755155642581852,0,0.0837954244127945,0,0,0,0,0,0,0,0,0,0,0,0,0,0,0,0,0,0,0,0,0,0,0,0,0,0,1.4559365671426234,0,0,0,0,0,0,0,0,0,0,0,0,0,0,0,0,0,0,0,0,0,0,0,0,0,0,0,0,0,0,0,0,0,0,0,0,0,0,0,0,0,0,0,0,0,0,0,0,0,0,0,0,0,0,0,0,0,0,0,0,0,0,0.020925876632234993,0,0,0,0,0,0,0,0,0,0,0,0,0,0,0
U5433,2,2,0.07227873158591995,0,0.07227873158591995,0,0,0,0,0,0,0,0,0,0,0,0.0208484213269144,0,0,0,0,0,0.04663200678736357,0,0,0.06258157236274156,0,0,0,0,0.03611575846208263,1.3868295036074376,0,0,0,0,0,0,0,0,0,0,0,0,0,0,0,0,0.07523556305129696,0,0,0,0,0,0.09567845562420214,0,0,0,0,0,0,0,0,0,0,0,0,0,0,0,0,0,0,0,0,0,0,0,0,0,0,0,0,0,0,0.0208484213269144,0,0,0,0,0,0,0,0,0,0,0,0,0,0,0,0,0,0,0,0,0,0,0,0
U5434,2,2,0.07226929288081121,0,0.09146214030007609,0,0,0,0,0,0,0,0,0,0,0,0,0,0,0,0,0,0,0,0,0,0,0,0,0,0,1.4187497498152781,0,0,0,0,0,0,0,0,0,0,0,0,0,0,0,0,0.08855009866141485,0,0,0,0,0,0.039559391819549115,0,0,0,0,0,0,0,0,0,0,0,0,0,0,0,0,0,0,0,0,0,0,0,0,0,0,0,0,0,0,0,0,0,0,0,0,0,0,0,0,0,0,0,0,0,0,0,0,0,0,0,0,0,0,0
U5435,2,2,0.06336397727035568,0,0.09825539577799192,0,0,0,0,0,0,0,0,0,0,0,0,0,0,0,0,0,0,0,0,0,0,0,0,0,0,1.450361146557851,0,0,0,0,0,0,0,0,0,0,0,0,0,0,0,0,0,0,0,0,0,0,0,0,0,0,0,0,0,0,0,0,0,0,0,0,0,0,0,0,0,0,0,0,0,0,0,0,0.02832205947224506,0,0,0,0,0,0,0,0,0,0,0,0,0,0,0,0,0,0,0,0,0,0,0,0,0,0,0,0,0
U5436,2,2,0.0769079988389434,0,0.10034525310049752,0.03436717078491175,0,0,0,0,0,0,0,0,0,0,0,0.024298868190654528,0,0,0,0,0,0,0,0,0,0,0,0,0.024298868190654528,1.3475962573029776,0,0,0,0,0,0,0,0,0,0,0,0,0,0,0,0,0,0,0,0,0,0,0.08066976254503738,0,0,0,0,0,0,0,0,0,0,0,0,0,0,0,0,0,0,0,0,0,0.1503392141763678,0,0,0,0.024298868190654528,0,0,0.024298868190654528,0,0,0,0,0,0,0.024298868190654528,0,0,0,0,0,0,0,0,0,0,0,0,0,0,0,0,0,0,0
U5440,2,2,0,0,0.026681692672571526,0,0,0,0,0,0,0,0,0,0,0,0,0,0,0,0,0,0,0,0,0.175847668251364,0.09633975276252751,0,0,0,0,1.3644126755472017,0,0,0,0,0,0,0,0,0,0,0,0,0,0,0,0,0,0,0,0,0,0,0.026681692672571526,0,0,0,0,0,0,0,0,0,0,0,0,0,0,0,0,0,0,0,0,0,0,0,0,0,0,0,0,0,0,0,0,0,0,0,0,0,0,0,0,0.026681692672571526,0,0,0,0,0,0,0,0,0,0,0,0,0,0
U5441,2,2,0,0,0.025848626569911305,0,0,0,0,0,0,0,0,0,0,0,0,0,0,0,0,0,0,0,0,0.10026807605733258,0,0,0,0,0,1.3161396427895533,0,0,0,0,0,0,0,0,0,0,0,0,0,0,0,0,0.1781300469811133,0,0,0,0,0,0,0.025848626569911305,0,0,0,0,0,0,0,0,0,0,0,0,0,0,0,0,0,0,0,0,0,0,0,0,0,0,0,0,0,0,0,0,0,0,0,0,0,0,0,0,0,0,0,0,0.14440437800139097,0,0,0,0,0,0,0,0,0
U5442,2,2,0.02474105872363297,0,0.02474105872363297,0,0.02474105872363297,0,0,0,0,0,0,0,0,0,0,0,0,0,0,0,0.02474105872363297,0,0,0.4324509276689262,0.11892195451298725,0,0,0,0,1.1001473156158452,0,0,0.02474105872363297,0,0,0,0,0,0,0,0,0,0,0,0.10804285267421844,0,0,0,0,0,0,0,0,0,0,0,0,0,0,0.03499271224491225,0,0,0,0,0,0,0,0,0,0,0,0,0,0,0,0,0,0,0,0,0,0,0,0,0,0,0,0,0,0,0,0,0,0,0,0,0,0,0,0,0,0,0,0,0,0,0,0
U5443,2,2,0.02645663236969224,0,0.02645663236969224,0,0,0,0,0,0,0,0,0,0,0,0,0,0,0,0,0,0,0,0,0,0,0,0,0,0,1.505953210988323,0,0,0,0,0,0,0,0,0,0,0,0,0,0,0,0,0,0,0,0,0,0,0.05293180492129796,0,0,0,0,0,0,0,0,0,0,0,0,0,0,0,0,0,0,0,0,0,0,0,0,0,0,0,0,0,0,0,0,0,0,0,0,0,0,0,0,0,0,0,0,0,0,0,0,0,0,0,0,0,0,0
U5444,2,2,0.02407949658764039,0,0.02407949658764039,0,0,0,0,0,0,0,0,0,0,0,0,0,0,0,0,0,0,0,0,0.2381519393381617,0,0,0,0,0,1.3288787393304118,0,0,0,0,0,0,0,0,0,0,0,0,0,0,0,0,0,0,0,0,0,0,0,0,0,0,0,0,0,0,0,0,0,0,0,0,0,0,0,0,0,0,0,0,0,0,0,0,0,0,0,0,0,0,0,0,0,0,0,0,0,0,0,0.02407949658764039,0,0,0,0,0,0,0,0,0,0,0,0,0,0
U5445,2,2,0.026796398029453026,0,0.03790036745011734,0,0,0,0,0,0,0,0,0,0,0,0,0,0,0,0,0,0,0,0,0,0,0,0,0,0,1.524372434035086,0,0,0,0,0,0,0,0,0,0,0,0,0,0,0,0,0,0,0,0,0,0,0,0,0,0,0,0,0,0,0,0,0,0,0,0,0,0,0,0,0,0,0,0,0,0,0,0,0,0,0,0,0,0,0,0,0,0,0,0,0,0,0,0,0,0,0,0,0,0,0,0,0,0,0,0,0,0
U5446,2,2,0.025144473212842144,0,0.025144473212842144,0,0,0,0,0,0,0,0,0,0,0,0,0,0,0,0,0,0,0,0,0,0,0,0,0,0,1.1859167999591413,0,0,0,0,0,0,0,0,0,0,0,0,0,0,0,0,0.37847930057413104,0,0,0,0,0,0,0,0,0,0,0,0,0.025144473212842144,0,0,0,0,0,0,0,0,0,0,0,0,0,0,0,0,0,0,0,0,0,0,0,0,0,0,0,0,0,0,0,0,0,0.025144473212842144,0,0,0,0,0,0,0,0,0,0.043560689936833985,0,0,0,0
U5447,2,2,0.025526600212393724,0,0.025526600212393724,0,0,0,0,0,0,0,0,0,0,0,0,0,0,0,0,0,0,0,0,0,0,0,0,0,0.025526600212393724,1.5197265054403049,0,0,0,0,0,0,0,0,0,0,0,0,0,0,0,0,0,0,0,0,0,0,0,0,0,0,0,0,0,0.025526600212393724,0,0,0,0,0,0,0,0,0,0,0,0,0,0,0,0,0,0,0,0,0,0,0,0,0,0,0,0,0,0,0,0,0,0,0,0,0,0,0,0,0,0,0,0,0,0,0,0
U5448,2,2,0,0,0.020857487418860007,0.05110874651579441,0,0,0,0,0,0,0,0,0,0,0,0.020857487418860007,0,0.0660002928158762,0,0,0,0,0,0,0.05902387299111705,0,0,0,0,1.1451305294101382,0,0,0,0,0,0,0,0,0,0,0,0,0,0,0,0,0,0,0,0.3676520451926755,0,0.020857487418860007,0,0,0,0,0,0,0,0.13557713370075983,0,0,0.09797989121629673,0,0,0,0,0,0,0,0,0,0,0,0,0,0,0,0,0,0,0,0.03613146822935228,0,0,0,0,0,0,0,0,0,0,0.020857487418860007,0,0,0,0,0,0,0,0,0,0,0,0,0,0
U5449,2,2,0,0,0.02981865857852419,0,0,0,0,0,0,0,0,0,0,0,0,0,0,0,0,0,0.04217620535306487,0,0,0.551642162306153,0.13705467971060128,0,0,0,0.02981865857852419,0.991641612974779,0,0,0,0,0,0,0,0,0,0,0,0,0,0,0,0,0,0,0,0,0,0,0.04217620535306487,0,0,0,0,0,0,0,0,0,0,0,0,0,0,0,0,0,0,0,0,0,0,0,0,0,0,0,0,0,0,0,0,0,0,0,0,0,0,0,0,0.02981865857852419,0,0,0,0,0,0,0,0,0,0,0,0,0,0
U5450,2,2,0,0,0,0,0,0,0,0,0,0,0,0,0,0,0,0,0,0,0,0,0,0,0,0.12573997354084013,0,0,0,0,0,1.4123312262246637,0,0,0,0,0,0,0,0,0,0,0,0,0,0,0,0,0,0,0,0,0,0,0,0,0,0,0,0,0,0,0,0,0,0,0,0,0,0,0,0,0,0,0,0,0,0,0,0,0.09592969296116047,0,0,0,0,0,0,0,0,0,0,0,0,0,0,0,0,0,0,0,0,0,0,0,0,0,0,0,0,0
U5451,2,2,0.04320686287343643,0,0.14375094693648388,0,0,0,0,0,0,0,0,0,0,0,0,0,0,0,0,0,0,0,0,0.30062703403617896,0.11452926601405568,0,0,0,0,1.2122589253408842,0,0,0,0,0,0,0,0,0,0,0,0,0,0,0,0,0,0,0,0,0,0,0,0,0,0,0,0,0,0,0,0,0,0,0,0,0,0,0,0,0,0,0,0,0,0,0,0,0,0,0,0,0,0,0,0,0,0,0,0,0,0,0,0,0,0,0,0,0,0,0,0,0,0,0,0,0,0
U5452,2,2,0,0,0.03841421620724027,0,0,0,0,0,0,0,0,0,0,0,0,0,0,0,0,0,0,0,0,0,0,0,0,0,0,1.4318796006903607,0,0,0,0,0,0,0,0,0,0,0,0,0,0,0,0,0,0,0,0,0,0,0,0,0,0,0,0,0,0,0,0,0,0,0,0,0,0,0,0,0,0,0,0,0,0,0,0,0.13343362239944645,0,0,0,0,0,0,0,0,0,0,0,0,0,0,0,0,0,0,0,0,0,0,0,0,0,0,0,0,0
U5453,2,2,0.04918694709807594,0,0.12405245854292972,0,0,0,0,0,0,0,0,0,0,0,0.028390461988353405,0.028390461988353405,0,0,0,0,0,0,0.08988745956073628,0.08988745956073628,0.06351717506491512,0,0,0,0,1.3686995076960116,0,0,0,0,0,0,0,0,0,0,0,0,0,0,0,0,0,0,0,0,0,0,0,0,0,0,0,0,0,0,0,0,0,0,0,0,0,0,0,0,0,0,0,0,0,0,0,0,0,0,0,0,0,0,0,0,0,0,0,0,0,0,0.028390461988353405,0,0,0,0,0,0,0,0,0,0,0,0,0,0,0
U5454,2,2,0.10129160905683716,0,0.15055103513742427,0,0,0,0,0,0,0,0,0,0,0,0,0,0,0,0,0,0,0,0,0,0,0,0,0,0,1.3427161818939624,0,0,0,0,0,0,0,0,0,0,0,0,0,0,0,0,0,0,0,0,0,0,0.0319819259704417,0,0,0,0,0,0,0,0.0319819259704417,0,0,0,0,0,0,0,0,0,0,0,0,0,0,0,0,0,0.12416313175368748,0,0,0,0,0,0,0,0,0,0,0,0,0,0.0319819259704417,0,0,0,0,0,0,0,0,0,0,0,0,0,0,0
U5455,2,2,0.10235905442543641,0,0.07623459813201888,0,0,0,0,0,0,0,0,0,0,0,0,0,0,0,0,0,0,0,0,0,0,0,0,0,0,1.4140723774028,0,0,0,0,0,0,0,0,0,0,0,0,0,0,0,0,0,0,0,0,0,0,0,0.03406672398203165,0,0,0,0,0,0,0,0,0,0,0,0,0,0,0,0,0,0,0,0,0,0,0,0,0.07623459813201888,0,0,0,0,0,0,0,0,0,0,0,0,0,0,0,0,0,0,0,0.03406672398203165,0,0,0,0,0,0,0,0,0
U5456,2,2,0.061008915643315204,0,0.1499088702889021,0,0,0,0,0,0,0,0,0,0,0,0,0.04312642897697856,0,0,0,0,0,0,0,0,0,0,0,0,0,1.2841768325347032,0,0,0.04312642897697856,0,0,0,0,0,0,0,0,0,0,0,0,0,0,0,0,0,0,0,0,0,0,0,0,0,0,0,0,0,0,0,0,0,0,0,0,0,0,0,0,0,0.18904957714938408,0,0,0,0.12224640361575533,0,0,0,0,0,0,0,0,0,0,0,0,0,0,0,0,0,0,0,0,0,0,0,0,0,0,0,0,0
U5457,2,2,0.0697863707887938,0,0.11411570365906443,0,0,0,0,0,0,0,0,0,0,0,0,0,0,0,0,0,0,0,0,0,0,0,0,0,0,1.2146673701670072,0,0,0,0,0,0,0,0,0,0,0,0,0,0,0,0,0.3198548884618236,0,0,0,0,0,0,0,0,0,0,0,0,0,0,0,0,0,0,0,0,0,0,0,0,0,0,0,0,0,0,0,0.040269366309713624,0,0,0,0,0,0,0,0,0,0,0,0,0,0,0,0,0,0,0,0.056964897868190874,0,0,0,0,0,0,0,0,0
U5458,2,2,0.059165752724307456,0,0.11085130378738996,0,0,0,0,0,0,0,0,0,0,0,0,0,0,0,0,0,0,0,0,0.2535815807778436,0,0,0,0,0,1.2737630295829223,0,0,0,0,0,0,0,0,0,0,0,0,0,0,0,0,0,0,0,0,0,0,0.059165752724307456,0,0,0,0,0,0,0,0,0,0,0,0,0,0,0,0,0,0,0,0,0,0,0,0,0,0.04182429253033279,0,0,0,0,0,0,0,0,0,0,0,0,0,0,0,0,0,0,0,0.04182429253033279,0,0,0,0,0,0,0,0,0
U5459,2,2,0.06437119791051023,0,0.15373313531319763,0,0,0,0,0,0,0,0,0,0,0,0,0,0,0,0,0,0,0,0,0.19052338022178508,0,0,0,0,0,1.3161641937932107,0,0,0,0,0,0,0,0,0,0,0,0,0,0,0,0,0,0,0,0,0,0,0,0,0,0,0,0,0,0,0,0,0,0,0,0,0,0,0,0,0,0,0,0,0,0,0,0,0,0,0,0,0,0,0,0,0,0,0,0,0,0,0,0,0,0,0,0,0,0,0,0,0,0,0,0,0,0
U5460,2,1,0,0,0,0,0,0,0,0,0,0,0,0,0,0,0,0,0,0,0,0,0.3630073998682081,0,0.8245686530039874,0.488555039012402,0.33364048458391043,0,0,0,0,0,0,0,0,0,0,0,0,0,0,0,0,0,0,0,0,0,0,0,0,0,0.038078551373864775,0,0,0,0,0,0,0,0,0,0,0,0,0,0,0,0,0,0,0,0,0,0,0,0,0,0,0,0,0,0,0,0,0,0,0,0,0,0,0,0,0,0,0,0,0,0,0,0.076212454969122,0,0,0,0,0,0,0,0,0
U5461,2,1,0.06981471038055143,0,0.06981471038055143,0,0,0.049346386632207445,0,0,0,0,0,0,0,0,0,0,0,0,0,0,0,0,0.30896007797113084,0.36182669489876373,0.21083249343719698,0,0,0,0,1.0202122471399953,0,0,0,0,0,0,0,0,0,0,0,0,0,0,0,0,0,0,0,0,0,0,0,0,0,0,0,0,0,0,0,0,0,0,0,0,0,0,0,0,0,0,0,0,0,0,0,0,0,0,0,0,0,0,0,0,0,0,0,0,0,0,0,0,0,0,0,0,0,0,0,0,0,0,0,0,0,0
U5462,2,2,0.05352367529772683,0,0.06772212233270584,0,0.047868455374387595,0,0,0,0,0,0,0,0,0,0,0,0,0,0,0,0,0,0,0,0,0,0,0,0.041451337255818455,1.4609369338696925,0,0,0,0,0,0,0,0,0,0,0,0,0,0,0,0,0,0,0,0,0,0,0.023927370332205843,0,0,0,0,0,0,0,0,0,0,0,0,0,0,0,0,0,0,0,0,0,0,0,0,0,0,0,0,0,0,0,0,0,0,0,0,0,0,0,0,0,0,0,0,0,0,0,0,0,0,0,0,0,0,0
U5463,2,2,0.041860922377872936,0,0.05127644442107585,0,0,0,0,0,0,0,0,0,0,0,0,0,0,0,0,0,0,0,0,0.206479964129507,0,0,0,0,0,1.326146241122569,0,0,0,0,0,0,0,0,0,0,0,0,0,0,0.0983021395860138,0,0,0,0,0,0,0,0.05127644442107585,0,0,0,0,0,0,0,0,0,0,0,0,0,0,0,0,0,0,0,0,0,0,0,0,0,0,0,0,0,0,0,0,0,0,0,0,0,0,0,0,0,0,0,0,0,0,0,0,0,0,0,0,0,0,0
U5464,2,2,0.02378481807253524,0,0.047583102867459585,0,0,0,0,0,0,0,0,0,0,0,0.02378481807253524,0,0.02378481807253524,0,0,0,0,0,0,0.11919491321388273,0,0,0,0,0,1.260340503666486,0,0,0,0,0,0,0,0,0,0,0,0,0,0,0,0,0,0,0.2624394621456601,0.08247873532234692,0,0.02378481807253524,0,0,0,0,0,0,0,0,0,0,0,0,0,0,0,0,0,0,0,0,0,0,0,0,0,0,0,0,0,0,0,0,0,0,0,0,0,0,0,0,0,0.02378481807253524,0,0,0,0,0,0,0,0,0,0,0,0,0,0
U5465,2,2,0.06988286717166593,0,0.0541133931526386,0,0,0,0,0,0,0,0,0,0,0,0.02208271407998404,0,0,0,0,0,0.16748928125716658,0,0,0.06988286430039507,0,0,0,0,0.03825460523524876,1.3573873646736712,0,0,0,0,0,0,0,0,0,0,0,0,0,0,0,0,0,0,0,0,0.02208271407998404,0,0.03825460523524876,0,0,0,0,0,0,0,0,0,0,0,0,0,0,0,0,0,0,0,0,0,0,0,0,0,0,0,0,0,0,0,0,0,0,0,0,0,0,0,0,0.02208271407998404,0,0,0,0,0,0,0,0,0,0,0,0,0,0
U5466,2,2,0.05248158271899316,0,0.04693664061297273,0,0,0,0,0,0,0,0,0,0,0,0.023461856153737352,0.023461856153737352,0,0,0,0,0,0.023461856153737352,0,0,0,0,0,0,0,1.4630822986633398,0,0,0,0,0,0,0,0,0,0,0,0,0,0,0,0,0,0,0,0,0,0,0.06640285270561443,0,0,0,0,0,0,0,0,0,0,0,0,0,0,0,0,0,0,0,0,0,0,0,0,0,0,0,0,0,0,0,0,0,0,0,0,0,0,0,0,0.023461856153737352,0,0,0,0,0,0,0,0,0,0,0,0,0,0
U5471,2,1,0,0,0,0,0,0,0,0,0,0,0,0,0,0,0,0,0,0,0,0,0.27792396647621953,0,0,0.7115385890074889,0.2826694823920035,0,0,0,0.058034049778228715,0,0,0,0,0,0,0,0,0,0,0.029004806329405396,0,0,0,0.10475513909549126,0,0,0,0,0,0,0.05428206887919088,0,0.6686980963758138,0.02050805596117069,0,0,0.02050805596117069,0,0,0,0,0,0,0,0,0,0,0,0,0,0,0,0,0,0,0,0,0,0,0,0,0,0,0,0,0,0,0,0,0,0,0,0,0.12675040877894642,0,0,0,0,0,0,0,0,0,0,0,0,0,0.035525978833326956
U5472,2,1,0,0,0,0,0,0.39199053430084985,0,0,0,0,0,0,0,0,0,0,0,0,0,0,0.49663928551475167,0,0,0.6957290880487308,0.14757803173410025,0.2682924911695344,0,0,0.07358785935786183,0,0,0,0,0,0,0,0,0,0,0.10416330866427567,0,0,0,0.18107801501419044,0,0,0,0,0,0,0,0.07358785935786183,0.16514867733129351,0,0,0,0,0,0,0,0,0,0,0,0,0,0,0,0,0,0,0,0,0,0,0,0,0,0,0,0,0,0,0,0,0,0,0,0,0,0,0,0,0.20947877548163685,0,0,0,0,0,0,0,0,0,0,0,0,0,0
U5473,2,1,0,0,0,0,0,0,0,0,0,0,0,0,0,0,0,0,0.04609388876522029,0,0,0,0.45509982654265335,0,0,0.921907260960379,0.2760928564031907,0,0,0,0,0,0,0,0,0,0,0,0,0,0,0,0,0,0,0,0,0,0.263699645764239,0,0,0,0,0.04609388876522029,0.1131075454723009,0,0,0,0,0,0,0,0,0,0,0,0,0,0,0,0,0.10321574435939203,0,0,0,0,0,0,0,0,0,0,0,0,0,0,0,0,0,0,0,0,0,0,0,0.04609388876522029,0,0,0,0,0,0,0,0,0,0,0,0,0,0
U5474,2,1,0,0,0.08492092491869804,0,0,0,0,0,0,0,0,0,0,0,0,0,0,0.08492092491869804,0,0,0.19081667518356374,0,0,0.43796174251562503,0.19081667518356374,0,0,0,0,0.6876545014024043,0,0,0,0,0,0,0,0,0,0,0,0,0,0,0,0,0,0,0,0,0,0,0.5502012296554423,0,0,0,0,0,0,0,0,0,0,0,0,0,0,0,0,0.08492092491869804,0,0,0,0,0,0,0,0,0,0,0,0,0,0,0,0,0,0,0,0,0,0,0.08492092491869804,0.20928750847663613,0,0,0,0,0,0,0,0,0,0,0,0,0,0
U5475,2,1,0,0,0,0,0,0,0,0,0,0,0,0,0,0,0,0,0,0,0,0,0.7340257744466071,0,0,0.8110504413889955,0,0,0,0,0,0,0,0,0,0,0,0,0,0,0,0,0,0,0,0,0,0,0,0,0,0,0,0,0.11347104941109505,0,0,0,0,0,0,0,0,0,0,0,0,0,0,0,0,0,0,0,0,0,0,0,0,0,0,0,0,0,0,0,0,0,0,0,0,0,0,0,0,0.11347104941109505,0,0,0,0,0,0,0,0,0,0,0,0,0,0
U5476,2,1,0,0,0,0,0,0.32144235622898243,0,0,0,0,0,0,0,0,0,0,0,0,0,0,0.43239592658545345,0,0.4213603683910597,0.43602832075113923,0.2892001415513219,0,0,0,0,0,0,0,0,0.34968372215817545,0,0.05268025543286864,0,0.03040557949643039,0,0,0,0,0,0.10099999130744454,0,0,0,0,0,0.34824555746642305,0,0,0.1329053532640529,0,0,0,0.03040557949643039,0,0,0,0,0,0,0,0,0,0,0,0,0,0,0,0,0,0,0.15259599783199904,0,0,0,0,0,0,0,0,0,0,0,0,0,0,0,0,0.03040557949643039,0.08609303015783164,0,0,0,0,0,0,0,0,0,0,0,0,0,0
U5477,2,1,0,0,0,0,0,0.1291006433090751,0,0,0,0,0,0,0,0,0,0,0,0,0,0,0.25291790529680797,0,0,0.6730367862915996,0.18309035380098845,0,0,0,0.042927290082851725,0,0,0,0,0,0,0,0,0,0,0,0,0,0,0,0,0,0,0,0,0.601737884298186,0,0,0.34757643179618464,0,0,0,0.042927290082851725,0,0,0,0,0,0,0,0,0,0,0,0,0,0,0,0,0,0,0,0,0,0,0,0,0,0,0,0,0,0,0.22060486683679076,0,0,0,0,0,0.10531222227972878,0,0,0,0,0,0,0,0,0,0,0,0,0,0
U5500,1,2,0,0,0,0,0,0,0,0,0,0,0,0,0,0,0,0,0,0.042498721396390264,0,0,0,0,0,0,0,0,0,0,0,0,0,0,0.042498721396390264,0,0,0,0,0,0,0,0.042498721396390264,0,0,0,0,0,0,0,0,0,0,0,0,0,0,0,0,0,0,0,0,0,0,0,0,0,0,0,0,0,0,0,0,0,0,0,0,0,1.4857218829011287,0,0,0,0,0,0,0,0,0,0,0,0,0,0,0,0,0,0.042498721396390264,0,0,0,0,0,0,0,0,0,0,0
