survey_date,region,species,fork_length,year
2015-05-16,D,PI,86,2015
2015-05-16,D,CU,114,2015
2015-05-16,D,CU,114,2015
2015-05-16,D,CU,122,2015
2015-05-16,D,CU,101,2015
2015-05-16,D,CU,90,2015
2015-05-19,D,CU,118,2015
2015-05-19,D,CU,120,2015
2015-05-19,D,CU,107,2015
2015-05-19,D,CU,109,2015
2015-05-19,D,CU,108,2015
2015-05-19,D,CU,120,2015
2015-05-19,D,CU,114,2015
2015-05-19,D,CU,116,2015
2015-05-19,D,CU,89,2015
2015-05-20,D,CU,99,2015
2015-05-20,D,CU,82,2015
2015-05-20,D,CU,113,2015
2015-05-20,D,CU,81,2015
2015-05-20,D,CU,76,2015
2015-05-21,D,PI,83,2015
2015-05-21,D,PI,88,2015
2015-05-21,D,PI,90,2015
2015-05-21,D,PI,80,2015
2015-05-21,D,PI,88,2015
2015-05-21,D,CU,96,2015
2015-05-21,D,CU,122,2015
2015-05-21,D,CU,90,2015
2015-05-21,D,CU,84,2015
2015-05-21,D,PI,87,2015
2015-05-21,D,CU,97,2015
2015-05-21,D,CU,91,2015
2015-05-21,D,CU,111,2015
2015-05-21,D,CU,90,2015
2015-05-23,D,CU,117,2015
2015-05-23,D,CU,113,2015
2015-05-23,D,CU,116,2015
2015-05-23,D,CU,116,2015
2015-05-23,D,CU,112,2015
2015-05-23,D,CU,113,2015
2015-05-23,D,CU,114,2015
2015-05-23,D,CU,98,2015
2015-05-23,D,CU,107,2015
2015-05-23,D,CU,117,2015
2015-05-23,D,PI,85,2015
2015-05-23,D,PI,80,2015
2015-05-26,D,CU,113,2015
2015-05-26,D,CU,104,2015
2015-05-26,D,CU,103,2015
2015-05-26,D,CU,103,2015
2015-05-26,D,CU,106,2015
2015-05-28,D,CU,119,2015
2015-05-28,D,CU,134,2015
2015-05-28,D,CU,128,2015
2015-05-28,D,CU,116,2015
2015-05-28,D,CU,114,2015
2015-05-31,D,PI,62,2015
2015-05-31,D,CU,94,2015
2015-05-31,D,CU,84,2015
2015-05-31,D,CU,101,2015
2015-05-31,D,CU,99,2015
2015-05-31,D,CU,92,2015
2015-05-31,D,CU,90,2015
2015-05-31,D,CU,106,2015
2015-05-31,D,CU,87,2015
2015-05-31,D,CU,95,2015
2015-05-31,D,CU,119,2015
2015-06-01,D,CU,130,2015
2015-06-01,D,CU,125,2015
2015-06-01,D,CU,124,2015
2015-06-01,D,CU,104,2015
2015-06-01,D,CU,106,2015
2015-06-03,D,PI,134,2015
2015-06-05,D,CU,121,2015
2015-06-05,D,CU,138,2015
2015-06-05,D,CU,113,2015
2015-06-05,D,CU,127,2015
2015-06-05,D,CU,134,2015
2015-06-05,D,CU,94,2015
2015-06-05,D,CU,86,2015
2015-06-05,D,CU,93,2015
2015-06-05,D,CU,89,2015
2015-06-05,D,CU,94,2015
2015-06-05,D,CU,90,2015
2015-06-05,D,CU,89,2015
2015-06-05,D,CU,104,2015
2015-06-05,D,CU,90,2015
2015-06-07,D,CU,124,2015
2015-06-07,D,CU,133,2015
2015-06-07,D,CU,132,2015
2015-06-07,D,CU,121,2015
2015-06-07,D,CU,118,2015
2015-06-07,D,PI,121,2015
2015-06-07,D,CU,123,2015
2015-06-07,D,PI,92,2015
2015-06-07,D,PI,100,2015
2015-06-07,D,PI,98,2015
2015-06-07,D,PI,97,2015
2015-06-07,D,PI,103,2015
2015-06-07,D,PI,98,2015
2015-06-07,D,CU,94,2015
2015-06-07,D,CU,98,2015
2015-06-07,D,CU,88,2015
2015-06-07,D,CU,93,2015
2015-06-07,D,CU,99,2015
2015-06-07,D,CU,93,2015
2015-06-07,D,CU,89,2015
2015-06-07,D,CU,95,2015
2015-06-07,D,CU,91,2015
2015-06-09,D,CU,124,2015
2015-06-09,D,CU,129,2015
2015-06-09,D,PI,122,2015
2015-06-09,D,CU,118,2015
2015-06-09,D,CU,117,2015
2015-06-09,D,CU,126,2015
2015-06-09,D,PI,100,2015
2015-06-09,D,PI,95,2015
2015-06-09,D,CU,105,2015
2015-06-09,D,CU,112,2015
2015-06-09,D,CU,121,2015
2015-06-09,D,CU,99,2015
2015-06-09,D,CU,111,2015
2015-06-09,D,CU,116,2015
2015-06-09,D,CU,108,2015
2015-06-09,D,CU,127,2015
2015-06-09,D,CU,100,2015
2015-06-09,D,CU,104,2015
2015-06-11,D,PI,103,2015
2015-06-11,D,CU,104,2015
2015-06-11,D,CU,98,2015
2015-06-11,D,CU,92,2015
2015-06-11,D,CU,105,2015
2015-06-11,D,CU,106,2015
2015-06-11,D,PI,105,2015
2015-06-11,D,PI,104,2015
2015-06-11,D,PI,109,2015
2015-06-13,D,PI,106,2015
2015-06-13,D,PI,104,2015
2015-06-13,D,PI,103,2015
2015-06-13,D,CU,111,2015
2015-06-13,D,CU,111,2015
2015-06-13,D,CU,114,2015
2015-06-13,D,CU,100,2015
2015-06-13,D,CU,100,2015
2015-06-13,D,CU,124,2015
2015-06-13,D,CU,107,2015
2015-06-13,D,CU,103,2015
2015-06-13,D,CU,110,2015
2015-06-13,D,CU,115,2015
2015-06-14,D,PI,118,2015
2015-06-14,D,CU,134,2015
2015-06-14,D,CU,126,2015
2015-06-14,D,CU,104,2015
2015-06-14,D,CU,130,2015
2015-06-14,D,CU,135,2015
2015-06-14,D,CU,113,2015
2015-06-17,D,CU,133,2015
2015-06-17,D,CU,137,2015
2015-06-17,D,CU,138,2015
2015-06-17,D,CU,139,2015
2015-06-17,D,CU,136,2015
2015-06-17,D,CU,139,2015
2015-06-17,D,CU,143,2015
2015-06-17,D,CU,134,2015
2015-06-17,D,CU,135,2015
2015-06-17,D,CU,121,2015
2015-06-18,D,CU,107,2015
2015-06-18,D,CU,122,2015
2015-06-18,D,CU,131,2015
2015-06-18,D,CU,112,2015
2015-06-18,D,CU,117,2015
2015-06-20,D,CU,136,2015
2015-06-20,D,CU,103,2015
2015-06-20,D,CU,132,2015
2015-06-20,D,CU,135,2015
2015-06-20,D,CU,134,2015
2015-06-22,D,PI,110,2015
2015-06-22,D,PI,96,2015
2015-06-22,D,PI,115,2015
2015-06-22,D,PI,113,2015
2015-06-22,D,PI,119,2015
2015-06-22,D,PI,111,2015
2015-06-22,D,PI,117,2015
2015-06-22,D,CU,101,2015
2015-06-22,D,CU,111,2015
2015-06-22,D,CU,108,2015
2015-06-22,D,CU,120,2015
2015-06-22,D,CU,112,2015
2015-06-24,D,CU,116,2015
2015-06-24,D,CU,113,2015
2015-06-24,D,CU,137,2015
2015-06-24,D,CU,134,2015
2015-06-24,D,CU,125,2015
2015-06-27,D,CU,109,2015
2015-06-27,D,CU,101,2015
2015-06-27,D,CU,144,2015
2015-06-27,D,CU,140,2015
2015-06-27,D,CU,96,2015
2015-06-27,D,PI,120,2015
2015-06-27,D,PI,117,2015
2015-06-27,D,PI,114,2015
2015-06-27,D,PI,99,2015
2015-06-27,D,PI,112,2015
2015-06-27,D,PI,119,2015
2015-06-27,D,PI,117,2015
2015-06-27,D,PI,120,2015
2015-06-27,D,PI,119,2015
2015-06-27,D,PI,111,2015
2015-06-29,D,PI,110,2015
2015-06-29,D,PI,111,2015
2015-06-29,D,CU,109,2015
2015-06-29,D,CU,122,2015
2015-06-29,D,CU,107,2015
2015-06-29,D,CU,146,2015
2015-06-29,D,CU,117,2015
2015-06-29,D,CU,114,2015
2015-06-29,D,CU,115,2015
2015-07-02,D,PI,121,2015
2015-07-02,D,PI,135,2015
2015-07-02,D,CU,136,2015
2015-07-02,D,CU,143,2015
2015-07-02,D,CU,113,2015
2015-07-02,D,CU,144,2015
2015-07-02,D,CU,137,2015
2015-07-02,D,PI,116,2015
2015-07-02,D,PI,123,2015
2015-07-02,D,PI,108,2015
2015-07-02,D,PI,123,2015
2015-07-02,D,PI,122,2015
2015-07-06,D,CU,136,2015
2015-07-06,D,CU,125,2015
2015-07-06,D,CU,128,2015
2015-07-06,D,CU,152,2015
2015-07-06,D,CU,140,2015
2015-07-07,D,CU,117,2015
2015-07-07,D,CU,131,2015
2015-07-07,D,CU,137,2015
2015-07-07,D,CU,131,2015
2015-07-07,D,CU,116,2015
2015-07-07,D,PI,122,2015
2015-07-07,D,PI,136,2015
2015-07-07,D,PI,125,2015
2015-07-07,D,PI,148,2015
2015-07-07,D,PI,122,2015
2015-07-07,D,PI,132,2015
2015-07-07,D,PI,128,2015
2015-07-07,D,PI,137,2015
2015-07-07,D,PI,152,2015
2015-07-07,D,PI,136,2015
2016-05-14,D,PI,57,2016
2016-05-14,D,PI,62,2016
2016-05-14,D,PI,60,2016
2016-05-15,D,CU,109,2016
2016-05-15,D,CU,67,2016
2016-05-15,D,CU,68,2016
2016-05-15,D,CU,100,2016
2016-05-15,D,CU,96,2016
2016-05-15,D,CU,108,2016
2016-05-15,D,CU,92,2016
2016-05-15,D,CU,85,2016
2016-05-15,D,CU,113,2016
2016-05-15,D,CU,99,2016
2016-05-15,D,PI,66,2016
2016-05-15,D,PI,95,2016
2016-05-15,D,PI,76,2016
2016-05-15,D,PI,52,2016
2016-05-15,D,PI,76,2016
2016-05-15,D,PI,92,2016
2016-05-15,D,PI,132,2016
2016-05-15,D,PI,105,2016
2016-05-15,D,PI,91,2016
2016-05-15,D,PI,86,2016
2016-05-19,D,CU,77,2016
2016-05-19,D,CU,73,2016
2016-05-19,D,CU,65,2016
2016-05-19,D,CU,76,2016
2016-05-19,D,CU,69,2016
2016-05-19,D,CU,79,2016
2016-05-19,D,CU,71,2016
2016-05-19,D,CU,65,2016
2016-05-19,D,CU,66,2016
2016-05-19,D,CU,72,2016
2016-05-19,D,CU,71,2016
2016-05-19,D,PI,64,2016
2016-05-19,D,PI,81,2016
2016-05-19,D,PI,88,2016
2016-05-19,D,PI,73,2016
2016-05-19,D,PI,75,2016
2016-05-19,D,PI,71,2016
2016-05-19,D,PI,68,2016
2016-05-19,D,PI,73,2016
2016-05-19,D,PI,73,2016
2016-05-19,D,PI,56,2016
2016-05-23,D,CU,76,2016
2016-05-23,D,CU,73,2016
2016-05-23,D,CU,101,2016
2016-05-23,D,CU,88,2016
2016-05-23,D,CU,98,2016
2016-05-23,D,CU,81,2016
2016-05-23,D,CU,75,2016
2016-05-23,D,CU,88,2016
2016-05-23,D,CU,88,2016
2016-05-23,D,CU,72,2016
2016-05-23,D,PI,81,2016
2016-05-23,D,PI,107,2016
2016-05-23,D,PI,86,2016
2016-05-23,D,PI,97,2016
2016-05-23,D,PI,87,2016
2016-05-23,D,PI,95,2016
2016-05-23,D,PI,92,2016
2016-05-23,D,PI,87,2016
2016-05-23,D,PI,87,2016
2016-05-23,D,PI,82,2016
2016-05-23,D,CU,92,2016
2016-05-23,D,CU,127,2016
2016-05-23,D,CU,97,2016
2016-05-23,D,CU,97,2016
2016-05-23,D,CU,100,2016
2016-05-23,D,CU,103,2016
2016-05-23,D,CU,90,2016
2016-05-23,D,CU,98,2016
2016-05-23,D,CU,87,2016
2016-05-23,D,CU,95,2016
2016-05-23,D,PI,107,2016
2016-05-23,D,PI,91,2016
2016-05-23,D,PI,97,2016
2016-05-23,D,PI,109,2016
2016-05-23,D,PI,97,2016
2016-05-23,D,PI,93,2016
2016-05-23,D,PI,96,2016
2016-05-23,D,PI,102,2016
2016-05-23,D,PI,98,2016
2016-05-26,D,CU,108,2016
2016-05-26,D,CU,88,2016
2016-05-26,D,CU,81,2016
2016-05-26,D,CU,86,2016
2016-05-26,D,CU,73,2016
2016-05-26,D,CU,89,2016
2016-05-26,D,CU,94,2016
2016-05-26,D,CU,77,2016
2016-05-26,D,CU,92,2016
2016-05-26,D,CU,83,2016
2016-05-26,D,PI,94,2016
2016-05-26,D,PI,84,2016
2016-05-26,D,PI,87,2016
2016-05-26,D,PI,102,2016
2016-05-26,D,PI,85,2016
2016-05-26,D,PI,85,2016
2016-05-26,D,PI,85,2016
2016-05-26,D,PI,89,2016
2016-05-26,D,PI,87,2016
2016-05-26,D,PI,77,2016
2016-05-27,D,CU,99,2016
2016-05-27,D,CU,88,2016
2016-05-27,D,CU,96,2016
2016-05-27,D,CU,97,2016
2016-05-27,D,CU,79,2016
2016-05-27,D,CU,103,2016
2016-05-27,D,CU,100,2016
2016-05-27,D,CU,100,2016
2016-05-27,D,PI,99,2016
2016-05-27,D,PI,104,2016
2016-05-27,D,PI,96,2016
2016-05-27,D,PI,93,2016
2016-05-27,D,PI,81,2016
2016-05-27,D,PI,99,2016
2016-05-27,D,PI,92,2016
2016-05-27,D,PI,102,2016
2016-05-27,D,PI,99,2016
2016-05-27,D,PI,98,2016
2016-05-27,D,CU,122,2016
2016-05-27,D,CU,96,2016
2016-05-27,D,CU,122,2016
2016-05-27,D,CU,119,2016
2016-05-27,D,CU,107,2016
2016-05-27,D,CU,113,2016
2016-05-27,D,CU,110,2016
2016-05-27,D,CU,84,2016
2016-05-27,D,CU,74,2016
2016-05-27,D,CU,95,2016
2016-05-27,D,PI,109,2016
2016-05-27,D,PI,102,2016
2016-05-27,D,PI,105,2016
2016-05-27,D,PI,99,2016
2016-05-27,D,PI,99,2016
2016-05-27,D,PI,89,2016
2016-05-27,D,PI,91,2016
2016-05-27,D,PI,113,2016
2016-05-27,D,PI,98,2016
2016-06-01,D,CU,90,2016
2016-06-01,D,CU,99,2016
2016-06-01,D,CU,112,2016
2016-06-01,D,CU,99,2016
2016-06-01,D,CU,95,2016
2016-06-01,D,CU,108,2016
2016-06-01,D,CU,108,2016
2016-06-01,D,CU,109,2016
2016-06-01,D,CU,120,2016
2016-06-01,D,CU,97,2016
2016-06-01,D,PI,102,2016
2016-06-01,D,PI,106,2016
2016-06-01,D,PI,98,2016
2016-06-01,D,CU,92,2016
2016-06-01,D,CU,97,2016
2016-06-01,D,CU,86,2016
2016-06-01,D,CU,81,2016
2016-06-01,D,CU,88,2016
2016-06-01,D,CU,89,2016
2016-06-01,D,CU,88,2016
2016-06-01,D,CU,84,2016
2016-06-01,D,CU,90,2016
2016-06-01,D,CU,102,2016
2016-06-01,D,PI,119,2016
2016-06-01,D,PI,98,2016
2016-06-01,D,PI,96,2016
2016-06-01,D,PI,100,2016
2016-06-01,D,PI,99,2016
2016-06-01,D,PI,101,2016
2016-06-01,D,PI,97,2016
2016-06-01,D,PI,95,2016
2016-06-01,D,PI,93,2016
2016-06-01,D,PI,103,2016
2016-06-03,D,CU,110,2016
2016-06-03,D,CU,93,2016
2016-06-03,D,CU,93,2016
2016-06-03,D,CU,91,2016
2016-06-03,D,CU,86,2016
2016-06-03,D,CU,110,2016
2016-06-03,D,CU,87,2016
2016-06-03,D,CU,80,2016
2016-06-03,D,CU,104,2016
2016-06-03,D,CU,82,2016
2016-06-03,D,PI,94,2016
2016-06-03,D,PI,90,2016
2016-06-03,D,PI,85,2016
2016-06-03,D,PI,107,2016
2016-06-03,D,PI,94,2016
2016-06-03,D,PI,82,2016
2016-06-03,D,PI,85,2016
2016-06-03,D,PI,95,2016
2016-06-03,D,PI,95,2016
2016-06-03,D,PI,97,2016
2016-06-07,D,CU,111,2016
2016-06-07,D,CU,107,2016
2016-06-07,D,CU,117,2016
2016-06-07,D,CU,126,2016
2016-06-07,D,CU,110,2016
2016-06-07,D,CU,110,2016
2016-06-07,D,CU,92,2016
2016-06-07,D,CU,99,2016
2016-06-07,D,CU,89,2016
2016-06-07,D,CU,114,2016
2016-06-07,D,PI,101,2016
2016-06-07,D,PI,105,2016
2016-06-07,D,PI,95,2016
2016-06-07,D,CU,113,2016
2016-06-07,D,CU,104,2016
2016-06-07,D,CU,120,2016
2016-06-07,D,CU,111,2016
2016-06-07,D,CU,108,2016
2016-06-07,D,CU,121,2016
2016-06-07,D,PI,96,2016
2016-06-07,D,PI,106,2016
2016-06-07,D,PI,101,2016
2016-06-07,D,PI,102,2016
2016-06-07,D,PI,114,2016
2016-06-07,D,PI,93,2016
2016-06-07,D,CU,124,2016
2016-06-07,D,CU,93,2016
2016-06-07,D,CU,113,2016
2016-06-07,D,CU,111,2016
2016-06-09,D,CU,105,2016
2016-06-09,D,CU,104,2016
2016-06-09,D,CU,97,2016
2016-06-09,D,CU,112,2016
2016-06-09,D,CU,108,2016
2016-06-09,D,CU,107,2016
2016-06-09,D,CU,102,2016
2016-06-09,D,CU,103,2016
2016-06-09,D,CU,103,2016
2016-06-09,D,CU,89,2016
2016-06-09,D,PI,104,2016
2016-06-09,D,PI,97,2016
2016-06-09,D,PI,100,2016
2016-06-09,D,PI,116,2016
2016-06-09,D,PI,96,2016
2016-06-09,D,PI,102,2016
2016-06-09,D,PI,93,2016
2016-06-09,D,PI,110,2016
2016-06-09,D,PI,105,2016
2016-06-09,D,PI,105,2016
2016-06-09,D,PI,111,2016
2016-06-09,D,PI,88,2016
2016-06-09,D,PI,100,2016
2016-06-09,D,CU,117,2016
2016-06-09,D,CU,99,2016
2016-06-09,D,CU,104,2016
2016-06-09,D,CU,94,2016
2016-06-09,D,PI,95,2016
2016-06-09,D,PI,91,2016
2016-06-09,D,PI,100,2016
2016-06-09,D,PI,95,2016
2016-06-09,D,PI,96,2016
2016-06-09,D,PI,92,2016
2016-06-09,D,PI,101,2016
2016-06-14,D,CU,108,2016
2016-06-14,D,CU,116,2016
2016-06-14,D,CU,97,2016
2016-06-14,D,CU,103,2016
2016-06-14,D,CU,107,2016
2016-06-14,D,CU,107,2016
2016-06-14,D,CU,110,2016
2016-06-14,D,CU,93,2016
2016-06-14,D,CU,112,2016
2016-06-14,D,CU,115,2016
2016-06-14,D,PI,114,2016
2016-06-14,D,PI,101,2016
2016-06-14,D,PI,106,2016
2016-06-14,D,PI,108,2016
2016-06-14,D,PI,118,2016
2016-06-14,D,PI,109,2016
2016-06-14,D,PI,111,2016
2016-06-14,D,PI,107,2016
2016-06-14,D,PI,111,2016
2016-06-14,D,PI,108,2016
2016-06-14,D,CU,101,2016
2016-06-14,D,CU,99,2016
2016-06-14,D,CU,113,2016
2016-06-14,D,CU,106,2016
2016-06-14,D,CU,97,2016
2016-06-14,D,CU,104,2016
2016-06-14,D,CU,102,2016
2016-06-14,D,CU,105,2016
2016-06-14,D,CU,113,2016
2016-06-14,D,CU,100,2016
2016-06-14,D,PI,111,2016
2016-06-14,D,PI,111,2016
2016-06-14,D,PI,97,2016
2016-06-14,D,PI,105,2016
2016-06-14,D,PI,96,2016
2016-06-14,D,PI,102,2016
2016-06-14,D,PI,106,2016
2016-06-14,D,PI,102,2016
2016-06-14,D,PI,104,2016
2016-06-14,D,PI,105,2016
2016-06-16,D,CU,109,2016
2016-06-16,D,CU,97,2016
2016-06-16,D,CU,94,2016
2016-06-16,D,CU,111,2016
2016-06-16,D,CU,109,2016
2016-06-16,D,CU,105,2016
2016-06-16,D,CU,96,2016
2016-06-16,D,CU,110,2016
2016-06-16,D,CU,106,2016
2016-06-16,D,PI,109,2016
2016-06-16,D,PI,106,2016
2016-06-16,D,PI,110,2016
2016-06-16,D,PI,112,2016
2016-06-16,D,PI,101,2016
2016-06-16,D,PI,110,2016
2016-06-16,D,PI,108,2016
2016-06-16,D,PI,123,2016
2016-06-16,D,PI,103,2016
2016-06-16,D,PI,107,2016
2016-06-16,D,CU,100,2016
2016-06-21,D,CU,108,2016
2016-06-21,D,CU,101,2016
2016-06-21,D,CU,102,2016
2016-06-21,D,CU,108,2016
2016-06-21,D,CU,84,2016
2016-06-21,D,CU,107,2016
2016-06-21,D,CU,102,2016
2016-06-21,D,CU,99,2016
2016-06-21,D,CU,98,2016
2016-06-21,D,CU,109,2016
2016-06-21,D,PI,112,2016
2016-06-21,D,PI,103,2016
2016-06-21,D,PI,112,2016
2016-06-21,D,PI,97,2016
2016-06-21,D,PI,109,2016
2016-06-21,D,PI,117,2016
2016-06-21,D,PI,104,2016
2016-06-21,D,PI,117,2016
2016-06-21,D,PI,111,2016
2016-06-21,D,PI,111,2016
2016-07-06,D,PI,132,2016
2016-07-06,D,PI,140,2016
2016-07-06,D,PI,136,2016
2016-07-06,D,PI,135,2016
2016-07-06,D,PI,127,2016
2016-07-06,D,PI,125,2016
2016-07-06,D,PI,133,2016
2016-07-06,D,PI,122,2016
2016-07-06,D,PI,125,2016
2016-07-06,D,PI,129,2016
2016-07-06,D,CU,125,2016
2016-07-06,D,CU,133,2016
2016-07-06,D,CU,149,2016
2016-07-06,D,CU,152,2016
2016-07-06,D,CU,135,2016
2016-07-06,D,CU,125,2016
2016-07-06,D,CU,139,2016
2016-07-06,D,CU,144,2016
2016-07-06,D,CU,117,2016
2016-07-06,D,CU,140,2016
2017-05-25,D,PI,79,2017
2017-05-25,D,PI,78,2017
2017-05-25,D,CU,94,2017
2017-05-25,D,CU,114,2017
2017-05-25,D,CU,110,2017
2017-05-25,D,CU,100,2017
2017-05-25,D,CU,123,2017
2017-05-25,D,CU,118,2017
2017-05-25,D,CU,119,2017
2017-05-25,D,CU,119,2017
2017-05-25,D,CU,129,2017
2017-05-29,D,PI,80,2017
2017-05-29,D,CU,106,2017
2017-05-29,D,CU,121,2017
2017-05-29,D,CU,116,2017
2017-05-29,D,CU,112,2017
2017-05-29,D,CU,119,2017
2017-05-29,D,CU,115,2017
2017-05-29,D,CU,105,2017
2017-06-05,D,PI,75,2017
2017-06-05,D,PI,76,2017
2017-06-05,D,PI,81,2017
2017-06-05,D,PI,80,2017
2017-06-05,D,PI,74,2017
2017-06-05,D,PI,75,2017
2017-06-05,D,PI,78,2017
2017-06-05,D,PI,75,2017
2017-06-05,D,PI,82,2017
2017-06-05,D,PI,79,2017
2017-06-05,D,CU,116,2017
2017-06-05,D,CU,115,2017
2017-06-05,D,CU,112,2017
2017-06-05,D,CU,101,2017
2017-06-05,D,CU,99,2017
2017-06-05,D,CU,72,2017
2017-06-05,D,CU,107,2017
2017-06-05,D,CU,103,2017
2017-06-05,D,CU,108,2017
2017-06-05,D,CU,115,2017
2017-06-07,D,PI,104,2017
2017-06-07,D,PI,92,2017
2017-06-07,D,PI,94,2017
2017-06-07,D,PI,91,2017
2017-06-07,D,CU,75,2017
2017-06-07,D,CU,102,2017
2017-06-07,D,CU,115,2017
2017-06-07,D,CU,111,2017
2017-06-07,D,CU,117,2017
2017-06-07,D,CU,115,2017
2017-06-07,D,CU,104,2017
2017-06-07,D,CU,110,2017
2017-06-07,D,CU,109,2017
2017-06-07,D,CU,85,2017
2017-06-12,D,CU,126,2017
2017-06-12,D,CU,103,2017
2017-06-12,D,CU,108,2017
2017-06-12,D,CU,123,2017
2017-06-12,D,CU,118,2017
2017-06-12,D,CU,94,2017
2017-06-12,D,CU,108,2017
2017-06-12,D,CU,119,2017
2017-06-12,D,CU,120,2017
2017-06-12,D,CU,121,2017
2017-06-13,D,CU,110,2017
2017-06-13,D,CU,82,2017
2017-06-13,D,CU,94,2017
2017-06-13,D,CU,121,2017
2017-06-13,D,CU,82,2017
2017-06-13,D,CU,88,2017
2017-06-13,D,CU,84,2017
2017-06-19,D,CU,118,2017
2017-06-19,D,CU,107,2017
2017-06-19,D,CU,113,2017
2017-06-19,D,CU,106,2017
2017-06-19,D,CU,108,2017
2017-06-19,D,CU,103,2017
2017-06-19,D,CU,125,2017
2017-06-19,D,CU,81,2017
2017-06-19,D,CU,118,2017
2017-06-19,D,CU,103,2017
2017-06-20,D,CU,83,2017
2017-06-20,D,CU,101,2017
2017-06-20,D,CU,112,2017
2017-06-20,D,CU,87,2017
2017-06-20,D,CU,84,2017
2017-06-20,D,CU,86,2017
2017-06-20,D,CU,100,2017
2017-06-20,D,CU,87,2017
2017-06-20,D,CU,105,2017
2017-06-20,D,CU,90,2017
2017-06-26,D,CU,103,2017
2017-06-26,D,CU,110,2017
2017-06-26,D,CU,132,2017
2017-06-26,D,CU,120,2017
2017-06-26,D,CU,103,2017
2017-06-26,D,CU,105,2017
2017-06-26,D,CU,104,2017
2017-06-26,D,CU,114,2017
2017-06-26,D,CU,106,2017
2017-06-26,D,PI,101,2017
2017-06-26,D,PI,107,2017
2017-06-26,D,CU,90,2017
2017-06-26,D,CU,108,2017
2017-06-26,D,CU,99,2017
2017-06-26,D,CU,119,2017
2017-06-26,D,CU,117,2017
2017-06-26,D,CU,97,2017
2017-06-26,D,CU,102,2017
2017-06-26,D,CU,117,2017
2017-06-26,D,CU,113,2017
2017-06-26,D,CU,114,2017
2017-06-28,D,CU,82,2017
2017-06-28,D,CU,105,2017
2017-06-28,D,CU,99,2017
2017-06-28,D,CU,101,2017
2017-06-28,D,CU,102,2017
2017-06-28,D,CU,119,2017
2017-06-28,D,CU,98,2017
2017-06-28,D,CU,95,2017
2017-06-28,D,CU,103,2017
2017-06-28,D,CU,94,2017
2017-07-04,D,CU,122,2017
2017-07-04,D,CU,100,2017
2017-07-04,D,CU,110,2017
2017-07-04,D,CU,99,2017
2017-07-04,D,CU,90,2017
2017-07-04,D,CU,112,2017
2017-07-04,D,CU,86,2017
2017-07-04,D,PI,115,2017
2017-07-04,D,PI,107,2017
2017-07-04,D,PI,126,2017
2017-07-04,D,PI,113,2017
2017-07-04,D,PI,106,2017
2017-07-04,D,PI,113,2017
2017-07-04,D,PI,120,2017
2017-07-04,D,PI,108,2017
2017-07-04,D,CU,102,2017
2017-07-04,D,CU,104,2017
2017-07-04,D,CU,134,2017
2017-07-04,D,CU,117,2017
2017-07-04,D,CU,105,2017
2017-07-04,D,CU,106,2017
2017-07-04,D,CU,100,2017
2017-07-05,D,PI,83,2017
2017-07-05,D,CU,93,2017
2017-07-05,D,CU,103,2017
2017-07-05,D,CU,101,2017
2017-07-05,D,CU,139,2017
2017-07-05,D,CU,112,2017
2017-07-05,D,CU,131,2017
2017-07-05,D,CU,94,2017
2017-07-05,D,CU,119,2017
2017-07-05,D,CU,97,2017
2017-07-05,D,CU,108,2017
2015-05-24,J,CU,118,2015
2015-05-24,J,CU,120,2015
2015-05-24,J,CU,124,2015
2015-05-24,J,CU,102,2015
2015-05-24,J,CU,127,2015
2015-05-26,J,CU,128,2015
2015-05-26,J,CU,116,2015
2015-05-26,J,CU,122,2015
2015-05-26,J,CU,122,2015
2015-05-26,J,CU,121,2015
2015-05-26,J,CU,117,2015
2015-05-26,J,CU,107,2015
2015-05-26,J,CU,130,2015
2015-05-26,J,CU,110,2015
2015-05-26,J,CU,119,2015
2015-05-26,J,CU,86,2015
2015-05-26,J,CU,121,2015
2015-05-26,J,CU,139,2015
2015-05-26,J,CU,109,2015
2015-05-26,J,CU,116,2015
2015-05-26,J,PI,77,2015
2015-05-31,J,CU,134,2015
2015-05-31,J,CU,126,2015
2015-05-31,J,CU,127,2015
2015-05-31,J,CU,126,2015
2015-05-31,J,CU,126,2015
2015-05-31,J,CU,120,2015
2015-05-31,J,CU,126,2015
2015-05-31,J,CU,113,2015
2015-05-31,J,CU,134,2015
2015-05-31,J,CU,123,2015
2015-05-31,J,CU,146,2015
2015-05-31,J,CU,126,2015
2015-05-31,J,CU,116,2015
2015-05-31,J,CU,113,2015
2015-05-31,J,CU,109,2015
2015-06-01,J,CU,123,2015
2015-06-04,J,PI,134,2015
2015-06-04,J,PI,112,2015
2015-06-04,J,PI,132,2015
2015-06-04,J,PI,128,2015
2015-06-04,J,PI,133,2015
2015-06-04,J,PI,117,2015
2015-06-04,J,PI,129,2015
2015-06-07,J,PI,124,2015
2015-06-07,J,PI,122,2015
2015-06-07,J,PI,129,2015
2015-06-07,J,PI,132,2015
2015-06-07,J,PI,111,2015
2015-06-07,J,PI,124,2015
2015-06-07,J,PI,126,2015
2015-06-07,J,PI,124,2015
2015-06-07,J,PI,107,2015
2015-06-07,J,PI,123,2015
2015-06-07,J,CU,124,2015
2015-06-07,J,CU,125,2015
2015-06-07,J,CU,117,2015
2015-06-07,J,CU,128,2015
2015-06-07,J,CU,123,2015
2015-06-08,J,CU,113,2015
2015-06-08,J,CU,106,2015
2015-06-08,J,CU,126,2015
2015-06-08,J,CU,137,2015
2015-06-08,J,CU,142,2015
2015-06-08,J,CU,112,2015
2015-06-08,J,CU,113,2015
2015-06-08,J,CU,113,2015
2015-06-08,J,CU,105,2015
2015-06-08,J,CU,124,2015
2015-06-08,J,PI,113,2015
2015-06-15,J,CU,134,2015
2015-06-15,J,CU,127,2015
2015-06-15,J,CU,129,2015
2015-06-15,J,CU,123,2015
2015-06-15,J,CU,133,2015
2015-06-15,J,CU,134,2015
2015-06-15,J,CU,126,2015
2015-06-15,J,CU,122,2015
2015-06-15,J,CU,128,2015
2015-06-15,J,CU,135,2015
2015-06-16,J,PI,101,2015
2015-06-16,J,PI,111,2015
2015-06-16,J,PI,98,2015
2015-06-16,J,PI,98,2015
2015-06-16,J,PI,110,2015
2015-06-16,J,CU,132,2015
2015-06-16,J,CU,122,2015
2015-06-16,J,CU,127,2015
2015-06-16,J,CU,122,2015
2015-06-16,J,PI,106,2015
2015-06-16,J,PI,100,2015
2015-06-16,J,PI,93,2015
2015-06-16,J,PI,104,2015
2015-06-16,J,PI,104,2015
2015-06-16,J,CU,130,2015
2015-06-16,J,PI,134,2015
2015-06-16,J,PI,120,2015
2015-06-16,J,PI,126,2015
2015-06-16,J,PI,120,2015
2015-06-16,J,PI,117,2015
2015-06-16,J,PI,112,2015
2015-06-16,J,PI,125,2015
2015-06-16,J,PI,122,2015
2015-06-16,J,PI,132,2015
2015-06-16,J,CU,137,2015
2015-06-16,J,CU,131,2015
2015-06-16,J,CU,113,2015
2015-06-16,J,CU,129,2015
2015-06-16,J,CU,124,2015
2015-06-17,J,PI,136,2015
2015-06-17,J,PI,125,2015
2015-06-17,J,PI,136,2015
2015-06-17,J,PI,129,2015
2015-06-17,J,PI,131,2015
2015-06-17,J,PI,132,2015
2015-06-17,J,PI,138,2015
2015-06-17,J,PI,130,2015
2015-06-17,J,PI,127,2015
2015-06-17,J,PI,131,2015
2015-06-19,J,CU,124,2015
2015-06-19,J,PI,127,2015
2015-06-19,J,PI,132,2015
2015-06-19,J,CU,128,2015
2015-06-19,J,CU,123,2015
2015-06-19,J,CU,128,2015
2015-06-19,J,CU,126,2015
2015-06-19,J,PI,124,2015
2015-06-19,J,PI,133,2015
2015-06-19,J,PI,138,2015
2015-06-19,J,PI,122,2015
2015-06-19,J,PI,132,2015
2015-06-19,J,PI,126,2015
2015-06-19,J,PI,122,2015
2015-06-19,J,PI,127,2015
2015-06-19,J,CU,133,2015
2015-06-19,J,PI,126,2015
2015-06-19,J,PI,105,2015
2015-06-19,J,PI,133,2015
2015-06-19,J,PI,118,2015
2015-06-19,J,PI,124,2015
2015-06-19,J,PI,139,2015
2015-06-19,J,PI,120,2015
2015-06-19,J,PI,136,2015
2015-06-19,J,PI,107,2015
2015-06-19,J,PI,102,2015
2015-06-19,J,CU,137,2015
2015-06-19,J,CU,142,2015
2015-06-19,J,CU,148,2015
2015-06-19,J,CU,133,2015
2015-06-19,J,CU,135,2015
2015-06-23,J,CU,131,2015
2015-06-23,J,CU,151,2015
2015-06-23,J,CU,142,2015
2015-06-23,J,CU,128,2015
2015-06-23,J,CU,130,2015
2015-06-23,J,CU,136,2015
2015-06-23,J,CU,135,2015
2015-06-23,J,CU,137,2015
2015-06-23,J,CU,140,2015
2015-06-23,J,CU,129,2015
2015-06-23,J,PI,152,2015
2015-06-23,J,PI,136,2015
2015-06-23,J,PI,128,2015
2015-06-23,J,PI,130,2015
2015-06-23,J,PI,129,2015
2015-06-23,J,PI,131,2015
2015-06-23,J,PI,125,2015
2015-06-23,J,PI,130,2015
2015-06-23,J,PI,130,2015
2015-06-23,J,PI,127,2015
2015-06-23,J,CU,143,2015
2015-06-23,J,PI,139,2015
2015-06-23,J,PI,135,2015
2015-06-23,J,PI,132,2015
2015-06-23,J,PI,137,2015
2015-06-23,J,PI,136,2015
2015-06-23,J,PI,146,2015
2015-06-23,J,PI,133,2015
2015-06-23,J,PI,137,2015
2015-06-23,J,PI,135,2015
2015-06-23,J,PI,134,2015
2015-06-23,J,CU,136,2015
2015-06-23,J,CU,143,2015
2015-06-23,J,CU,117,2015
2015-06-23,J,CU,140,2015
2015-06-23,J,PI,125,2015
2015-06-23,J,PI,118,2015
2015-06-23,J,PI,122,2015
2015-06-23,J,PI,125,2015
2015-06-23,J,PI,125,2015
2015-06-23,J,PI,129,2015
2015-06-23,J,PI,138,2015
2015-06-23,J,PI,132,2015
2015-06-23,J,PI,139,2015
2015-06-23,J,PI,128,2015
2015-06-27,J,CU,116,2015
2015-06-27,J,CU,133,2015
2015-06-27,J,CU,132,2015
2015-06-27,J,CU,152,2015
2015-06-27,J,CU,119,2015
2015-06-27,J,PI,133,2015
2015-06-27,J,PI,135,2015
2015-06-27,J,PI,128,2015
2015-06-27,J,PI,135,2015
2015-06-27,J,PI,134,2015
2015-06-27,J,PI,135,2015
2015-06-27,J,PI,127,2015
2015-06-27,J,PI,130,2015
2015-06-27,J,PI,136,2015
2015-06-28,J,CU,130,2015
2015-06-28,J,CU,138,2015
2015-06-28,J,CU,124,2015
2015-06-28,J,CU,132,2015
2015-06-28,J,CU,114,2015
2015-06-28,J,CU,135,2015
2015-06-28,J,CU,109,2015
2015-06-28,J,CU,119,2015
2015-06-28,J,CU,121,2015
2015-06-28,J,CU,123,2015
2015-07-01,J,PI,125,2015
2015-07-01,J,PI,125,2015
2015-07-01,J,PI,120,2015
2015-07-01,J,PI,128,2015
2015-07-01,J,PI,99,2015
2015-07-01,J,PI,116,2015
2015-07-01,J,PI,115,2015
2015-07-01,J,PI,116,2015
2015-07-01,J,PI,119,2015
2015-07-01,J,PI,124,2015
2015-07-01,J,CU,127,2015
2015-07-01,J,CU,131,2015
2015-07-01,J,CU,114,2015
2015-07-01,J,CU,130,2015
2015-07-01,J,CU,123,2015
2015-07-07,J,CU,132,2015
2015-07-07,J,CU,129,2015
2015-07-07,J,CU,128,2015
2015-07-07,J,PI,164,2015
2015-07-07,J,PI,126,2015
2015-07-07,J,PI,136,2015
2015-07-07,J,PI,120,2015
2015-07-07,J,PI,133,2015
2015-07-07,J,PI,151,2015
2015-07-07,J,PI,126,2015
2015-07-07,J,PI,118,2015
2015-07-07,J,PI,144,2015
2015-07-07,J,PI,138,2015
2015-07-07,J,CU,141,2015
2015-07-07,J,CU,133,2015
2016-05-22,J,CU,118,2016
2016-05-22,J,CU,115,2016
2016-05-22,J,CU,130,2016
2016-05-22,J,CU,116,2016
2016-05-22,J,CU,123,2016
2016-05-22,J,CU,116,2016
2016-05-22,J,CU,131,2016
2016-05-22,J,CU,118,2016
2016-05-22,J,CU,111,2016
2016-05-22,J,PI,123,2016
2016-05-22,J,PI,127,2016
2016-05-22,J,PI,110,2016
2016-05-22,J,PI,113,2016
2016-05-22,J,PI,110,2016
2016-05-22,J,PI,111,2016
2016-05-22,J,PI,122,2016
2016-05-22,J,PI,114,2016
2016-05-22,J,PI,117,2016
2016-05-22,J,PI,116,2016
2016-05-22,J,CU,121,2016
2016-05-22,J,CU,132,2016
2016-05-22,J,CU,122,2016
2016-05-22,J,CU,124,2016
2016-05-22,J,CU,122,2016
2016-05-22,J,CU,103,2016
2016-05-22,J,CU,108,2016
2016-05-22,J,CU,111,2016
2016-05-22,J,PI,108,2016
2016-05-22,J,PI,125,2016
2016-05-22,J,PI,122,2016
2016-05-22,J,PI,100,2016
2016-05-22,J,PI,106,2016
2016-05-22,J,PI,114,2016
2016-05-22,J,PI,103,2016
2016-05-22,J,PI,105,2016
2016-05-22,J,PI,102,2016
2016-05-22,J,PI,133,2016
2016-05-27,J,CU,108,2016
2016-05-27,J,PI,110,2016
2016-05-27,J,PI,102,2016
2016-05-28,J,CU,129,2016
2016-05-28,J,CU,122,2016
2016-05-28,J,CU,122,2016
2016-05-28,J,CU,116,2016
2016-05-28,J,CU,112,2016
2016-05-28,J,CU,122,2016
2016-05-28,J,CU,116,2016
2016-05-28,J,CU,107,2016
2016-05-28,J,CU,124,2016
2016-05-28,J,CU,128,2016
2016-05-28,J,PI,121,2016
2016-05-28,J,PI,105,2016
2016-05-28,J,PI,122,2016
2016-05-28,J,PI,105,2016
2016-05-28,J,PI,119,2016
2016-05-28,J,PI,120,2016
2016-05-28,J,CU,127,2016
2016-06-01,J,CU,132,2016
2016-06-01,J,CU,119,2016
2016-06-01,J,CU,109,2016
2016-06-01,J,CU,113,2016
2016-06-01,J,CU,109,2016
2016-06-01,J,CU,147,2016
2016-06-01,J,CU,130,2016
2016-06-01,J,CU,128,2016
2016-06-01,J,CU,126,2016
2016-06-01,J,CU,137,2016
2016-06-01,J,PI,123,2016
2016-06-01,J,PI,111,2016
2016-06-01,J,PI,113,2016
2016-06-01,J,PI,114,2016
2016-06-01,J,PI,119,2016
2016-06-01,J,PI,124,2016
2016-06-01,J,PI,113,2016
2016-06-01,J,PI,119,2016
2016-06-01,J,PI,120,2016
2016-06-01,J,PI,122,2016
2016-06-02,J,CU,102,2016
2016-06-02,J,CU,111,2016
2016-06-02,J,CU,101,2016
2016-06-02,J,CU,100,2016
2016-06-02,J,CU,110,2016
2016-06-02,J,CU,103,2016
2016-06-02,J,CU,118,2016
2016-06-02,J,CU,105,2016
2016-06-02,J,CU,107,2016
2016-06-02,J,CU,100,2016
2016-06-02,J,PI,115,2016
2016-06-02,J,PI,112,2016
2016-06-02,J,PI,110,2016
2016-06-02,J,PI,112,2016
2016-06-02,J,PI,112,2016
2016-06-04,J,CU,94,2016
2016-06-04,J,CU,97,2016
2016-06-04,J,CU,92,2016
2016-06-04,J,CU,108,2016
2016-06-04,J,PI,112,2016
2016-06-04,J,PI,106,2016
2016-06-04,J,PI,79,2016
2016-06-04,J,PI,118,2016
2016-06-04,J,PI,104,2016
2016-06-04,J,PI,99,2016
2016-06-04,J,CU,92,2016
2016-06-04,J,CU,91,2016
2016-06-04,J,PI,82,2016
2016-06-04,J,PI,89,2016
2016-06-04,J,PI,91,2016
2016-06-04,J,PI,80,2016
2016-06-09,J,CU,99,2016
2016-06-09,J,CU,116,2016
2016-06-09,J,CU,120,2016
2016-06-09,J,CU,138,2016
2016-06-09,J,CU,122,2016
2016-06-09,J,CU,106,2016
2016-06-09,J,CU,105,2016
2016-06-09,J,CU,97,2016
2016-06-09,J,CU,106,2016
2016-06-09,J,CU,100,2016
2016-06-09,J,PI,120,2016
2016-06-09,J,PI,111,2016
2016-06-09,J,PI,109,2016
2016-06-09,J,PI,112,2016
2016-06-09,J,PI,113,2016
2016-06-09,J,PI,104,2016
2016-06-09,J,PI,103,2016
2016-06-09,J,PI,110,2016
2016-06-09,J,PI,108,2016
2016-06-09,J,CU,117,2016
2016-06-09,J,CU,134,2016
2016-06-09,J,CU,116,2016
2016-06-09,J,CU,118,2016
2016-06-09,J,CU,131,2016
2016-06-09,J,CU,130,2016
2016-06-09,J,CU,122,2016
2016-06-09,J,CU,130,2016
2016-06-09,J,CU,104,2016
2016-06-09,J,PI,116,2016
2016-06-09,J,PI,111,2016
2016-06-09,J,PI,110,2016
2016-06-09,J,PI,120,2016
2016-06-09,J,PI,106,2016
2016-06-09,J,PI,96,2016
2016-06-09,J,PI,135,2016
2016-06-09,J,PI,106,2016
2016-06-09,J,PI,116,2016
2016-06-09,J,PI,114,2016
2016-06-10,J,CU,113,2016
2016-06-10,J,CU,120,2016
2016-06-10,J,PI,112,2016
2016-06-10,J,PI,104,2016
2016-06-10,J,PI,118,2016
2016-06-10,J,PI,111,2016
2016-06-10,J,PI,123,2016
2016-06-10,J,PI,107,2016
2016-06-10,J,PI,111,2016
2016-06-10,J,PI,113,2016
2016-06-10,J,PI,116,2016
2016-06-10,J,PI,109,2016
2016-06-18,J,PI,113,2016
2016-06-18,J,PI,105,2016
2016-06-18,J,PI,118,2016
2016-06-18,J,PI,109,2016
2016-06-18,J,PI,99,2016
2016-06-18,J,PI,111,2016
2016-06-18,J,PI,113,2016
2016-06-18,J,PI,106,2016
2016-06-18,J,PI,106,2016
2016-06-18,J,PI,122,2016
2016-06-18,J,CU,114,2016
2016-06-18,J,CU,110,2016
2016-06-18,J,CU,113,2016
2016-06-18,J,CU,112,2016
2016-06-18,J,CU,101,2016
2016-06-18,J,CU,99,2016
2016-06-18,J,CU,100,2016
2016-06-18,J,CU,103,2016
2016-06-18,J,CU,110,2016
2016-06-18,J,CU,104,2016
2016-06-18,J,CU,116,2016
2016-06-18,J,CU,99,2016
2016-06-18,J,CU,105,2016
2016-06-18,J,CU,106,2016
2016-06-18,J,CU,112,2016
2016-06-18,J,PI,103,2016
2016-06-18,J,PI,103,2016
2016-06-18,J,CU,110,2016
2016-06-18,J,CU,111,2016
2016-06-18,J,CU,112,2016
2016-06-18,J,CU,113,2016
2016-06-18,J,CU,102,2016
2016-06-18,J,PI,102,2016
2016-06-18,J,PI,111,2016
2016-06-18,J,PI,105,2016
2016-06-18,J,PI,97,2016
2016-06-18,J,PI,104,2016
2016-06-18,J,PI,106,2016
2016-06-18,J,PI,107,2016
2016-06-18,J,PI,102,2016
2016-06-23,J,CU,116,2016
2016-06-23,J,CU,117,2016
2016-06-23,J,CU,121,2016
2016-06-23,J,PI,111,2016
2016-06-23,J,PI,118,2016
2016-06-23,J,PI,117,2016
2016-06-23,J,PI,118,2016
2016-06-23,J,PI,126,2016
2016-06-23,J,PI,125,2016
2016-06-23,J,PI,113,2016
2016-06-23,J,PI,110,2016
2016-06-23,J,CU,126,2016
2016-06-23,J,CU,122,2016
2016-06-23,J,CU,111,2016
2016-06-23,J,CU,123,2016
2016-06-23,J,CU,113,2016
2016-06-23,J,CU,119,2016
2016-06-23,J,CU,119,2016
2016-06-23,J,PI,113,2016
2016-06-23,J,PI,120,2016
2016-06-24,J,CU,118,2016
2016-06-24,J,CU,121,2016
2016-06-24,J,CU,118,2016
2016-06-24,J,CU,122,2016
2016-06-24,J,CU,123,2016
2016-06-24,J,CU,120,2016
2016-06-24,J,CU,119,2016
2016-06-24,J,CU,124,2016
2016-06-24,J,CU,115,2016
2016-06-24,J,CU,110,2016
2016-06-24,J,PI,120,2016
2016-06-24,J,PI,127,2016
2016-06-24,J,PI,115,2016
2016-06-24,J,PI,122,2016
2016-06-24,J,PI,121,2016
2016-06-24,J,PI,128,2016
2016-06-24,J,PI,120,2016
2016-06-24,J,PI,121,2016
2016-06-24,J,PI,122,2016
2016-06-24,J,PI,124,2016
2016-07-04,J,CU,114,2016
2016-07-04,J,CU,116,2016
2016-07-04,J,CU,93,2016
2016-07-04,J,CU,113,2016
2016-07-04,J,CU,109,2016
2016-07-04,J,CU,122,2016
2016-07-04,J,CU,118,2016
2016-07-04,J,CU,120,2016
2016-07-04,J,CU,114,2016
2016-07-04,J,CU,116,2016
2016-07-04,J,PI,122,2016
2016-07-04,J,PI,125,2016
2016-07-04,J,PI,122,2016
2016-07-04,J,PI,119,2016
2016-07-04,J,PI,115,2016
2016-07-04,J,PI,121,2016
2016-07-04,J,PI,118,2016
2016-07-04,J,PI,117,2016
2016-07-04,J,PI,124,2016
2016-07-04,J,PI,115,2016
2017-06-06,J,CU,119,2017
2017-06-06,J,CU,120,2017
2017-06-06,J,CU,120,2017
2017-06-06,J,CU,117,2017
2017-06-06,J,CU,117,2017
2017-06-06,J,CU,124,2017
2017-06-06,J,CU,104,2017
2017-06-06,J,CU,130,2017
2017-06-06,J,CU,110,2017
2017-06-06,J,CU,132,2017
2017-06-06,J,CU,102,2017
2017-06-06,J,CU,141,2017
2017-06-06,J,CU,136,2017
2017-06-06,J,CU,96,2017
2017-06-06,J,CU,140,2017
2017-06-06,J,CU,127,2017
2017-06-13,J,CU,115,2017
2017-06-13,J,CU,114,2017
2017-06-13,J,CU,126,2017
2017-06-13,J,CU,116,2017
2017-06-13,J,CU,115,2017
2017-06-13,J,CU,107,2017
2017-06-13,J,CU,122,2017
2017-06-13,J,CU,123,2017
2017-06-13,J,CU,124,2017
2017-06-13,J,PI,121,2017
2017-06-13,J,PI,113,2017
2017-06-13,J,CU,122,2017
2017-06-13,J,CU,116,2017
2017-06-13,J,CU,115,2017
2017-06-13,J,CU,121,2017
2017-06-13,J,CU,135,2017
2017-06-13,J,CU,127,2017
2017-06-13,J,CU,123,2017
2017-06-13,J,CU,129,2017
2017-06-13,J,CU,110,2017
2017-06-13,J,CU,135,2017
2017-06-14,J,CU,118,2017
2017-06-14,J,CU,116,2017
2017-06-14,J,CU,122,2017
2017-06-14,J,CU,115,2017
2017-06-14,J,CU,120,2017
2017-06-14,J,CU,130,2017
2017-06-14,J,CU,120,2017
2017-06-14,J,CU,124,2017
2017-06-14,J,CU,121,2017
2017-06-14,J,CU,115,2017
2017-06-14,J,CU,129,2017
2017-06-14,J,CU,130,2017
2017-06-14,J,CU,127,2017
2017-06-14,J,CU,131,2017
2017-06-14,J,CU,135,2017
2017-06-14,J,CU,117,2017
2017-06-14,J,CU,130,2017
2017-06-14,J,CU,118,2017
2017-06-14,J,CU,130,2017
2017-06-14,J,CU,120,2017
2017-06-20,J,PI,110,2017
2017-06-20,J,CU,134,2017
2017-06-20,J,CU,128,2017
2017-06-20,J,CU,137,2017
2017-06-20,J,CU,123,2017
2017-06-20,J,CU,129,2017
2017-06-20,J,CU,126,2017
2017-06-20,J,CU,133,2017
2017-06-20,J,CU,124,2017
2017-06-20,J,CU,116,2017
2017-06-20,J,CU,122,2017
2017-06-21,J,CU,103,2017
2017-06-21,J,CU,126,2017
2017-06-21,J,CU,125,2017
2017-06-21,J,CU,120,2017
2017-06-21,J,CU,130,2017
2017-06-21,J,CU,130,2017
2017-06-21,J,CU,135,2017
2017-06-21,J,CU,120,2017
2017-06-21,J,CU,117,2017
2017-06-21,J,CU,135,2017
2017-06-21,J,CU,133,2017
2017-06-21,J,CU,112,2017
2017-06-21,J,CU,127,2017
2017-06-21,J,CU,115,2017
2017-06-21,J,CU,118,2017
2017-06-21,J,CU,124,2017
2017-06-21,J,CU,126,2017
2017-06-21,J,CU,120,2017
2017-06-21,J,CU,131,2017
2017-06-21,J,CU,130,2017
2017-06-27,J,CU,114,2017
2017-06-27,J,CU,107,2017
2017-06-27,J,CU,118,2017
2017-06-27,J,CU,116,2017
2017-06-27,J,CU,124,2017
2017-06-27,J,CU,112,2017
2017-06-27,J,CU,128,2017
2017-06-27,J,CU,115,2017
2017-06-27,J,CU,129,2017
2017-06-27,J,CU,113,2017
2017-06-27,J,PI,118,2017
2017-06-27,J,PI,127,2017
2017-06-27,J,PI,122,2017
2017-06-27,J,PI,111,2017
2017-06-27,J,PI,123,2017
2017-06-27,J,PI,123,2017
2017-06-27,J,PI,111,2017
2017-06-27,J,PI,121,2017
2017-06-27,J,PI,114,2017
2017-06-27,J,PI,133,2017
2017-06-27,J,PI,114,2017
2017-06-27,J,PI,112,2017
2017-06-27,J,PI,116,2017
2017-06-27,J,CU,97,2017
2017-06-27,J,CU,102,2017
2017-06-27,J,CU,111,2017
2017-06-27,J,CU,108,2017
2017-06-27,J,CU,108,2017
2017-06-27,J,CU,110,2017
2017-06-27,J,CU,107,2017
2017-06-27,J,CU,98,2017
2017-06-27,J,CU,105,2017
2017-06-27,J,CU,106,2017
2017-06-28,J,PI,115,2017
2017-06-28,J,PI,120,2017
2017-06-28,J,PI,116,2017
2017-06-28,J,PI,118,2017
2017-06-28,J,PI,116,2017
2017-06-28,J,PI,110,2017
2017-06-28,J,PI,126,2017
2017-06-28,J,PI,124,2017
2017-06-28,J,PI,126,2017
2017-06-28,J,PI,120,2017
2017-06-28,J,CU,118,2017
2017-06-28,J,CU,117,2017
2017-06-28,J,CU,112,2017
2017-06-28,J,CU,121,2017
2017-06-28,J,CU,122,2017
2017-06-28,J,CU,132,2017
2017-06-28,J,CU,115,2017
2017-06-28,J,CU,113,2017
2017-06-28,J,CU,118,2017
2017-06-28,J,CU,118,2017
2017-06-28,J,CU,127,2017
2017-06-28,J,CU,122,2017
2017-06-28,J,CU,134,2017
2017-06-28,J,CU,131,2017
2017-06-28,J,CU,119,2017
2017-06-28,J,CU,122,2017
2017-06-28,J,CU,124,2017
2017-06-28,J,CU,125,2017
2017-06-28,J,CU,129,2017
2017-06-28,J,CU,130,2017
2017-06-28,J,PI,119,2017
2017-06-28,J,PI,120,2017
2017-06-28,J,PI,123,2017
2017-06-28,J,PI,121,2017
2017-07-06,J,CU,113,2017
2017-07-06,J,CU,112,2017
2017-07-06,J,CU,113,2017
2017-07-06,J,CU,118,2017
2017-07-06,J,CU,118,2017
2017-07-06,J,CU,111,2017
2017-07-06,J,CU,120,2017
2017-07-06,J,CU,112,2017
2017-07-06,J,CU,109,2017
2017-07-06,J,CU,110,2017
2017-07-06,J,PI,122,2017
2017-07-06,J,PI,110,2017
2017-07-06,J,PI,119,2017
2017-07-06,J,PI,120,2017
2017-07-06,J,PI,109,2017
2017-07-06,J,PI,120,2017
2017-07-06,J,PI,107,2017
2017-07-06,J,PI,124,2017
2017-07-06,J,PI,111,2017
2017-07-06,J,PI,111,2017
2017-07-06,J,PI,115,2017
2017-07-06,J,PI,118,2017
2017-07-06,J,PI,124,2017
2017-07-06,J,PI,117,2017
2017-07-06,J,PI,104,2017
2017-07-06,J,PI,116,2017
2017-07-06,J,PI,117,2017
2017-07-06,J,PI,108,2017
2017-07-06,J,PI,115,2017
2017-07-06,J,PI,107,2017
2017-07-06,J,CU,109,2017
2017-07-06,J,CU,106,2017
2017-07-06,J,CU,106,2017
2017-07-06,J,CU,108,2017
2017-07-06,J,CU,116,2017
2017-07-06,J,CU,113,2017
2017-07-06,J,CU,97,2017
2017-07-06,J,CU,106,2017
2017-07-06,J,CU,124,2017
2017-07-06,J,CU,103,2017
2017-07-07,J,PI,116,2017
2017-07-07,J,PI,112,2017
2017-07-07,J,PI,109,2017
2017-07-07,J,PI,110,2017
2017-07-07,J,PI,111,2017
2017-07-07,J,PI,101,2017
2017-07-07,J,CU,119,2017
2017-07-07,J,CU,120,2017
2017-07-07,J,CU,112,2017
2017-07-07,J,CU,111,2017
2017-07-07,J,CU,121,2017
2017-07-07,J,CU,107,2017
2017-07-07,J,CU,113,2017
2017-07-07,J,CU,111,2017
2017-07-07,J,CU,96,2017
2017-07-07,J,CU,109,2017
2017-07-07,J,PI,133,2017
2017-07-07,J,CU,141,2017
2017-07-07,J,CU,137,2017
2017-07-07,J,CU,139,2017
2017-07-07,J,CU,139,2017
2017-07-07,J,CU,137,2017
2017-07-07,J,CU,134,2017
2017-07-07,J,CU,138,2017
2017-07-07,J,CU,126,2017
2017-07-07,J,CU,136,2017
2017-07-07,J,CU,133,2017
2018-05-14,D,CU,80,2018
2018-05-14,D,CU,78,2018
2018-05-14,D,CU,73,2018
2018-05-14,D,CU,75,2018
2018-05-14,D,CU,99,2018
2018-05-14,D,CU,78,2018
2018-05-14,D,CU,74,2018
2018-05-14,D,CU,66,2018
2018-05-14,D,CU,67,2018
2018-05-14,D,CU,75,2018
2018-05-14,D,PI,70,2018
2018-05-14,D,PI,75,2018
2018-05-14,D,PI,71,2018
2018-05-14,D,PI,60,2018
2018-05-14,D,PI,76,2018
2018-05-14,D,PI,74,2018
2018-05-14,D,PI,79,2018
2018-05-14,D,PI,67,2018
2018-05-14,D,PI,66,2018
2018-05-14,D,PI,54,2018
2018-05-15,D,PI,79,2018
2018-05-15,D,PI,83,2018
2018-05-15,D,PI,83,2018
2018-05-15,D,PI,80,2018
2018-05-15,D,PI,75,2018
2018-05-15,D,PI,80,2018
2018-05-15,D,PI,81,2018
2018-05-15,D,PI,75,2018
2018-05-15,D,PI,85,2018
2018-05-15,D,PI,74,2018
2018-05-15,D,CU,109,2018
2018-05-15,D,CU,103,2018
2018-05-15,D,CU,99,2018
2018-05-15,D,CU,97,2018
2018-05-15,D,CU,93,2018
2018-05-15,D,CU,85,2018
2018-05-15,D,CU,91,2018
2018-05-15,D,CU,89,2018
2018-05-15,D,CU,95,2018
2018-05-15,D,CU,90,2018
2018-05-17,D,PI,81,2018
2018-05-17,D,PI,84,2018
2018-05-17,D,PI,73,2018
2018-05-17,D,PI,77,2018
2018-05-17,D,PI,80,2018
2018-05-17,D,PI,62,2018
2018-05-17,D,PI,69,2018
2018-05-17,D,PI,68,2018
2018-05-17,D,PI,70,2018
2018-05-17,D,PI,82,2018
2018-05-17,D,CU,81,2018
2018-05-17,D,CU,110,2018
2018-05-17,D,CU,83,2018
2018-05-17,D,CU,74,2018
2018-05-17,D,CU,88,2018
2018-05-17,D,CU,82,2018
2018-05-17,D,CU,82,2018
2018-05-22,D,CU,86,2018
2018-05-22,D,CU,103,2018
2018-05-22,D,CU,81,2018
2018-05-22,D,CU,117,2018
2018-05-22,D,CU,91,2018
2018-05-22,D,CU,83,2018
2018-05-22,D,CU,75,2018
2018-05-22,D,CU,101,2018
2018-05-22,D,PI,98,2018
2018-05-22,D,PI,86,2018
2018-05-22,D,PI,94,2018
2018-05-22,D,PI,99,2018
2018-05-22,D,PI,76,2018
2018-05-22,D,PI,74,2018
2018-05-22,D,PI,91,2018
2018-05-22,D,PI,95,2018
2018-05-22,D,PI,90,2018
2018-05-22,D,PI,88,2018
2018-05-23,D,PI,88,2018
2018-05-23,D,PI,85,2018
2018-05-23,D,PI,78,2018
2018-05-23,D,PI,73,2018
2018-05-23,D,PI,82,2018
2018-05-23,D,PI,86,2018
2018-05-23,D,PI,78,2018
2018-05-23,D,PI,77,2018
2018-05-23,D,PI,87,2018
2018-05-23,D,PI,74,2018
2018-05-23,D,CU,85,2018
2018-05-23,D,CU,99,2018
2018-05-23,D,CU,69,2018
2018-05-23,D,CU,79,2018
2018-05-28,D,PI,81,2018
2018-05-28,D,PI,89,2018
2018-05-28,D,PI,80,2018
2018-05-28,D,PI,78,2018
2018-05-28,D,PI,78,2018
2018-05-28,D,CU,99,2018
2018-05-28,D,CU,85,2018
2018-05-28,D,CU,86,2018
2018-05-28,D,CU,87,2018
2018-05-28,D,CU,82,2018
2018-05-28,D,CU,117,2018
2018-05-28,D,CU,92,2018
2018-05-28,D,CU,105,2018
2018-05-28,D,CU,87,2018
2018-05-28,D,CU,103,2018
2018-05-30,D,CU,70,2018
2018-05-30,D,CU,74,2018
2018-05-30,D,CU,89,2018
2018-05-30,D,CU,67,2018
2018-05-30,D,CU,80,2018
2018-05-30,D,CU,90,2018
2018-05-30,D,CU,83,2018
2018-05-30,D,CU,80,2018
2018-05-30,D,CU,83,2018
2018-05-30,D,CU,86,2018
2018-05-30,D,PI,66,2018
2018-05-30,D,PI,85,2018
2018-05-30,D,PI,72,2018
2018-05-30,D,PI,85,2018
2018-05-30,D,PI,82,2018
2018-05-30,D,PI,84,2018
2018-05-30,D,PI,82,2018
2018-05-30,D,PI,99,2018
2018-05-30,D,PI,69,2018
2018-05-30,D,PI,87,2018
2018-05-31,J,CU,125,2018
2018-05-31,J,CU,123,2018
2018-05-31,J,CU,103,2018
2018-05-31,J,CU,127,2018
2018-05-31,J,CU,119,2018
2018-05-31,J,CU,133,2018
2018-05-31,J,CU,131,2018
2018-05-31,J,CU,125,2018
2018-05-31,J,CU,124,2018
2018-05-31,J,CU,117,2018
2018-05-31,J,PI,118,2018
2018-05-31,J,PI,124,2018
2018-05-31,J,PI,116,2018
2018-05-31,J,PI,119,2018
2018-05-31,J,PI,118,2018
2018-05-31,J,PI,124,2018
2018-05-31,J,PI,123,2018
2018-05-31,J,PI,109,2018
2018-05-31,J,PI,118,2018
2018-05-31,J,PI,120,2018
2018-06-03,J,PI,116,2018
2018-06-03,J,PI,123,2018
2018-06-03,J,PI,108,2018
2018-06-03,J,PI,127,2018
2018-06-03,J,PI,135,2018
2018-06-03,J,PI,120,2018
2018-06-03,J,PI,117,2018
2018-06-03,J,PI,126,2018
2018-06-03,J,PI,132,2018
2018-06-03,J,PI,115,2018
2018-06-03,J,CU,120,2018
2018-06-03,J,CU,111,2018
2018-06-03,J,CU,130,2018
2018-06-03,J,CU,125,2018
2018-06-03,J,CU,124,2018
2018-06-03,J,CU,116,2018
2018-06-03,J,CU,129,2018
2018-06-03,J,CU,119,2018
2018-06-03,J,CU,107,2018
2018-06-03,J,CU,137,2018
2018-06-04,D,PI,98,2018
2018-06-04,D,PI,91,2018
2018-06-04,D,PI,99,2018
2018-06-04,D,PI,85,2018
2018-06-04,D,PI,109,2018
2018-06-04,D,PI,100,2018
2018-06-04,D,PI,93,2018
2018-06-04,D,PI,118,2018
2018-06-04,D,PI,89,2018
2018-06-04,D,PI,101,2018
2018-06-04,D,CU,119,2018
2018-06-04,D,CU,93,2018
2018-06-04,D,CU,93,2018
2018-06-04,D,CU,116,2018
2018-06-04,D,CU,99,2018
2018-06-04,D,CU,102,2018
2018-06-04,D,CU,115,2018
2018-06-04,D,CU,84,2018
2018-06-04,D,CU,100,2018
2018-06-04,D,CU,97,2018
2018-06-05,D,PI,94,2018
2018-06-05,D,PI,137,2018
2018-06-05,D,PI,110,2018
2018-06-05,D,PI,95,2018
2018-06-05,D,PI,101,2018
2018-06-05,D,PI,97,2018
2018-06-05,D,PI,113,2018
2018-06-05,D,PI,103,2018
2018-06-05,D,PI,98,2018
2018-06-05,D,PI,100,2018
2018-06-05,D,CU,118,2018
2018-06-05,D,CU,99,2018
2018-06-05,D,CU,89,2018
2018-06-05,D,CU,105,2018
2018-06-05,D,CU,106,2018
2018-06-05,D,CU,107,2018
2018-06-05,D,CU,122,2018
2018-06-05,D,CU,100,2018
2018-06-05,D,CU,101,2018
2018-06-05,D,CU,103,2018
2018-06-07,J,CU,110,2018
2018-06-07,J,CU,118,2018
2018-06-07,J,CU,115,2018
2018-06-07,J,CU,101,2018
2018-06-07,J,CU,124,2018
2018-06-07,J,CU,134,2018
2018-06-07,J,CU,119,2018
2018-06-07,J,CU,123,2018
2018-06-07,J,CU,117,2018
2018-06-07,J,CU,111,2018
2018-06-07,J,PI,130,2018
2018-06-07,J,PI,114,2018
2018-06-07,J,PI,120,2018
2018-06-07,J,PI,128,2018
2018-06-07,J,PI,119,2018
2018-06-07,J,PI,122,2018
2018-06-07,J,PI,116,2018
2018-06-07,J,PI,120,2018
2018-06-07,J,PI,115,2018
2018-06-07,J,PI,118,2018
2018-06-07,D,CU,103,2018
2018-06-07,D,CU,94,2018
2018-06-07,D,CU,100,2018
2018-06-07,D,CU,136,2018
2018-06-07,D,CU,134,2018
2018-06-07,D,CU,97,2018
2018-06-07,D,CU,123,2018
2018-06-07,D,CU,95,2018
2018-06-07,D,CU,103,2018
2018-06-07,D,CU,135,2018
2018-06-07,D,PI,98,2018
2018-06-07,D,PI,107,2018
2018-06-07,D,PI,92,2018
2018-06-07,D,PI,137,2018
2018-06-07,D,PI,102,2018
2018-06-07,D,PI,99,2018
2018-06-07,D,PI,79,2018
2018-06-07,D,PI,104,2018
2018-06-07,D,PI,94,2018
2018-06-07,D,PI,92,2018
2018-06-11,D,PI,73,2018
2018-06-11,D,PI,74,2018
2018-06-11,D,PI,72,2018
2018-06-11,D,PI,77,2018
2018-06-11,D,PI,81,2018
2018-06-11,D,PI,80,2018
2018-06-11,D,PI,75,2018
2018-06-11,D,PI,70,2018
2018-06-11,D,PI,76,2018
2018-06-11,D,PI,77,2018
2018-06-11,D,CU,78,2018
2018-06-11,D,CU,96,2018
2018-06-11,D,CU,95,2018
2018-06-11,D,CU,105,2018
2018-06-11,D,CU,99,2018
2018-06-11,D,CU,80,2018
2018-06-11,D,CU,127,2018
2018-06-11,D,CU,112,2018
2018-06-11,D,CU,93,2018
2018-06-11,D,CU,98,2018
2018-06-12,J,PI,103,2018
2018-06-12,J,PI,117,2018
2018-06-12,J,PI,107,2018
2018-06-12,J,PI,117,2018
2018-06-12,J,PI,109,2018
2018-06-12,J,PI,116,2018
2018-06-12,J,PI,112,2018
2018-06-12,J,PI,111,2018
2018-06-12,J,PI,122,2018
2018-06-12,J,PI,115,2018
2018-06-12,J,CU,113,2018
2018-06-12,J,CU,106,2018
2018-06-12,J,CU,110,2018
2018-06-12,J,CU,114,2018
2018-06-12,J,CU,101,2018
2018-06-12,J,CU,118,2018
2018-06-12,J,CU,115,2018
2018-06-12,J,CU,115,2018
2018-06-12,J,CU,109,2018
2018-06-12,J,CU,103,2018
2018-06-12,D,CU,132,2018
2018-06-12,D,CU,88,2018
2018-06-12,D,CU,79,2018
2018-06-12,D,CU,110,2018
2018-06-12,D,CU,86,2018
2018-06-12,D,CU,96,2018
2018-06-12,D,CU,74,2018
2018-06-12,D,CU,122,2018
2018-06-12,D,CU,78,2018
2018-06-12,D,CU,79,2018
2018-06-12,D,PI,94,2018
2018-06-12,D,PI,79,2018
2018-06-12,D,PI,89,2018
2018-06-12,D,PI,77,2018
2018-06-12,D,PI,89,2018
2018-06-12,D,PI,84,2018
2018-06-12,D,PI,85,2018
2018-06-12,D,PI,77,2018
2018-06-12,D,PI,86,2018
2018-06-12,D,PI,87,2018
2018-06-13,D,PI,80,2018
2018-06-13,D,PI,78,2018
2018-06-13,D,PI,81,2018
2018-06-13,D,PI,80,2018
2018-06-13,D,PI,96,2018
2018-06-13,D,PI,82,2018
2018-06-13,D,PI,85,2018
2018-06-13,D,PI,75,2018
2018-06-13,D,PI,82,2018
2018-06-13,D,PI,74,2018
2018-06-13,D,CU,98,2018
2018-06-13,D,CU,90,2018
2018-06-13,D,CU,95,2018
2018-06-13,D,CU,93,2018
2018-06-13,D,CU,95,2018
2018-06-13,D,CU,92,2018
2018-06-13,D,CU,85,2018
2018-06-13,D,CU,83,2018
2018-06-13,D,CU,107,2018
2018-06-13,D,CU,109,2018
2018-06-14,J,PI,110,2018
2018-06-14,J,PI,115,2018
2018-06-14,J,PI,110,2018
2018-06-14,J,PI,107,2018
2018-06-14,J,PI,113,2018
2018-06-14,J,PI,101,2018
2018-06-14,J,PI,95,2018
2018-06-14,J,PI,100,2018
2018-06-14,J,PI,101,2018
2018-06-14,J,PI,100,2018
2018-06-14,J,CU,114,2018
2018-06-14,J,CU,109,2018
2018-06-14,J,CU,110,2018
2018-06-14,J,CU,113,2018
2018-06-14,J,CU,106,2018
2018-06-14,J,CU,112,2018
2018-06-14,J,CU,111,2018
2018-06-14,J,CU,98,2018
2018-06-14,J,CU,109,2018
2018-06-14,J,CU,113,2018
2018-06-18,D,CU,108,2018
2018-06-18,D,CU,114,2018
2018-06-18,D,CU,88,2018
2018-06-18,D,CU,91,2018
2018-06-18,D,CU,114,2018
2018-06-18,D,CU,98,2018
2018-06-18,D,CU,75,2018
2018-06-18,D,CU,119,2018
2018-06-18,D,CU,89,2018
2018-06-18,D,CU,80,2018
2018-06-18,D,PI,81,2018
2018-06-18,D,PI,92,2018
2018-06-18,D,PI,68,2018
2018-06-18,D,PI,82,2018
2018-06-18,D,PI,84,2018
2018-06-18,D,PI,78,2018
2018-06-18,D,PI,76,2018
2018-06-18,D,PI,77,2018
2018-06-18,D,PI,81,2018
2018-06-18,D,PI,91,2018
2018-06-19,D,PI,84,2018
2018-06-19,D,PI,83,2018
2018-06-19,D,PI,95,2018
2018-06-19,D,PI,88,2018
2018-06-19,D,PI,84,2018
2018-06-19,D,PI,89,2018
2018-06-19,D,PI,94,2018
2018-06-19,D,PI,90,2018
2018-06-19,D,PI,88,2018
2018-06-19,D,PI,97,2018
2018-06-19,D,CU,109,2018
2018-06-19,D,CU,115,2018
2018-06-19,D,CU,95,2018
2018-06-19,D,CU,91,2018
2018-06-19,D,CU,125,2018
2018-06-19,D,CU,103,2018
2018-06-19,D,CU,85,2018
2018-06-19,D,CU,87,2018
2018-06-19,D,CU,121,2018
2018-06-19,D,CU,86,2018
2018-06-20,J,CU,116,2018
2018-06-20,J,CU,99,2018
2018-06-20,J,CU,130,2018
2018-06-20,J,CU,104,2018
2018-06-20,J,CU,104,2018
2018-06-20,J,CU,110,2018
2018-06-20,J,CU,99,2018
2018-06-20,J,CU,114,2018
2018-06-20,J,CU,108,2018
2018-06-20,J,CU,108,2018
2018-06-20,J,PI,109,2018
2018-06-20,J,PI,114,2018
2018-06-20,J,PI,110,2018
2018-06-20,J,PI,110,2018
2018-06-20,J,PI,116,2018
2018-06-20,J,PI,110,2018
2018-06-20,J,PI,109,2018
2018-06-20,J,PI,98,2018
2018-06-20,J,PI,110,2018
2018-06-20,J,PI,104,2018
2018-06-20,D,CU,95,2018
2018-06-20,D,CU,108,2018
2018-06-20,D,CU,115,2018
2018-06-20,D,CU,123,2018
2018-06-20,D,CU,145,2018
2018-06-20,D,CU,111,2018
2018-06-20,D,CU,105,2018
2018-06-20,D,CU,126,2018
2018-06-20,D,CU,115,2018
2018-06-20,D,CU,122,2018
2018-06-20,D,PI,86,2018
2018-06-20,D,PI,91,2018
2018-06-20,D,PI,104,2018
2018-06-20,D,PI,90,2018
2018-06-20,D,PI,100,2018
2018-06-20,D,PI,98,2018
2018-06-20,D,PI,93,2018
2018-06-20,D,PI,105,2018
2018-06-20,D,PI,88,2018
2018-06-20,D,PI,85,2018
2018-06-21,J,PI,109,2018
2018-06-21,J,PI,117,2018
2018-06-21,J,PI,116,2018
2018-06-21,J,PI,132,2018
2018-06-21,J,PI,109,2018
2018-06-21,J,PI,115,2018
2018-06-21,J,PI,133,2018
2018-06-21,J,PI,112,2018
2018-06-21,J,PI,121,2018
2018-06-21,J,PI,111,2018
2018-06-21,J,CU,115,2018
2018-06-21,J,CU,134,2018
2018-06-21,J,CU,122,2018
2018-06-21,J,CU,125,2018
2018-06-21,J,CU,116,2018
2018-06-21,J,CU,122,2018
2018-06-21,J,CU,127,2018
2018-06-21,J,CU,122,2018
2018-06-21,J,CU,120,2018
2018-06-21,J,CU,136,2018
2018-06-23,J,PI,103,2018
2018-06-23,J,PI,112,2018
2018-06-23,J,PI,104,2018
2018-06-23,J,PI,96,2018
2018-06-23,J,PI,118,2018
2018-06-23,J,PI,99,2018
2018-06-23,J,PI,100,2018
2018-06-23,J,PI,104,2018
2018-06-23,J,PI,102,2018
2018-06-23,J,PI,101,2018
2018-06-23,J,CU,115,2018
2018-06-23,J,CU,109,2018
2018-06-23,J,CU,106,2018
2018-06-23,J,CU,102,2018
2018-06-23,J,CU,111,2018
2018-06-23,J,CU,103,2018
2018-06-23,J,CU,104,2018
2018-06-23,J,CU,109,2018
2018-06-23,J,CU,117,2018
2018-06-23,J,CU,103,2018
2018-06-25,D,CU,107,2018
2018-06-25,D,CU,103,2018
2018-06-25,D,CU,118,2018
2018-06-25,D,CU,97,2018
2018-06-25,D,CU,124,2018
2018-06-25,D,CU,100,2018
2018-06-25,D,CU,107,2018
2018-06-25,D,CU,85,2018
2018-06-25,D,CU,94,2018
2018-06-25,D,CU,92,2018
2018-06-25,D,PI,84,2018
2018-06-25,D,PI,101,2018
2018-06-25,D,PI,81,2018
2018-06-25,D,PI,91,2018
2018-06-25,D,PI,96,2018
2018-06-25,D,PI,97,2018
2018-06-25,D,PI,89,2018
2018-06-25,D,PI,89,2018
2018-06-25,D,PI,80,2018
2018-06-25,D,PI,91,2018
2018-06-26,D,PI,95,2018
2018-06-26,D,PI,93,2018
2018-06-26,D,PI,84,2018
2018-06-26,D,PI,109,2018
2018-06-26,D,PI,85,2018
2018-06-26,D,PI,75,2018
2018-06-26,D,PI,101,2018
2018-06-26,D,PI,80,2018
2018-06-26,D,PI,75,2018
2018-06-26,D,PI,81,2018
2018-06-26,D,CU,118,2018
2018-06-26,D,CU,93,2018
2018-06-26,D,CU,93,2018
2018-06-26,D,CU,97,2018
2018-06-26,D,CU,109,2018
2018-06-26,D,CU,88,2018
2018-06-26,D,CU,87,2018
2018-06-26,D,CU,92,2018
2018-06-26,D,CU,92,2018
2018-06-26,D,CU,74,2018
2018-06-27,D,CU,98,2018
2018-06-27,D,CU,120,2018
2018-06-27,D,CU,109,2018
2018-06-27,D,CU,98,2018
2018-06-27,D,CU,90,2018
2018-06-27,D,CU,92,2018
2018-06-27,D,CU,90,2018
2018-06-27,D,CU,100,2018
2018-06-27,D,CU,108,2018
2018-06-27,D,CU,117,2018
2018-06-27,D,PI,105,2018
2018-06-27,D,PI,109,2018
2018-06-27,D,PI,107,2018
2018-06-27,D,PI,105,2018
2018-06-27,D,PI,95,2018
2018-06-27,D,PI,101,2018
2018-06-27,D,PI,97,2018
2018-06-27,D,PI,93,2018
2018-06-27,D,PI,93,2018
2018-06-27,D,PI,98,2018
2018-06-28,J,CU,101,2018
2018-06-28,J,CU,115,2018
2018-06-28,J,CU,113,2018
2018-06-28,J,CU,111,2018
2018-06-28,J,CU,114,2018
2018-06-28,J,CU,114,2018
2018-06-28,J,CU,97,2018
2018-06-28,J,CU,97,2018
2018-06-28,J,CU,112,2018
2018-06-28,J,CU,128,2018
2018-06-28,J,PI,99,2018
2018-06-28,J,PI,116,2018
2018-06-28,J,PI,105,2018
2018-06-28,J,PI,101,2018
2018-06-28,J,PI,108,2018
2018-06-28,J,PI,96,2018
2018-06-28,J,PI,116,2018
2018-06-28,J,PI,97,2018
2018-06-28,J,PI,116,2018
2018-06-28,J,PI,96,2018
2018-07-03,D,PI,89,2018
2018-07-03,D,PI,95,2018
2018-07-03,D,PI,99,2018
2018-07-03,D,PI,96,2018
2018-07-03,D,PI,97,2018
2018-07-03,D,PI,97,2018
2018-07-03,D,PI,95,2018
2018-07-03,D,PI,89,2018
2018-07-03,D,PI,84,2018
2018-07-03,D,PI,94,2018
2018-07-03,D,CU,119,2018
2018-07-03,J,PI,114,2018
2018-07-03,J,PI,118,2018
2018-07-03,J,PI,106,2018
2018-07-03,J,PI,110,2018
2018-07-03,J,PI,115,2018
2018-07-03,J,PI,109,2018
2018-07-03,J,PI,114,2018
2018-07-03,J,PI,98,2018
2018-07-03,J,PI,108,2018
2018-07-03,J,PI,124,2018
2018-07-03,J,CU,111,2018
2018-07-03,J,CU,117,2018
2018-07-03,J,CU,114,2018
2018-07-03,J,CU,103,2018
2018-07-03,J,CU,104,2018
2018-07-03,J,CU,108,2018
2018-07-03,J,CU,122,2018
2018-07-03,J,CU,108,2018
2018-07-03,J,CU,113,2018
2018-07-03,J,CU,103,2018
2018-07-04,J,CU,109,2018
2018-07-04,J,CU,94,2018
2018-07-04,J,CU,132,2018
2018-07-04,J,CU,98,2018
2018-07-04,J,CU,120,2018
2018-07-04,J,CU,114,2018
2018-07-04,J,CU,106,2018
2018-07-04,J,CU,97,2018
2018-07-04,J,CU,108,2018
2018-07-04,J,CU,104,2018
2018-07-04,J,PI,106,2018
2018-07-04,J,PI,101,2018
2018-07-04,J,PI,102,2018
2018-07-04,J,PI,108,2018
2018-07-04,J,PI,109,2018
2018-07-04,J,PI,94,2018
2018-07-04,J,PI,105,2018
2018-07-04,J,PI,96,2018
2018-07-04,J,PI,101,2018
2018-07-04,J,PI,94,2018
2018-07-05,D,PI,99,2018
2018-07-05,D,PI,101,2018
2018-07-05,D,PI,98,2018
2018-07-05,D,PI,104,2018
2018-07-05,D,PI,114,2018
2018-07-05,D,PI,95,2018
2018-07-05,D,PI,107,2018
2018-07-05,D,PI,104,2018
2018-07-05,D,PI,106,2018
2018-07-05,D,PI,97,2018
2018-07-05,D,CU,114,2018
2018-07-05,D,CU,118,2018
2018-07-05,D,CU,106,2018
2018-07-05,D,CU,113,2018
2018-07-05,D,CU,117,2018
2018-07-05,D,CU,108,2018
2018-07-05,D,CU,111,2018
2018-07-05,D,CU,90,2018
2018-07-05,D,CU,106,2018
2018-07-05,D,CU,106,2018
2019-05-21,D,CU,120,2019
2019-05-21,D,CU,120,2019
2019-05-21,D,CU,94,2019
2019-05-22,D,PI,83,2019
2019-05-22,D,PI,62,2019
2019-05-22,D,PI,75,2019
2019-05-22,D,PI,83,2019
2019-05-22,D,PI,75,2019
2019-05-22,D,PI,80,2019
2019-05-22,D,PI,79,2019
2019-05-22,D,PI,67,2019
2019-05-22,D,PI,73,2019
2019-05-22,D,PI,84,2019
2019-05-22,D,CU,71,2019
2019-05-22,D,CU,69,2019
2019-05-22,D,CU,64,2019
2019-05-25,D,PI,86,2019
2019-05-26,J,CU,126,2019
2019-05-26,J,CU,124,2019
2019-05-26,J,CU,130,2019
2019-05-26,J,CU,118,2019
2019-05-26,J,CU,118,2019
2019-05-26,J,CU,122,2019
2019-05-26,J,CU,120,2019
2019-05-26,J,CU,113,2019
2019-05-26,J,CU,117,2019
2019-05-26,J,CU,121,2019
2019-05-26,D,PI,83,2019
2019-05-26,D,PI,80,2019
2019-05-26,D,PI,79,2019
2019-05-26,D,PI,75,2019
2019-05-26,D,PI,77,2019
2019-05-26,D,PI,81,2019
2019-05-26,D,PI,69,2019
2019-05-26,D,PI,72,2019
2019-05-26,D,PI,82,2019
2019-05-26,D,PI,80,2019
2019-05-26,D,CU,104,2019
2019-05-26,D,CU,104,2019
2019-05-26,D,CU,104,2019
2019-05-28,D,PI,81,2019
2019-05-28,D,PI,84,2019
2019-05-28,D,PI,82,2019
2019-05-28,D,PI,79,2019
2019-05-28,D,PI,74,2019
2019-05-28,D,PI,76,2019
2019-05-28,D,PI,86,2019
2019-05-28,D,PI,72,2019
2019-05-28,D,PI,85,2019
2019-05-28,D,PI,81,2019
2019-05-28,D,CU,113,2019
2019-05-28,D,CU,107,2019
2019-05-28,D,CU,100,2019
2019-05-28,D,CU,122,2019
2019-05-28,D,CU,115,2019
2019-05-28,D,CU,114,2019
2019-05-29,J,CU,127,2019
2019-05-29,J,CU,127,2019
2019-05-29,J,CU,108,2019
2019-05-29,J,CU,108,2019
2019-05-29,J,CU,148,2019
2019-05-29,D,PI,88,2019
2019-05-29,D,PI,81,2019
2019-05-29,D,PI,85,2019
2019-05-29,D,PI,84,2019
2019-05-29,D,PI,85,2019
2019-05-29,D,PI,80,2019
2019-05-29,D,PI,80,2019
2019-05-29,D,PI,87,2019
2019-05-29,D,PI,84,2019
2019-05-29,D,PI,87,2019
2019-05-29,D,CU,102,2019
2019-05-29,D,CU,110,2019
2019-05-29,D,CU,111,2019
2019-05-29,D,CU,90,2019
2019-05-29,D,CU,88,2019
2019-05-29,D,CU,106,2019
2019-05-30,J,CU,106,2019
2019-05-30,J,CU,122,2019
2019-05-31,J,CU,126,2019
2019-05-31,J,CU,132,2019
2019-05-31,J,CU,122,2019
2019-05-31,J,CU,122,2019
2019-05-31,J,CU,126,2019
2019-05-31,J,CU,121,2019
2019-05-31,J,CU,129,2019
2019-05-31,J,CU,127,2019
2019-05-31,J,CU,119,2019
2019-05-31,J,CU,126,2019
2019-06-01,D,CU,89,2019
2019-06-01,D,CU,90,2019
2019-06-01,D,CU,92,2019
2019-06-01,D,CU,78,2019
2019-06-01,D,CU,99,2019
2019-06-01,D,CU,84,2019
2019-06-01,D,CU,125,2019
2019-06-01,D,CU,75,2019
2019-06-01,D,CU,82,2019
2019-06-01,D,CU,93,2019
2019-06-01,D,PI,88,2019
2019-06-01,D,PI,75,2019
2019-06-01,D,PI,84,2019
2019-06-01,D,PI,79,2019
2019-06-01,D,PI,80,2019
2019-06-01,D,PI,81,2019
2019-06-01,D,PI,79,2019
2019-06-01,D,PI,75,2019
2019-06-01,D,PI,80,2019
2019-06-01,D,PI,86,2019
2019-06-02,D,CU,86,2019
2019-06-02,D,CU,104,2019
2019-06-02,D,CU,112,2019
2019-06-02,D,CU,103,2019
2019-06-02,D,CU,111,2019
2019-06-02,D,CU,99,2019
2019-06-02,D,CU,116,2019
2019-06-02,D,CU,94,2019
2019-06-02,D,CU,115,2019
2019-06-02,D,CU,89,2019
2019-06-02,D,PI,88,2019
2019-06-02,D,PI,96,2019
2019-06-02,D,PI,90,2019
2019-06-02,D,PI,91,2019
2019-06-02,D,PI,86,2019
2019-06-02,D,PI,87,2019
2019-06-02,D,PI,89,2019
2019-06-02,D,PI,97,2019
2019-06-02,D,PI,95,2019
2019-06-02,D,PI,88,2019
2019-06-04,D,CU,98,2019
2019-06-04,D,CU,105,2019
2019-06-04,D,CU,93,2019
2019-06-04,D,CU,80,2019
2019-06-04,D,CU,104,2019
2019-06-04,D,CU,89,2019
2019-06-04,D,CU,84,2019
2019-06-04,D,CU,80,2019
2019-06-04,D,CU,104,2019
2019-06-04,D,CU,89,2019
2019-06-04,D,PI,86,2019
2019-06-04,D,PI,85,2019
2019-06-04,D,PI,90,2019
2019-06-04,D,PI,86,2019
2019-06-04,D,PI,87,2019
2019-06-04,D,PI,81,2019
2019-06-04,D,PI,85,2019
2019-06-04,D,PI,84,2019
2019-06-04,D,PI,85,2019
2019-06-04,D,PI,88,2019
2019-06-05,D,CU,124,2019
2019-06-05,D,CU,116,2019
2019-06-05,D,CU,109,2019
2019-06-05,D,CU,103,2019
2019-06-05,D,CU,113,2019
2019-06-05,D,CU,115,2019
2019-06-05,D,CU,102,2019
2019-06-05,D,CU,115,2019
2019-06-05,D,CU,103,2019
2019-06-05,D,CU,100,2019
2019-06-05,D,PI,92,2019
2019-06-05,D,PI,96,2019
2019-06-05,D,PI,97,2019
2019-06-05,D,PI,95,2019
2019-06-05,D,PI,100,2019
2019-06-05,D,PI,95,2019
2019-06-05,D,PI,93,2019
2019-06-05,D,PI,95,2019
2019-06-05,D,PI,99,2019
2019-06-05,D,PI,97,2019
2019-06-06,J,CU,124,2019
2019-06-06,J,CU,128,2019
2019-06-06,J,CU,118,2019
2019-06-06,J,CU,126,2019
2019-06-06,J,CU,125,2019
2019-06-06,J,CU,134,2019
2019-06-06,J,CU,118,2019
2019-06-06,J,CU,126,2019
2019-06-06,J,CU,134,2019
2019-06-06,J,CU,128,2019
2019-06-06,D,CU,135,2019
2019-06-06,D,CU,160,2019
2019-06-06,D,CU,147,2019
2019-06-06,D,CU,152,2019
2019-06-06,D,CU,138,2019
2019-06-06,D,CU,142,2019
2019-06-06,D,CU,137,2019
2019-06-06,D,CU,141,2019
2019-06-06,D,CU,122,2019
2019-06-06,D,CU,143,2019
2019-06-09,J,CU,117,2019
2019-06-09,J,CU,123,2019
2019-06-09,J,CU,116,2019
2019-06-09,J,CU,127,2019
2019-06-09,J,CU,125,2019
2019-06-09,J,CU,124,2019
2019-06-09,J,CU,123,2019
2019-06-09,J,CU,123,2019
2019-06-09,J,CU,120,2019
2019-06-09,J,CU,137,2019
2019-06-10,J,CU,143,2019
2019-06-10,J,CU,111,2019
2019-06-10,J,CU,125,2019
2019-06-10,J,CU,134,2019
2019-06-10,J,CU,116,2019
2019-06-10,J,CU,119,2019
2019-06-10,J,CU,133,2019
2019-06-10,J,CU,122,2019
2019-06-10,J,CU,134,2019
2019-06-10,J,CU,121,2019
2019-06-10,D,CU,123,2019
2019-06-10,D,CU,117,2019
2019-06-10,D,CU,122,2019
2019-06-10,D,CU,124,2019
2019-06-10,D,CU,123,2019
2019-06-10,D,CU,125,2019
2019-06-10,D,CU,129,2019
2019-06-10,D,CU,124,2019
2019-06-10,D,CU,117,2019
2019-06-10,D,CU,126,2019
2019-06-11,J,CU,122,2019
2019-06-11,J,CU,114,2019
2019-06-11,J,CU,111,2019
2019-06-11,J,CU,112,2019
2019-06-11,J,CU,148,2019
2019-06-11,J,CU,126,2019
2019-06-11,J,CU,126,2019
2019-06-11,J,CU,123,2019
2019-06-11,J,CU,114,2019
2019-06-11,J,CU,110,2019
2019-06-11,D,CU,124,2019
2019-06-11,D,PI,84,2019
2019-06-11,D,PI,105,2019
2019-06-11,D,PI,92,2019
2019-06-11,D,PI,95,2019
2019-06-11,D,PI,92,2019
2019-06-11,D,PI,100,2019
2019-06-11,D,PI,96,2019
2019-06-11,D,PI,84,2019
2019-06-11,D,PI,106,2019
2019-06-11,D,PI,95,2019
2019-06-11,D,CU,107,2019
2019-06-11,D,CU,110,2019
2019-06-11,D,CU,117,2019
2019-06-11,D,CU,111,2019
2019-06-11,D,CU,111,2019
2019-06-11,D,CU,124,2019
2019-06-11,D,CU,113,2019
2019-06-11,D,CU,117,2019
2019-06-11,D,CU,109,2019
2019-06-11,D,CU,120,2019
2019-06-11,D,PI,117,2019
2019-06-11,D,PI,117,2019
2019-06-11,D,CU,121,2019
2019-06-11,D,CU,123,2019
2019-06-11,D,CU,107,2019
2019-06-11,D,CU,115,2019
2019-06-11,D,CU,112,2019
2019-06-11,D,CU,122,2019
2019-06-11,D,CU,115,2019
2019-06-11,D,CU,144,2019
2019-06-11,D,CU,127,2019
2019-06-11,D,CU,127,2019
2019-06-12,D,CU,120,2019
2019-06-12,D,CU,114,2019
2019-06-12,D,CU,112,2019
2019-06-12,D,CU,106,2019
2019-06-12,D,CU,102,2019
2019-06-12,D,CU,124,2019
2019-06-12,D,CU,113,2019
2019-06-12,D,CU,98,2019
2019-06-12,D,CU,117,2019
2019-06-12,D,CU,104,2019
2019-06-16,J,CU,110,2019
2019-06-16,J,CU,112,2019
2019-06-16,J,CU,124,2019
2019-06-16,J,CU,118,2019
2019-06-16,J,CU,116,2019
2019-06-16,J,CU,116,2019
2019-06-16,J,CU,113,2019
2019-06-16,J,CU,112,2019
2019-06-16,J,CU,108,2019
2019-06-16,J,CU,114,2019
2019-06-16,J,PI,117,2019
2019-06-16,J,PI,113,2019
2019-06-16,J,PI,114,2019
2019-06-16,J,PI,118,2019
2019-06-16,J,PI,112,2019
2019-06-16,J,PI,115,2019
2019-06-16,J,PI,120,2019
2019-06-16,J,PI,112,2019
2019-06-16,J,PI,114,2019
2019-06-16,J,PI,116,2019
2019-06-17,D,PI,127,2019
2019-06-17,D,CU,115,2019
2019-06-17,D,CU,120,2019
2019-06-17,D,PI,126,2019
2019-06-17,D,CU,107,2019
2019-06-17,D,CU,125,2019
2019-06-17,D,CU,122,2019
2019-06-17,D,CU,117,2019
2019-06-17,D,CU,116,2019
2019-06-17,D,PI,96,2019
2019-06-17,D,PI,105,2019
2019-06-17,D,PI,111,2019
2019-06-17,D,PI,100,2019
2019-06-17,D,PI,105,2019
2019-06-17,D,PI,114,2019
2019-06-17,D,PI,95,2019
2019-06-17,D,PI,96,2019
2019-06-17,D,PI,108,2019
2019-06-17,D,PI,113,2019
2019-06-17,D,CU,103,2019
2019-06-17,D,CU,127,2019
2019-06-18,D,PI,95,2019
2019-06-18,D,PI,98,2019
2019-06-18,D,PI,102,2019
2019-06-18,D,PI,98,2019
2019-06-18,D,PI,99,2019
2019-06-18,D,PI,117,2019
2019-06-18,D,PI,100,2019
2019-06-18,D,PI,101,2019
2019-06-18,D,PI,95,2019
2019-06-18,D,PI,103,2019
2019-06-18,D,CU,96,2019
2019-06-18,D,CU,94,2019
2019-06-18,D,CU,111,2019
2019-06-18,D,CU,110,2019
2019-06-18,D,CU,104,2019
2019-06-18,D,CU,111,2019
2019-06-18,D,CU,93,2019
2019-06-18,D,CU,103,2019
2019-06-18,D,CU,120,2019
2019-06-18,D,CU,115,2019
2019-06-24,D,PI,115,2019
2019-06-24,D,PI,104,2019
2019-06-24,D,PI,107,2019
2019-06-24,D,PI,111,2019
2019-06-24,D,PI,114,2019
2019-06-24,D,PI,115,2019
2019-06-24,D,PI,119,2019
2019-06-24,D,PI,117,2019
2019-06-24,D,PI,118,2019
2019-06-24,D,PI,122,2019
2019-06-24,D,CU,101,2019
2019-06-24,D,CU,125,2019
2019-06-24,D,CU,99,2019
2019-06-24,D,CU,112,2019
2019-06-24,D,CU,100,2019
2019-06-24,D,CU,100,2019
2019-06-24,D,CU,105,2019
2019-06-24,D,CU,99,2019
2019-06-24,D,CU,94,2019
2019-06-24,D,CU,120,2019
2019-06-24,J,PI,122,2019
2019-06-24,J,PI,121,2019
2019-06-24,J,PI,120,2019
2019-06-24,J,PI,121,2019
2019-06-24,J,PI,117,2019
2019-06-24,J,PI,123,2019
2019-06-24,J,PI,120,2019
2019-06-24,J,PI,124,2019
2019-06-24,J,PI,130,2019
2019-06-24,J,PI,122,2019
2019-06-24,J,CU,105,2019
2019-06-24,J,CU,119,2019
2019-06-24,J,CU,122,2019
2019-06-24,J,CU,124,2019
2019-06-24,J,CU,121,2019
2019-06-24,J,CU,117,2019
2019-06-24,J,CU,122,2019
2019-06-24,J,CU,117,2019
2019-06-24,J,CU,126,2019
2019-06-24,J,CU,125,2019
2019-06-25,D,PI,110,2019
2019-06-25,D,CU,122,2019
2019-06-25,D,CU,114,2019
2019-06-25,D,CU,129,2019
2019-06-25,D,CU,124,2019
2019-06-25,D,CU,120,2019
2019-06-25,D,CU,126,2019
2019-06-25,D,CU,125,2019
2019-06-25,D,CU,122,2019
2019-06-25,D,CU,123,2019
2019-06-25,D,CU,122,2019
2019-06-25,D,PI,103,2019
2019-06-25,D,PI,123,2019
2019-06-25,D,PI,120,2019
2019-06-25,D,PI,108,2019
2019-06-25,D,PI,109,2019
2019-06-25,D,PI,123,2019
2019-06-25,D,PI,103,2019
2019-06-25,D,PI,122,2019
2019-06-25,D,PI,102,2019
2019-06-25,D,PI,112,2019
2019-06-25,D,CU,146,2019
2019-06-25,D,CU,105,2019
2019-06-25,D,CU,112,2019
2019-06-25,D,CU,140,2019
2019-06-25,D,CU,126,2019
2019-06-25,D,CU,95,2019
2019-06-25,D,CU,143,2019
2019-06-25,D,CU,117,2019
2019-06-28,J,CU,135,2019
2019-06-28,J,CU,138,2019
2019-06-28,J,CU,140,2019
2019-06-28,J,CU,126,2019
2019-06-28,J,CU,133,2019
2019-06-28,J,CU,140,2019
2019-06-28,J,CU,131,2019
2019-06-28,J,CU,129,2019
2019-06-28,J,CU,145,2019
2019-06-28,J,CU,130,2019
2019-06-29,J,CU,127,2019
2019-06-29,J,CU,131,2019
2019-06-29,J,CU,121,2019
2019-06-29,J,CU,132,2019
2019-06-29,J,CU,122,2019
2019-06-29,J,CU,118,2019
2019-06-29,J,CU,122,2019
2019-06-29,J,CU,132,2019
2019-06-29,J,CU,129,2019
2019-06-29,J,CU,126,2019
2019-06-29,J,PI,127,2019
2019-06-29,J,PI,124,2019
2019-06-29,J,PI,126,2019
2019-06-29,J,PI,124,2019
2019-06-29,J,PI,128,2019
2019-06-29,J,PI,116,2019
2019-06-29,J,PI,122,2019
2019-06-29,J,PI,120,2019
2019-06-29,J,PI,118,2019
2019-06-29,J,PI,120,2019
2019-07-02,D,CU,133,2019
2019-07-02,D,CU,134,2019
2019-07-02,D,CU,134,2019
2019-07-02,D,CU,135,2019
2019-07-02,D,CU,133,2019
2019-07-02,D,CU,131,2019
2019-07-02,D,CU,126,2019
2019-07-02,D,CU,129,2019
2019-07-02,D,CU,130,2019
2019-07-02,D,CU,133,2019
2019-07-02,D,PI,125,2019
2019-07-02,D,PI,125,2019
2019-07-02,D,PI,124,2019
2019-07-02,D,PI,129,2019
2019-07-02,D,PI,129,2019
2019-07-02,D,PI,121,2019
2019-07-02,D,PI,115,2019
2019-07-02,D,PI,129,2019
2019-07-02,D,PI,123,2019
2019-07-02,D,PI,126,2019
2019-07-02,D,CU,133,2019
2019-07-03,D,CU,128,2019
2019-07-03,D,CU,122,2019
2019-07-03,D,CU,121,2019
2019-07-03,D,CU,123,2019
2019-07-03,D,CU,120,2019
2019-07-03,D,CU,120,2019
2019-07-03,D,CU,119,2019
2019-07-03,D,CU,139,2019
2019-07-03,D,CU,119,2019
2019-07-03,D,CU,123,2019
2019-07-03,D,PI,109,2019
2019-07-03,D,PI,95,2019
2019-07-03,D,PI,105,2019
2019-07-03,D,PI,107,2019
2019-07-03,D,PI,110,2019
2019-07-03,D,PI,110,2019
2019-07-03,D,PI,112,2019
2019-07-03,D,PI,118,2019
2019-07-03,D,PI,108,2019
2019-07-03,D,PI,114,2019
2019-07-03,D,PI,114,2019
2019-07-03,D,PI,110,2019
2019-07-03,D,PI,120,2019
2019-07-03,D,PI,120,2019
2019-07-03,D,PI,116,2019
2019-07-03,D,PI,113,2019
2019-07-03,D,PI,115,2019
2019-07-03,D,PI,121,2019
2019-07-03,D,PI,121,2019
2019-07-03,D,PI,87,2019
2019-07-04,J,PI,132,2019
2019-07-04,J,PI,140,2019
2019-07-04,J,PI,123,2019
2019-07-04,J,PI,120,2019
2019-07-04,J,PI,122,2019
2019-07-04,J,PI,119,2019
2019-07-04,J,PI,122,2019
2019-07-04,J,PI,116,2019
2019-07-04,J,PI,128,2019
2019-07-04,J,PI,112,2019
2019-07-04,J,CU,140,2019
2019-07-04,J,CU,133,2019
2019-07-04,J,CU,129,2019
2019-07-04,J,CU,119,2019
2019-07-04,J,CU,138,2019
2019-07-04,J,CU,129,2019
2019-07-04,J,CU,128,2019
2019-07-04,J,CU,131,2019
2019-07-04,J,CU,144,2019
2019-07-04,J,CU,132,2019
2019-07-04,J,CU,141,2019
2019-07-06,J,PI,130,2019
2019-07-06,J,PI,126,2019
2019-07-06,J,PI,127,2019
2019-07-06,J,PI,125,2019
2019-07-06,J,PI,122,2019
2019-07-06,J,PI,109,2019
2019-07-06,J,PI,101,2019
2019-07-06,J,PI,108,2019
2019-07-06,J,PI,125,2019
2019-07-06,J,PI,128,2019
2019-07-06,J,CU,126,2019
2019-07-06,J,CU,112,2019
2019-07-06,J,CU,126,2019
2019-07-06,J,CU,128,2019
2019-07-06,J,CU,128,2019
2019-07-06,J,CU,131,2019
2019-07-06,J,CU,116,2019
2019-07-06,J,CU,116,2019
2019-07-06,J,CU,119,2019
2019-07-06,J,CU,116,2019
2019-07-08,D,PI,125,2019
2019-07-08,D,PI,117,2019
2019-07-08,D,PI,116,2019
2019-07-08,D,PI,118,2019
2019-07-08,D,PI,112,2019
2019-07-08,D,PI,118,2019
2019-07-08,D,PI,114,2019
2019-07-08,D,PI,117,2019
2019-07-08,D,PI,125,2019
2019-07-08,D,PI,123,2019
2019-07-08,D,CU,110,2019
2019-07-08,D,CU,141,2019
2019-07-08,D,CU,124,2019
2019-07-08,D,CU,113,2019
2019-07-08,D,CU,129,2019
2019-07-08,D,CU,126,2019
2019-07-08,D,CU,133,2019
2019-07-08,D,CU,114,2019
2019-07-08,D,CU,135,2019
2019-07-08,D,CU,115,2019
2019-07-08,D,CU,125,2019
2019-07-08,D,CU,125,2019
