ufn_names,site_names,species_names,region_names,Acartia,Acartia_longiremis,Actinopterygii_Larvae,Aetideus_divergens,Amphibalanus_improvisus_Cyprid,Amphipoda,Aoroides_columbiae,Arachnida,Asteroidea_Brachiolaria,Balanomorpha,Balanomorpha_Cyprid,Balanomorpha_Molt,Balanomorpha_Nauplii,Balanus_crenatus_Cyprid,Balanus_glandula_Cyprid,Brachyura_Megalopa,Brachyura_Zoea,Calanoida,Calanoida_Copepodite,Calanus,Calanus_marshallae,Calanus_pacificus,Cancer_antennarius_Zoea,Cancer_gracilis_Zoea,Cancer_productus_Megalopa,Cancer_Zoea,Caprella,Caridea_Zoea,Centropages_abdominalis,Cnidaria,Copepoda,Coscinodiscophycidae,Crustacea,Ctenophora,Culicomorpha,Culicomorpha_Larvae,Cyclopoida,Detritus,Digested_food,Diptera,Diptera_Pupae,Ditrichocorycaeus_anglicus,Ditrichocorycaeus_anglicus_Copepodite,Epilabidocera_amphrites,Eucalanus,Eucalanus_bungii,Eucalanus_hyalinus,Eukrohnia_hamata,Eumalacostraca_Larvae,Euphausia_pacifica,Euphausiidae,Euphausiidae_Calyptopis,Euphausiidae_Furcilia,Euphausiidae_Juvenile,Euphausiidae_Nauplii,Eurytemora_affinis,Evadne_tergestina,Fabia_subquadrata_Zoea_III,Harpacticoida,Harpacticus,Hemigrapsus_Larvae,Hemigrapsus_nudus_Zoea,Hyale,Hyperiidae,Hyperiidae_Juvenile,Hyperoche,Hyperoche_medusarum,Insecta,Isopoda_Juvenile,Kellia_suborbicularis_Veliger,Lophopanopeus_bellus_Zoea,Mesocalanus_tenuicornis,Metridia,Metridia_curticaudata,Microcalanus_pygmaeus_pusillus,Monocorophium,Nannastacidae,Neocalanus_plumchrus,Neotrypaea_californiensis_Zoea,Objects,Oikopleura,Oregonia_gracilis_Zoea_II,Ostracoda,Paguridae_Larvae,Pandalidae_Zoea,Pandalus_jordani_Zoea,Pandalus_Zoea,Paracalanus_parvus,Paraeuchaeta_elongata,Parasites,Pinnotheridae_Megalopa,Pinnotheridae_Zoea,Pleocyemata_Larvae,Pleocyemata_Zoea,Pleuronectidae_Egg,Podon_leuckartii,Podon_polyphemoides,Podonidae,Polychaeta_Nectochaete,Porcellanidae_Zoea,Pseudocalanus,Pteropoda,Pteropoda_Veliger,Sagittoidea,Sarsamphiascus,Senticaudata,Siphonophorae,Spionidae_Nectochaete,Themisto_pacifica,Thysanoessa,Thysanoessa_inermis,Thysanoessa_raschii,Thysanoessa_spinifera,Tisbe,Tomopteris,Tortanus_discaudatus,Triconia_conifera,Total
U2947,J02,Chum,JOHNSTONE STRAIT,0,0,0,0,0,0,0,0,0,0,0,0,0,0,0,0,0,0.170289492,0,0,9.225683662,1.672843835,0,0,0,0,0,0,0,0,0,0,0,0,0,0,0,0,2.063507964,0,0,0.010017029,0,0,0.270459782,0.210357608,0,8.86507062,0,26.51507563,32.525293,0.010017029,7.332465191,0.200340579,0,0,0,0,0,0,0,0,0,0,0.020034058,0.130221376,0.180306521,0,0.010017029,0,0,0,0,0,0,0,0,0,0.070119203,0,0,0,0,0,0,0,0,0,0,0,0,0,0,0,0,0,0,0,0,0,0,0,0,0,0,0,0,0,0.100170289,1.863167385,0.440749274,0,8.113793449,0,0,0,0,100
U2948,J02,Chum,JOHNSTONE STRAIT,0,0,0,0,0,0,0,0,0,0,0,0,0,0,0,0,0,0.214273941,0,0,2.439426405,1.054887094,0,0.19779133,16.7133674,0,0,0,0,0,0,0,0,0,0,0,0,0,2.983352563,0,0,0,0,0,0,0,0,11.25762321,0,14.68600626,45.80517554,0.016482611,0.148343498,0,0,0,0,0,0,0,0,0,0,0,0.016482611,0,0,0,0,0,0,0.19779133,0,0,0,0,0,0,0,0,0,0,0,0,0,0,0,0,0,0,0,0,0,0,0,0,0,0,0,0,0.494478325,0,0,0.527443547,0,0,0,0,1.351574089,0,0,0,1.895500247,0,0,0,0,100
U2949,J02,Chum,JOHNSTONE STRAIT,0,0,1.244524094,0,0,0,0,0,0,0,0,0,0,0,0,0,0,0,0,0,1.563122262,0.079649542,0,0,0,0,0,0,0,0,0,0,0,0,0,0,0,0,8.422939068,0,0,0,0,0,0,0,0,0,0,39.72520908,26.19474313,0,0.816407806,0,0,0,0,0,0,0,0,0,0,0.009956193,0.029868578,0,0,0,0,0,0,0,0,0,0,0,0,0.527678216,0,0,0,0,0,0,0,0.477897252,0,0,0,0,0,0,0,0,0,0,0,0,0,0,0,0,0,4.072082836,0,0,0,0,6.242532855,1.523297491,0,0,9.070091597,0,0,0,0,100
U2950,J02,Chum,JOHNSTONE STRAIT,0,0,0,0,0,0,0,0,0,0,0,0,0,0,0,0,0,0.452788515,0,0,12.09276643,1.347321922,0,0,0.563224738,0,0,0.033130867,0,0,0,0,0,0,0,0,0,0,3.931529542,0,0,0.011043622,0,0.894533407,0,0,0,6.17338487,0,23.12534511,17.82440641,0,0.353395914,0,0,0,0,0,0,0,0,0,0,1.424627278,0,0.121479845,0,0,0,0,0,0,0,0,0,0,0,0,0,0,0,0,0,0,0,0,0,0,0,0.011043622,0,0,0,0,0.110436223,0,0,0,0,0,0.011043622,0,0,0.154610712,0,0,0,0,0.265046935,0.993926008,7.829928216,0,22.2749862,0,0,0,0,100
U2951,J02,Chum,JOHNSTONE STRAIT,0,0,0,0.025477707,0,0,0,0,0,0,0,0,0,0,0,0,0,0.522292994,0,0,17.38853503,3.210191083,0,0,0,0,0,0,0,0,0,0,0,0,0,0,0,0,2.433121019,0,0,0,0,0.101910828,0,0,0,4.853503185,0,13.6433121,28.43312102,0,0.624203822,0,0,0,0,0,0,0,0,0,0,2.955414013,0.063694268,0,0,0,0.012738854,0,0,0.203821656,0,0,0,0,0,0.458598726,0,0,0,0,0,0,0,0,6.878980892,0,0,0,0,0,0,0,0,0,0,0,0,0,0,0,0,5.503184713,0,0,0,0,9.363057325,0.904458599,0,0,2.420382166,0,0,0,0,100
U2978,D09,Chum,QUADRA,0,0,0,0,0,0,0,0,0,0,0,0,0,0,0,0,0,0,0,0,0,0,0,0,0,0,0,0,0,0,0,0,0,0,0,0,0,0,100,0,0,0,0,0,0,0,0,0,0,0,0,0,0,0,0,0,0,0,0,0,0,0,0,0,0,0,0,0,0,0,0,0,0,0,0,0,0,0,0,0,0,0,0,0,0,0,0,0,0,0,0,0,0,0,0,0,0,0,0,0,0,0,0,0,0,0,0,0,0,0,0,0,0,0,0,0,0,100
U2979,D09,Chum,QUADRA,0,0,0,0,0,0,0,0,0,0,0,4.347826087,0,0,0,0,0,0,0,0,31.88405797,0,0,0,0,0,0,0,0,0,0,0,0,0,0,0,0,0,14.49275362,0,0,0,0,0,0,0,0,0,0,0,0,1.449275362,1.449275362,0,0,0,0,0,0,0,0,0,0,0,0,0,0,0,0,0,0,0,0,0,0,0,0,0,0,0,36.23188406,0,0,0,0,0,0,0,0,0,0,0,0,0,0,0,0,0,0,1.449275362,0,0,0,0,0,0,0,0,8.695652174,0,0,0,0,0,0,0,0,100
U3196,J02,Chum,JOHNSTONE STRAIT,0,0,0,0,0,0,0,0,0,0,0,0,0,0,0,0,0,0.039181115,0,0,2.380252718,0.244881967,0,0,0,0,0,0.303653639,0.009795279,0,0,0,0,0,0,0,0,0,5.642080517,0.009795279,0,0,0,0,0,0.176315016,0,59.98628661,0,9.638554217,0.421196983,0,0.568126163,0,0,0,0,0,0,0,0,0,0,0,0.048976393,0,0,0,0,0,0,0,0,0,0,0,0,0.401606426,0,0,0,0,0,0,0,0,0,0,0,0.009795279,0,0,0,0,0,0,0,0,0,0,0.009795279,0,0,16.41688706,0,0,0,0,3.692820061,0,0,0,0,0,0,0,0,100
U3197,J02,Chum,JOHNSTONE STRAIT,0,0,0,0,0,0,0,0,0,0,0,0,0,0,0,0,0,1.544004117,0,0,16.88111168,2.127294562,0,0,0,0,0,0,0,0,0,0,0,0,0.025733402,0,0,0,4.880768571,0,0,0,0,0.746268657,0.386001029,0.154400412,0,22.59392692,0,5.39543661,18.71676102,0.008577801,2.49613999,0,0,0,0,0,0,0,0,0,0,0,0,0,0,0,0,0,0,0.145822611,0,0,0,0,0,0.283067422,0.034311203,0,0,0,0,0,0,0,0,0,0,0,0,0,0,0,0,0,0,0,0,0,0.008577801,0,0,16.65808887,0,0,0,0,0.248756219,2.050094356,0,0,4.614856751,0,0,0,0,100
U3198,J02,Chum,JOHNSTONE STRAIT,0,0,0,0,0,0,0,0,0,0,0,0,0,0,0,0,0,0.992642765,0,0,19.21055705,2.744365293,0,0,0,0,0,0,0.116781502,0,0,0,0,0,0,0,0,0,4.355950018,0,0,0,0,0.233563004,0,0.303631905,0,22.3403013,0,5.78068434,20.37837207,0.01167815,1.588228425,0.058390751,0,0,0,0,0,0,0,0,0,0,0,0,0,0,0,0,0,0,0,0,0,0,0,0,0,0,0,0,0,0,0,0,0,0,0,0,0,0,0,0,0,0,0,0,0,0,0.210206703,0,0,1.634941025,0,0,0,0,1.342987271,0,0,1.810113278,16.87492701,0,0,0.01167815,0,100
U3199,J02,Chum,JOHNSTONE STRAIT,0,0,0,0,0,0,0,0,0,0,0,0,0,0,0,0,0,0.557522124,0.008849558,0,7.168141593,0.309734513,0,0,0,0,0,0,0,0,0,0,0,0,0,0,0,0,0,0,0,0,0,0.159292035,0.300884956,0,0,12.19469027,0,18.31858407,42.15044248,0,0.522123894,0,0,0,0,0,0,0,0,0,0,0.699115044,0,0,0.203539823,0,0,0,0,0,0,0,0,0,0,3.743362832,0,0,0,0,0,0,0,0,0,0,0,0,0,0,0,0,0,0,0,0,0,0,0.008849558,0,0,3.097345133,0,0,0,0,4.265486726,0,0,0.522123894,5.769911504,0,0,0,0,100
U3200,J02,Chum,JOHNSTONE STRAIT,0,0,0,0,0,0,0,0,0,0,0,0,0,0,0,0,0,0.276067106,0,0,49.54342748,8.17583351,0,0,0,0,0,0,0.021235931,0,0,0,0,0,0,0,0,0,8.324485029,0,0,0,0,2.187300913,0,0,0,4.820556381,0,0,16.11807178,0.021235931,2.590783606,0,0,0,0,0,0,0,0,0,0,0,0,0,0,0,0,0,0,0.467190486,0,0,0,0,0,0,0,0,0,0,0,0,0.148651518,0,0,0,0,0,0,0,0,0,0,0,0,0,0,0,0,0,0,2.12359312,0,0,0,0,2.612019537,0,0,0,2.569547675,0,0,0,0,100
U3325,D09,Chum,QUADRA,0,0,0.440528634,0,0,0,0,0,0,0,0,0,0.220264317,0,0,0,0,3.964757709,0,0,6.167400881,5.50660793,0,0,0,0,0,0,0,0,0,0.220264317,0,0,0,0,0,0,13.87665198,0,0,0,0,0,0,0,0,0,0,0,0,0.220264317,5.066079295,0,0,0,0,0,0,0,0,0,0,0,0,0,0,0,0,0,0,0,0,0,0,0,0,0,0,0,62.33480176,0,0,0,0,0,0,0,0,0,0,0,0,0,0,0,0.220264317,0,0,0,0,0,0.220264317,0,0,0,1.54185022,0,0,0,0,0,0,0,0,0,0,100
U3327,D09,Chum,QUADRA,0,0,0,0,0,0,0,0,0,0,0,0,0,0,0,0,0,1.567398119,0,0,0,2.821316614,0,0,0,0,0,0,0,0,0,0,0,0,2.821316614,0,0,0,4.07523511,0,0,0.313479624,0,0,0,0,0,0,0,0,5.956112853,0,1.880877743,0,0,0,0,0,0,0,0,0,0,3.134796238,0,0,0,0,0,0,0,0,0,0,0,0,0,0,0,0,71.78683386,0,0,0,0,0,0,0,0,0,0,0,0,0,0,0.313479624,0,0,0,5.329153605,0,0,0,0,0,0,0,0,0,0,0,0,0,0,0,0,0,100
U3328,D09,Chum,QUADRA,0,0,2.528735632,0,0,0,0,0,0,0,0.114942529,0,0,0,0,0,0,6.781609195,0,0,3.333333333,3.333333333,0,0,0,0,0,0,0,0,0,0.114942529,0,0,0,0,0,0,46.66666667,0,0,0.229885057,0,0,0,0,0,0,0,0,1.149425287,0,0.689655172,0,0,0,0,0,0,0,0,0,0,0,0,0,0,0,0,0,0,0,0,0,0,0,0,0,0,0,31.49425287,0,0,0,0,0,0,0,0,0,0,0,0,0,0,0,0,0,0,0,0.114942529,0,0,0,0,3.448275862,0,0,0,0,0,0,0,0,0,0,0,100
U3329,D09,Chum,QUADRA,0,0,0.163132137,0,0,0,0,0,0,2.610114192,0,0,0,0,0.163132137,0,0,0.163132137,0,0,2.446982055,11.25611746,0,0,0,0,0,0.652528548,0,0,0,0.163132137,0,0,0,0,0,0,0,0,0,0,0,0,0,0,0,0,0,0,0,0,2.120717781,0,0,0,0,0,0,0.163132137,0,0,0,0,0,0,0,0,0,0,0,3.262642741,0.815660685,0.652528548,0,0,0,0,0,0,70.30995106,3.588907015,0,0,0,0,0,0,0,0,0,0,0,0,0,0,0,0,0,0,1.468189233,0,0,0,0,0,0,0,0,0,0,0,0,0,0,0,0,100
U3501,D09,Chum,QUADRA,0,0,0,0,0,0,0,0,0,0,0,0,0,0,0,0,0,0,0,0,0,0,0,0,0,0,0,0,0,0,0,0,2.857142857,0,0,0,0,0,94.28571429,0,0,0,0,0,0,0,0,0,0,0,0,0,0,0,0,0,0,0,0,0,0,0,0,0,0,0,0,0,0,0,0,0,0,0,0,0,0,0,0,0,0,0,0,0,0,0,0,0,0,2.857142857,0,0,0,0,0,0,0,0,0,0,0,0,0,0,0,0,0,0,0,0,0,0,0,0,0,0,0,100
U3502,D09,Chum,QUADRA,0,0,0,0,0,0,0,0,0,0,0,0,0,0,0,0,0,0,0,0,3.614457831,0,0,0,0,0,0,0,0,0,0,0.301204819,0,0,0,0,0,0,0,0,0,0,0,0,0,0,0,0,0,0,0,0.301204819,2.409638554,0,0,0,0,0,0,0,0,0,0,0,0,0,0,0,0,0,0,0,0,0,0,0,0,0,0,0,76.80722892,0,0,0,0,0,0,0,0,0,0,0,0,0,0,0,0,0,0,0,0,0,0.301204819,0,0,0,16.26506024,0,0,0,0,0,0,0,0,0,0,100
U3503,D09,Chum,QUADRA,0,0,0,0,0,0,0,0,0,0,0,0,0,0,2.272727273,0,0,0,0,0,13.63636364,11.36363636,0,0,0,0,0,0,0,0,0,0,0,0,0,0,0,0,18.18181818,0,0,0,0,0,0,0,0,0,0,0,0,2.272727273,4.545454545,0,0,0,0,0,0,0,0,0,0,0,0,0,0,0,0,0,0,0,0,0,0,0,0,0,0,0,45.45454545,0,0,0,0,0,0,0,0,0,0,0,0,0,0,0,0,0,0,0,2.272727273,0,0,0,0,0,0,0,0,0,0,0,0,0,0,0,0,100
U3762,D09,Pink,QUADRA,0,0,0,0,0,0,0,0,0,0,0,0,0,0,0,0,0,1.538461538,0,7.692307692,0,6.923076923,0,0,0,0,0,0,0,0,0,0,3.076923077,0,0,0,0,0.769230769,5.384615385,0,0,0,0,0,0,0,0,0,0,0,0,0,3.076923077,0,0,0,0,0,6.153846154,60.76923077,0,0,0,0,0,0,0,0,0,0,0,0,0,0,0,0,0,0,0,1.538461538,2.307692308,0,0,0,0,0,0,0,0,0,0,0,0,0,0,0,0,0,0,0,0,0,0,0,0,0,0,0.769230769,0,0,0,0,0,0,0,0,0,100
U3763,D09,Pink,QUADRA,0,0,0,0,0,0,0,0,0,0,0,0,0,0.102564103,0,0,0,5.641025641,0,0,2.871794872,1.025641026,0,0,0,0,0.102564103,0,0,0,0,0,0,0,0,0,0,0,0,0,57.64102564,0.102564103,0,0,0,0,0,0,0,0,0,0,1.128205128,0,0,0,0,0,0,0.102564103,0,0,1.025641026,0,0,0,0,0,0,0,0,0,0,0,0,0,0,0,0,0,29.33333333,0,0,0,0,0,0,0,0,0,0,0,0,0,0,0.102564103,0,0,0,0.307692308,0.512820513,0,0,0,0,0,0,0,0,0,0,0,0,0,0,0,0,100
U3764,D09,Pink,QUADRA,0,0,0,0,0,0,0,0,0,0,0,8.67768595,0,0,0,0,0,62.80991736,0,0,0,2.892561983,0,0,0,0,0,0,0,0,0,0,0,0,0,0,0,0,11.98347107,0,0,0,0,0,0,0,0,0,0,0,2.066115702,0,2.479338843,0,0,0,0,0,1.239669421,0,0,0,0,2.066115702,0,0,0,0,0,0,0,0,0,0,0,0,0,0,0,0,0.41322314,0,0,0,0,0,0,0,0,0,0,0,0,0,4.958677686,0,0,0,0,0,0,0,0.41322314,0,0,0,0,0,0,0,0,0,0,0,0,0,0,100
U3765,D09,Pink,QUADRA,0,0,0,0,0,0,0.628930818,0,0,0,0,0,0,0,0.628930818,0,0,17.61006289,0,9.433962264,9.433962264,0,0,0,0,0,0,0,0,0,0,0.628930818,0,0,0,0,0,0,0,0,0,0.628930818,0,0,0,0,0,0,0,0,0,0,0.628930818,0,0,0,0,0,0,0.628930818,0,0,0,0,0,0,0,5.660377358,0.628930818,0,0,0,0,0,0.628930818,0,0,0,0,0,50.94339623,0,0,0,0,0,0,0,0,0,0,0,0,0,0,0,0,0,0,0,0.628930818,0,0.628930818,0,0,0,0,0.628930818,0,0,0,0,0,0,0,0,0,100
U3766,D09,Pink,QUADRA,0,0,0,0,0,0,0,0,0,3.720930233,0,0,0,0,0.465116279,0,0.465116279,6.511627907,0,19.53488372,0,3.255813953,0,0,0,0,0,0,0.465116279,0,0,0,0,0,0,0,0,0,1.860465116,0,35.81395349,0,0,0,0,0,0,0,0,0,0,0.465116279,2.325581395,0,0,0,0.465116279,0,0,2.325581395,0,0,0,0,0,0,0,0,0,0,0,0,0,0,0,0,0,0,0,1.860465116,19.53488372,0,0,0,0,0,0,0,0,0,0,0,0,0,0,0,0,0,0,0,0,0,0,0,0,0.465116279,0,0.465116279,0,0,0,0,0,0,0,0,0,100
U3767,D09,Pink,QUADRA,0,0,0,0,0,0,0,0,0,0,0,0,0,0,5.517241379,0,0,6.896551724,2.75862069,0,6.206896552,11.03448276,0,0,0,0,0,0,0,0,0,0,0,0,17.93103448,0,0,0,19.31034483,0,0,0,0,0,0,0,0,0,0,0,0,0,0,0,0,0,0,0,0.689655172,16.55172414,0,0,0,0,0,0,0,0,0,0,0,0,0,0,0,0,0,0,0,0,6.206896552,0,0,0,0,0,0,0,0,0,0,0,0,0,0,0,0,0,0,0,0,0,0.689655172,0,0,0,3.448275862,2.75862069,0,0,0,0,0,0,0,0,0,100
U3768,D09,Pink,QUADRA,0,0,0,0,0,0,0,0,0,0,0,0,0,0,0.334448161,0,1.672240803,21.40468227,0,0,0,0,0,0,0,0,0,0,2.006688963,0,0,0,0,0,0,0,0,0,9.698996656,0,0,0.334448161,0,0,0,0,0,0,0,0,0,0,0.334448161,0,0,0,0,0,9.364548495,46.82274247,0,0,0,1.003344482,0,0,0,1.003344482,0.334448161,0,0,0,0,0,0.334448161,0,0,0,0,0,1.003344482,1.337792642,0,0,0,0,0,0,0,0,0,0,0,0,0,0,0,0,0,0,0,0,0,0,0,3.010033445,0,0,0,0,0,0,0,0,0,0,0,100
U3769,D09,Pink,QUADRA,0,0,0,0,0,0,0,0,0,0,0,0,0,0,0.526315789,0,0,22.63157895,0,0,0,3.684210526,0,0,0,0,15.26315789,0,0.526315789,0,0,0.526315789,0,0,0,0,0,0,0,0,0,6.315789474,0,0,0,0,0,0,0,0,0,0.526315789,3.157894737,0,0,0,0,0,0,0,0,0,0,0,0,0,0,0,0,0,0,0,0,0,0,7.368421053,0,0,0,0,39.47368421,0,0,0,0,0,0,0,0,0,0,0,0,0,0,0,0,0,0,0,0,0,0,0,0,0,0,0,0,0,0,0,0,0,0,0,0,100
U3770,D09,Pink,QUADRA,0,0,0,0,0,2,2,0,0,0,0,0,0,0,0,0,0,27.5,0,0,0,2,0,0,0,0,10,0,0.5,0,0,0,0,0,0,0,0,0,11.5,0,0,0.5,0,0,0,0,0,0,0.5,0,0,0,0,0,0,0,0,0,1.5,13,0,0,0,0,0,0,0,0,0,0,0,0,0,0,0,10,0,0,0,0,0.5,10.5,0,0,0,0,0,0,0,0,7.5,0,0,0,0,0,0,0,0,0,0,0,0,0,0,0.5,0,0,0,0,0,0,0,0,0,0,0,100
U3771,D09,Pink,QUADRA,0,0,0,0,0,0,0,0,0,0,0,0,0,0,1.408450704,0,0,6.338028169,0,0,2.816901408,0,0,0,0,0,0,0,0,0,0,0,0,0,0,0,0,0.352112676,11.97183099,0,0,0.352112676,0,0,0,0,0,0,0,0,0,0,0,0,0,0,0,0,5.985915493,59.50704225,0,0,0,0,0,0,0,0,0,0,0,0,0,0,0,0,0,0,0,0,0.352112676,0,0,10.91549296,0,0,0,0,0,0,0,0,0,0,0,0,0,0,0,0,0,0,0,0,0,0,0,0,0,0,0,0,0,0,0,0,0,100
U3834,J02,Pink,JOHNSTONE STRAIT,0,0,0,0,0,0,0,0,0,0,0,0,0.016,0,0,0,0,3.744,0,0,54.448,6.256,0,0,0,0,0,0,0,0,0,0,0,0,0,0,0,0,0,0,0,0,0,0.96,0.144,0.256,0,0.672,0,4.512,22.72,0.016,1.248,0,0,0.016,0,0,0,0,0,0,0,0,0,0.32,0.384,0,0,0,0,0.32,0.08,0,0.016,0,0,0.352,0,0,0,0,0,0,0,0,0,0,0,0,0,0,0,0,0,0,0,0,0,0,1.76,0,0,0,0,0,0,0,1.76,0,0,0,0,0,0,0,0,100
U3835,J02,Pink,JOHNSTONE STRAIT,0,0,0,0,0,0,0,0,0,0,0,0,0,0,0.01933488,0,0,3.016241299,0,0,45.49497293,7.88863109,0,0,0,0,0,0,0,0,0,0,0,0,0,0,0,0,0,0,0,0,0,0.348027842,0,0,0,9.474091261,0,2.687548337,15.50657386,0.03866976,3.035576179,0,0,0,0,0,0,0,0,0,0,0,0,0,0.947409126,0,0,0,0,0.638051044,0,0,0,0,0,0.444702243,0,0,0,0,0,0,0,0,0,0,0,0,0,0,0,0,0,0,0,0,0,0,1.024748647,0,0,4.814385151,0,0,0,0,4.62103635,0,0,0,0,0,0,0,0,100
U3836,J02,Pink,JOHNSTONE STRAIT,0,0.014184397,0,0,0,0,0,0,0,0,0,0,0,0,0,0,0,2.75177305,0,0,51.60283688,7.517730496,0,0,0,0,0,0,0.028368794,0,0,0,0,0,0,0,0,0,0,0,0,0,0,4.19858156,0.255319149,0.354609929,0,0.65248227,0,0.921985816,20.56737589,0.014184397,4.085106383,0,0,0,0,0,0,0,0,0,0,0.141843972,0,0,0,0,0,0,0,0.468085106,0,0,0,0,0,1.617021277,0,0,0,0,0,0,0,0,0.156028369,0,0,0,0,0,0,0,0,0,0,0,0,0.014184397,0.056737589,0,0,1.276595745,0,0,0,0,2.75177305,0,0,0,0.496453901,0,0,0.056737589,0,100
U3837,J02,Pink,JOHNSTONE STRAIT,0,0,0,0.012065637,0,0,0,0,0,0,0,0,0,0,0,0,0,9.471525097,0,0,44.03957529,3.402509653,0,0,0,0,0,0,0.012065637,0,0,0,0,0,0,0.024131274,0,0,0,0,0,0,0,7.661679537,0,0,0.349903475,1.640926641,0,7.299710425,14.57528958,0,5.019305019,0,0,0,0,0,0,0,0,0,0,0.156853282,0,0.832528958,0,0,0,0,0,0,0,0.349903475,0,0,0.036196911,0.832528958,0.060328185,0,0,0,0,0,0,0.193050193,0.096525097,0,0,0,0,0,0,0,0,0,0,0,0,0,0.361969112,0,0,0.265444015,0,0,0,0,0.723938224,0,0,0,2.569980695,0,0,0.012065637,0,100
U3838,J02,Pink,JOHNSTONE STRAIT,0,0,0,0.15136226,0,0,0,0,0,0,0,0,0,0,0,0,0,9.956273125,0,3.884964682,56.99630003,3.565422133,0,0,0,0,0,0,0.067272116,0,0,0,0,0,0,0,0,0,1.799529095,0,0,0,0,5.768583922,0.15136226,0,0,0.807265388,0,3.279515641,4.591321897,0.016818029,4.305415405,0,0,0,0,0,0,0.016818029,0,0,0,0,0,0,0,0,0.016818029,0,0,0,0,0.184998318,0,0,0,0,0.050454087,0,0,0,0,0,0,0,0.201816347,0,0,0,0,0,0,0,0,0,0,0,0,0,0.235452405,0,0,0,0,0,0,0,1.984527413,0,0,0,1.967709384,0,0,0,0,100
U3839,J02,Pink,JOHNSTONE STRAIT,0,0,0,0,0,0,0,0,0,0,0,0,0.052410901,0,0,0,0,6.289308176,0,0,37.73584906,6.027253669,0.262054507,0,0,0,0,0,0,0,0,0,0,0,0,0,0,0,2.777777778,0,0,0.052410901,0,0,0.838574423,0,0,12.42138365,0,2.096436059,14.83228512,0.209643606,1.991614256,0,0,0,0,0,0,0,0,0,0,0.890985325,0,0,0,0,0,0,0,0.890985325,0.36687631,0,0.104821803,0,0.052410901,1.362683438,0,0,0,0,0,0,0,0,0,0,0,0.471698113,0,0,0,0,0.995807128,0,0,0,0,0,5.555555556,0,0,2.306079665,0,0,0,0,1.41509434,0,0,0,0,0,0,0,0,100
U3840,J02,Pink,JOHNSTONE STRAIT,0,0,0,0.005808213,0,0,0,0,0,0,0,0,0,0,0,0,0,0.243944938,0,0,10.53609804,0.900272986,0,0,0,0,0,0,0,0,0,0,0,0,0,0,0,0,0,0,0,0.005808213,0,0.04065749,0.429807748,0,0,6.156705582,0,34.37300343,10.18760527,0,0.999012604,0,0,0,0,0,0,0,0,0,0,0,0,0,0.348492769,0,0.005808213,0,0,0.069698554,0,0,0,0,0,0.946738689,0.005808213,0,0,0,0,0,0,0,0,0,0,0,0,0,0,0,0.034849277,0,0,0,0,0,0.011616426,0.133588895,0,7.539060231,0,0,0,0,0,6.830458268,6.249636987,0,13.94551896,0,0,0,0,100
U3887,J02,Pink,JOHNSTONE STRAIT,0,0,0,0.059023167,0,0,0,0,0,0,0,0,0.014755792,0.014755792,0.014755792,0,0,1.593625498,0,0,31.88726575,4.854655452,0,0,0,0,0,0,0.014755792,0,0,0,0,0,0,0,0,0,0,0,0,0.014755792,0,0.221336875,0,0,0,0,0,2.198612956,39.38320791,0.029511583,1.69691604,0,0.014755792,0,0,0,0,0.014755792,0,0,0,1.018149624,0,0,0,0,0,0,0,0.885347499,0,0,0,0,0,0.221336875,0,0,0,0,0,0,0,0,0,0.354139,0,0,0,0,0,0,0,0,0,0,0.014755792,0,10.96355319,0,0,0,0,0,0,0,2.77408883,0,0,0,1.741183414,0,0,0,0,100
U3888,J02,Pink,JOHNSTONE STRAIT,0,0,0,0,0,0,0,0,0,0,0,0,0.020210186,0,0.020210186,0,0,3.658043654,0,0,56.7502021,5.315278901,0,0,0,0,0,0,0,0,0,0,0,0,0,0,0,0,0,0,0,0.020210186,0,6.81083266,0.282942603,0,0,2.5869038,0,0,17.92643492,0.020210186,1.73807599,0,0,0,0,0,0,0,0,0,0,0.020210186,0,0,0.060630558,0,0,0,0,0.828617623,0,0,0,0,0,0,0,0,0,0,0,0,0,0,0,0,0,0,0,0,0,0,0,0,0,0,0,0,1.515763945,0,0,0,0,0,0,0,2.425222312,0,0,0,0,0,0,0,0,100
U3889,J02,Pink,JOHNSTONE STRAIT,0,0,0,0.017418568,0,0,0,0,0,0,0,0,0.017418568,0.017418568,0.017418568,0,0,2.31666957,0,0,39.36596412,6.497125936,0,0,0,0,0,0,0.017418568,0,0,0,0,0,0,0,0,0,0.418045637,0,0,0.017418568,0,17.81919526,0.505138478,0,0,3.08308657,0,8.134471346,8.221564187,0.052255705,1.759275388,0,0,0.017418568,0,0,0,0.087092841,0,0,0.209022818,0,0,0.330952796,0,0,0,0,0.017418568,1.045114092,0,0,0,0,0,0,0.19160425,0,0,0,0,0,0,0,0,0.034837136,0,0,0,0,0,0,0,0,0,0,0.017418568,0,5.138477617,0,0,0.992858387,0,0,0,0,2.264413865,0,0,0,1.358648319,0.017418568,0,0,0,100
U5132,D07,Chum,QUADRA,0,0,0,0,0,0,0,0,0.299401198,0,0,0,0.299401198,0,0,0,0,0.299401198,0,0,0,0,0,0,0,0,0,0,0,0,0,0,0,0,0,0,0,0,0,0,0,0,0,0,0,0,0,0,0,0,0,0,0,0,0.299401198,0,0,0,0,0,0,0,0,0,0,0,0,0,0,0,0,0,0,0,0,0,0,0,0,0,98.50299401,0,0,0,0,0,0,0,0,0,0,0,0,0,0,0,0,0,0,0,0,0,0,0,0,0,0,0.299401198,0,0,0,0,0,0,0,0,0,100
U5133,D07,Chum,QUADRA,0,0,0,0,0,0,0,0,0,0,0,0,0,0,0,0,0,0,0,0,0,0,0,0,0,0,0,0,0,0,0,0,0,0,0,0,0,3.03030303,0,0,0,3.03030303,0,0,0,0,0,0,0,0,0,0,0,0,0,0,0,0,0,0,0,0,0,0,0,0,0,0,0,0,0,0,0,0,0,0,0,0,0,0,90.90909091,0,0,0,0,0,0,0,0,0,0,0,0,0,0,0,0,0,0,0,0,0,3.03030303,0,0,0,0,0,0,0,0,0,0,0,0,0,0,100
U5134,D07,Chum,QUADRA,0,0,0,0,0,0,0,0,0,0,0,0,0,0,0,0,0,0,0,0,0,0,0,0,0,0,0,0,0,0,0,0.330033003,0,0,0,0,0,0,0,0,0,0,0,0,0,0,0,0,0,0,0,0,0,0,0,0,0,0,0,0,0,0,0,0,0,0,0,0,0,0,0,0,0,0,0,0,0,0,0,0,99.669967,0,0,0,0,0,0,0,0,0,0,0,0,0,0,0,0,0,0,0,0,0,0,0,0,0,0,0,0,0,0,0,0,0,0,0,0,100
U5135,D07,Chum,QUADRA,0,0,0,0,0,0,0,0,0,0,0,0,0,0,0,0,0,0,0,0,0,0,0,0,0,0,0,0,0,0,0,0.272479564,0,0,0,0,0,0,0,0,0,0.272479564,0,0,0,0,0,0,0,0,0,0,0,0,0,0,0,0,0,0,0,0,0,0,0,0,0,0,0,0,0,0,0,0,0,0,0,0,0,0,99.18256131,0,0,0,0,0,0,0,0,0,0,0,0,0,0,0,0,0,0,0,0,0,0.272479564,0,0,0,0,0,0,0,0,0,0,0,0,0,0,100
U5136,D07,Chum,QUADRA,0,0,0,0,0.255754476,0,0,0,0,0,0,0,0,0,0,0,0,0,0,3.324808184,1.534526854,0,0,0,0,0,0,0,0,36.57289003,0,0.255754476,0,15.60102302,0,0,0,0,0,0,0,0.511508951,0.255754476,0,0,0,0,0,0,0,0,0,0,0,0.255754476,0,0,0,0,0,0,0,0,0,0,0,0,0,0,0,0,0,0,0,0,0,0,0,0,0,41.43222506,0,0,0,0,0,0,0,0,0,0,0,0,0,0,0,0,0,0,0,0,0,0,0,0,0,0,0,0,0,0,0,0,0,0,0,0,100
U5137,D07,Chum,QUADRA,0,0,0,0,0,0,0,0,0,0,0,0,0.226244344,0,0,0,0,0,0,0,0,0,0,0,0,0,0,0,0,0,0,0,0,0,0,0,0,0,0,0,0,0.226244344,0,0,0,0,0,0,0,0,0,0,0,0,0,0,0,0,0,0,0,0,0,0,0,0,0,0,0,0,0,0,0,0,0,0,0,0,0,0,99.09502262,0,0,0,0,0,0,0,0,0.226244344,0,0,0,0,0,0,0,0,0,0,0,0,0.226244344,0,0,0,0,0,0,0,0,0,0,0,0,0,0,100
U5138,D07,Chum,QUADRA,0,0,0,0,0,0,0,0,0,0,0,0,0,0,0,0,0,0,0,0,0,0,0,0,0,0,0,0,0,0,0,5.555555556,0,0,0,0,0,0,0,0,0,0,0,0,0,0,0,0,0,0,0,0,0,0,0,0,0,0,0,0,0,0,0,0,0,0,0,0,0,0,0,0,0,0,0,0,0,0,0,0,94.44444444,0,0,0,0,0,0,0,0,0,0,0,0,0,0,0,0,0,0,0,0,0,0,0,0,0,0,0,0,0,0,0,0,0,0,0,0,100
U5139,D07,Chum,QUADRA,0,0,0,0,0,0,0,0,0,0,0,0,0.223214286,0,0,0,0.223214286,0.223214286,0,0,0,0,0,0,0,0,0,0,0,0,0,0.223214286,0,0,0,0,0,0,0,0,0,0,0,0,0,0,0,0,0,0,0,0,0,0,0.223214286,0,0,0,0,0,0,0,0,0,0,0,0,0,0,0,0,0,0,0,0,0,0,0,0,0,98.88392857,0,0,0,0,0,0,0,0,0,0,0,0,0,0,0,0,0,0,0,0,0,0,0,0,0,0,0,0,0,0,0,0,0,0,0,0,100
U5140,D07,Chum,QUADRA,0,0,0,0,0,0,0,0,0,0,0,0,0.256410256,0,0,0,0,11.28205128,0,0,5.897435897,3.333333333,0,0,0,0,0,0,0,0,0,0,0,0,0,0,0,0,0,0,0,0,0,0,0,0,0,0,0,0,0,0,0,0,0,0,0,0,0,0,0,0,0,0,0,0,0,0,0,0,0,0,0,0,0,0,0,0,0,0,78.46153846,0,0,0,0,0,0,0,0,0,0,0,0,0.769230769,0,0,0,0,0,0,0,0,0,0,0,0,0,0,0,0,0,0,0,0,0,0,0,100
U5151,J06,Chum,JOHNSTONE STRAIT,0,0,0,0,0,0,0,0,0,0,0,0,0,0,0,0,0,0,0,0,0,0,0,0,0,0,0,0,0,0,0,0,0,100,0,0,0,0,0,0,0,0,0,0,0,0,0,0,0,0,0,0,0,0,0,0,0,0,0,0,0,0,0,0,0,0,0,0,0,0,0,0,0,0,0,0,0,0,0,0,0,0,0,0,0,0,0,0,0,0,0,0,0,0,0,0,0,0,0,0,0,0,0,0,0,0,0,0,0,0,0,0,0,0,0,0,0,100
U5152,J06,Chum,JOHNSTONE STRAIT,0,0.133868809,0,0,0,0,0,0,0,0,0,0,0,0,0,0,0,0.803212851,0,0,1.204819277,0,0,0,0,0,0,0,0,0,0,0,0,97.59036145,0,0,0,0,0,0,0,0,0,0,0,0,0,0,0,0,0,0,0,0,0,0,0,0,0,0,0,0,0,0,0,0,0,0,0,0,0,0,0,0,0,0,0,0,0,0,0.133868809,0,0,0,0,0,0,0,0,0,0,0,0,0,0,0,0,0,0,0,0.133868809,0,0,0,0,0,0,0,0,0,0,0,0,0,0,0,0,100
U5153,J06,Chum,JOHNSTONE STRAIT,0,0,0,0,0,0,0,0,0,0,0,0,0,0,0,0,0,0,0,0,0,0,0,0,0,0,0,0,0,0,0,0,0,100,0,0,0,0,0,0,0,0,0,0,0,0,0,0,0,0,0,0,0,0,0,0,0,0,0,0,0,0,0,0,0,0,0,0,0,0,0,0,0,0,0,0,0,0,0,0,0,0,0,0,0,0,0,0,0,0,0,0,0,0,0,0,0,0,0,0,0,0,0,0,0,0,0,0,0,0,0,0,0,0,0,0,0,100
U5154,J06,Chum,JOHNSTONE STRAIT,0,0,0,0,0,0,0,0,0,0,0,0,0,0,0,0,0,0,0,0,0,0,0,0,0,0,0,0,0.252525253,0,0,0,0,99.49494949,0,0,0,0,0,0,0,0,0,0,0,0,0,0,0,0,0,0,0.252525253,0,0,0,0,0,0,0,0,0,0,0,0,0,0,0,0,0,0,0,0,0,0,0,0,0,0,0,0,0,0,0,0,0,0,0,0,0,0,0,0,0,0,0,0,0,0,0,0,0,0,0,0,0,0,0,0,0,0,0,0,0,0,0,0,100
U5155,J06,Chum,JOHNSTONE STRAIT,0,0,0,0.294117647,0,0,0,0,0,0,0,0,0,0,0,0,0,0,0,0,0,0,0,0,0,0,0,0,0,0,0,0,0,81.17647059,0,0,0,0,0,0,0,0,0,0,0,0,0,0,0,0,0,0,0.294117647,0,0,0,0,0,0,0,0,0,0,0,0,0,0,0,0,0,0,0,0,0,0,0,0,0,0,0,0,0,0,0,0,0,0,0,17.64705882,0,0,0,0,0,0,0,0,0,0,0,0.294117647,0,0,0.294117647,0,0,0,0,0,0,0,0,0,0,0,0,0,100
U5156,J06,Chum,JOHNSTONE STRAIT,0,0,0,0,0,0,0,0,0,0,0,0,0,0,0,0,0,0,0,0,0,0,0,0,0,0,0,0,0,0,0,0,0,100,0,0,0,0,0,0,0,0,0,0,0,0,0,0,0,0,0,0,0,0,0,0,0,0,0,0,0,0,0,0,0,0,0,0,0,0,0,0,0,0,0,0,0,0,0,0,0,0,0,0,0,0,0,0,0,0,0,0,0,0,0,0,0,0,0,0,0,0,0,0,0,0,0,0,0,0,0,0,0,0,0,0,0,100
U5157,J06,Chum,JOHNSTONE STRAIT,0,0,0,0,0,0,0,0,0,0,0,0,0,0,0,0,0,0.27100271,0,0,0,0,0,0,0,0,0,0,0,0,0,0,0,99.45799458,0,0,0,0,0,0,0,0,0,0,0,0,0,0,0,0,0,0,0.27100271,0,0,0,0,0,0,0,0,0,0,0,0,0,0,0,0,0,0,0,0,0,0,0,0,0,0,0,0,0,0,0,0,0,0,0,0,0,0,0,0,0,0,0,0,0,0,0,0,0,0,0,0,0,0,0,0,0,0,0,0,0,0,0,0,100
U5158,J06,Chum,JOHNSTONE STRAIT,0,0,0,0,0,0,0,0,0,0,0,0,0,0,0,0,0,0,0,0,0,0,0,0,0,0,0,0,0,0,0,0,0,86.42857143,0,0,0,0,0,0,0,0,0,0,0,0,0,0,0,0,0,0,0,0,0,0,0,0,0,0,0,0,0,0,0,0,0,0,0,0,0,0,0,0,0,0,0,0,0,0,0,0,0,0,0,0,0,0,13.57142857,0,0,0,0,0,0,0,0,0,0,0,0,0,0,0,0,0,0,0,0,0,0,0,0,0,0,0,0,100
U5159,J06,Chum,JOHNSTONE STRAIT,0,0,0,0,0,0,0,0,0,0,0,0,0,0,0,0,0,0,0,0,0,0,0,0,0,0,0,0,0,0,0,0,0,100,0,0,0,0,0,0,0,0,0,0,0,0,0,0,0,0,0,0,0,0,0,0,0,0,0,0,0,0,0,0,0,0,0,0,0,0,0,0,0,0,0,0,0,0,0,0,0,0,0,0,0,0,0,0,0,0,0,0,0,0,0,0,0,0,0,0,0,0,0,0,0,0,0,0,0,0,0,0,0,0,0,0,0,100
U5160,J06,Chum,JOHNSTONE STRAIT,0,0,0,0,0,0,0,0,0,0,0,0,0,0,0,0,0,0,0,0,1.809954751,0,0,0,0,0,0,0,0.226244344,97.9638009,0,0,0,0,0,0,0,0,0,0,0,0,0,0,0,0,0,0,0,0,0,0,0,0,0,0,0,0,0,0,0,0,0,0,0,0,0,0,0,0,0,0,0,0,0,0,0,0,0,0,0,0,0,0,0,0,0,0,0,0,0,0,0,0,0,0,0,0,0,0,0,0,0,0,0,0,0,0,0,0,0,0,0,0,0,0,0,100
U5161,D11,Chum,QUADRA,0,0,0,0,0,0,0,0,0,0,0,0,0,0,0,0,0,0,0,0,0,0,0,0,0,0,0,0,0,0,0,0,0,43.06784661,0,0,0,0.589970501,0,0,0,0,0,0,0,0,0,0,0,0,0,0.294985251,1.474926254,0,0,0,0,0,0,0,0,0,0,2.064896755,0,0,0,0.294985251,0,0,0,0,0,0,0,0,2.359882006,0,0,0,0,0,0,0,0,0,0,0,0,0,0,0,0,0,49.85250737,0,0,0,0,0,0,0,0,0,0,0,0,0,0,0,0,0,0,0,0,0,0,100
U5162,D11,Chum,QUADRA,0,0,0,0,0,0,0,0,0,0,0,0,0,0,14.28571429,0,0,14.28571429,0,0,0,57.14285714,0,0,0,0,0,0,0,0,0,0,0,0,0,0,0,0,0,0,0,0,0,0,0,0,0,0,0,0,0,0,0,0,0,0,0,0,0,0,0,0,0,0,0,0,0,0,0,0,0,0,0,0,0,0,0,0,0,0,14.28571429,0,0,0,0,0,0,0,0,0,0,0,0,0,0,0,0,0,0,0,0,0,0,0,0,0,0,0,0,0,0,0,0,0,0,0,0,100
U5163,D11,Chum,QUADRA,0,0,0,75,0,0,0,0,0,0,0,0,0,0,0,0,0,0,0,0,0,0,0,0,0,0,12.5,0,12.5,0,0,0,0,0,0,0,0,0,0,0,0,0,0,0,0,0,0,0,0,0,0,0,0,0,0,0,0,0,0,0,0,0,0,0,0,0,0,0,0,0,0,0,0,0,0,0,0,0,0,0,0,0,0,0,0,0,0,0,0,0,0,0,0,0,0,0,0,0,0,0,0,0,0,0,0,0,0,0,0,0,0,0,0,0,0,0,0,100
U5165,D11,Chum,QUADRA,0,0,0,0,0,0,0,0,0,0,0,0,0,0,0,0,0,0,0,0,0,0,0,0,0,0,0,0,0,0,0,0,0,0,0,0,0,0,0,0,0,0,0,0,0,0,0,0,0,0,0,0,0,0,0,0,0,0,0,0,0,0,0,0,0,0,0,0,0,0,0,0,0,0,0,0,0,0,0,0,100,0,0,0,0,0,0,0,0,0,0,0,0,0,0,0,0,0,0,0,0,0,0,0,0,0,0,0,0,0,0,0,0,0,0,0,0,100
U5166,D11,Chum,QUADRA,0,0,0,0,0,0,0,0,0,0,0,0,0,0,0,0,0,0,0,0,0,0,0,0,0,0,0,0,0,0,0,0,0,0,0,0,0,0,0,0,0,0,0,0,0,0,0,0,0,0,0,0,0,0,0,0,0,0,0,0,0,0,0,0,0,0,0,0,0,0,0,0,0,0,0,0,0,0,0,0,95,0,0,0,0,0,0,5,0,0,0,0,0,0,0,0,0,0,0,0,0,0,0,0,0,0,0,0,0,0,0,0,0,0,0,0,0,100
U5167,D11,Chum,QUADRA,0,0,0,0,0,0,0,0,0,0,0,0,12.5,0,0,0,0,0,0,0,0,87.5,0,0,0,0,0,0,0,0,0,0,0,0,0,0,0,0,0,0,0,0,0,0,0,0,0,0,0,0,0,0,0,0,0,0,0,0,0,0,0,0,0,0,0,0,0,0,0,0,0,0,0,0,0,0,0,0,0,0,0,0,0,0,0,0,0,0,0,0,0,0,0,0,0,0,0,0,0,0,0,0,0,0,0,0,0,0,0,0,0,0,0,0,0,0,0,100
U5168,D11,Chum,QUADRA,0,0,0,0,0,0,0,0,0,0,0,0,0,0,0,0,0,0,0,0,0,0,0,0,0,0,0,0,0,0,0,0,0,0,0,0,0,0,0,0,0,0,0,0,0,0,0,0,0,0,0,0,0,0,0,0,0,0,0,0,0,0,0,0,0,0,0,0,0,0,0,0,0,0,0,0,0,0,0,0,100,0,0,0,0,0,0,0,0,0,0,0,0,0,0,0,0,0,0,0,0,0,0,0,0,0,0,0,0,0,0,0,0,0,0,0,0,100
U5211,J08,Chum,JOHNSTONE STRAIT,0.075301205,0,0,0.075301205,0,0,0,0,0,0,0,0,0,0,0,0,0.075301205,1.355421687,0,3.840361446,1.731927711,0.828313253,0,0,0,0,0,0,0,64.68373494,0,0,0,24.24698795,0,0,0,0,0,0,0,0,0,0,1.957831325,0,0,0,0,0,0,0,0.376506024,0,0,0,0,0,0,0,0,0,0,0,0,0,0,0,0,0,0,0,0,0,0,0,0,0,0,0.075301205,0,0,0,0,0,0,0,0,0,0.677710843,0,0,0,0,0,0,0,0,0,0,0,0,0,0,0,0,0,0,0,0,0,0,0,0,0,0,0,100
U5212,J08,Chum,JOHNSTONE STRAIT,0,0,0,0,0,0,0,0,0,0,0,0,0,0,0,0,0,3.039158387,0,0,3.214494448,3.156049094,0,0,0,0,0,0,0,30.45002922,0,0,0,11.27995324,0,0,0,0,0,0,0,0,0,0.584453536,0,0,0,0.350672122,0,0,0,0,0.701344243,0,0,0,0,0,0,0,0,0,0,0,0,0,0,0,0,0,0,0,0,0,0,0,0,0,0,0,0,0,0,0,0,0,0,0.058445354,0,0,0,0,0,0,0.175336061,0,0,0,0,0,0,0,0,0,0,0,0,0,0,0,0,0,0,0,46.99006429,0,0,100
U5213,J08,Chum,JOHNSTONE STRAIT,0,0.080064051,0,2.081665332,0,0,0,0.080064051,0,0,0,0,0,0,0,0,0,0.080064051,0,0,2.56204964,2.241793435,0,0,0,0,0,0,0,71.0968775,0,0,0,18.41473179,0,0,0,0,0,0,0,0,0,0,0,0,0,0,0,0,0,0.080064051,0.560448359,0,0,0,0,0,0,0,0,0,0,0,0,0,0,0,0,0,0,0.320256205,0,0,0,0,0,2.401921537,0,0,0,0,0,0,0,0,0,0,0,0,0,0,0,0,0,0,0,0,0,0,0,0,0,0,0,0,0,0,0,0,0,0,0,0,0,0,0,100
U5214,J08,Chum,JOHNSTONE STRAIT,0.171722954,0,0,0,0,0,0,0,0,0,0,0,0,0,0,0,0,1.946193475,0,0,10.24613623,4.579278764,0,0,0,0,0,0,0,64.91127647,0,0,0,17.51574127,0,0,0,0,0,0,0,0,0,0,0,0,0,0,0,0,0,0.057240985,0.057240985,0,0,0,0,0,0,0,0,0,0,0,0,0,0,0,0,0,0,0,0,0,0,0,0,0,0,0,0,0,0,0,0,0,0,0,0,0,0,0,0,0,0,0,0,0,0,0,0.057240985,0,0,0,0,0,0,0,0.457927876,0,0,0,0,0,0,0,0,100
U5215,J08,Chum,JOHNSTONE STRAIT,0.032819166,0,0,0.164095832,0,0,0,0,0,0,0,0,0,0,0,0,0,1.017394158,0,0,6.432556613,4.463406629,0,0,0,0,0,0,0,59.99343617,0,0,0,21.46373482,0,0,0,0,0,0,0,0.032819166,0,0.525106662,0.45946833,0,0,0.525106662,0,0,0,0.032819166,0.131276666,0,0,0,0,0,0,0,0,0,0,0,0,0,0,0,0,0,0,0.032819166,0,0,0,0,0,0,0,0,0,0,0,0,0,0,0,0.098457499,0,0,0,0,0,0,0,0,0,0,0,0,0.229734165,0,0,0,0,0,0,0,0,0,0,0,0,0,4.36494913,0,0,100
U5216,J08,Chum,JOHNSTONE STRAIT,0,0.077942323,0,0,0,0,0,0,0,0,0,0,0,0,0,0,0,0.779423227,0,0,11.92517537,2.02650039,0,0,0,0,0,0,0,78.64380359,0,0.077942323,0,0,0,0,0,0,0,0,0,0,0,0,0,0,0,0,0,0,0,0.311769291,1.558846454,0,0,0,0,0,0,0,0,0,0,0,0,0,0,0,0,0,0,0.233826968,0.623538581,0,0,0,0,0,0,0,0.077942323,0,0,0,0,0,3.507404521,0,0,0,0,0,0,0.077942323,0,0,0,0,0,0,0.077942323,0,0,0,0,0,0,0,0,0,0,0,0,0,0,0,0,100
U5217,J08,Chum,JOHNSTONE STRAIT,0,0,0,0.472255018,0,0,0,0,0,0,0,0,0,0,0,0,0,0.590318772,0,0,36.0094451,8.382526564,0,0.118063754,0,0,0,0,0,34.82880756,0,0,0,14.16765053,0,0,0,0,0,0,0,0,0,0,0,0,0,0,0,0,0,0,2.479338843,0,0,0,0,0,0,0,0,0,0,0,0,0,0,0,0,0,0,1.298701299,0,0,0,0,0,0,0,0,0,0,0,0,0,0,0,0.118063754,0,0,0,0,0,0,0,0,0,0,0,0,0.826446281,0,0,0.708382527,0,0,0,0,0,0,0,0,0,0,0,0,0,100
U5218,J08,Chum,JOHNSTONE STRAIT,0,0.048007681,0,0,0,0,0,0,0,0,0,0,0,0,0,0,0,1.488238118,0,0,3.12049928,1.824291887,0,0,0,0,0,0,0,86.07777244,0,0,0,5.47287566,0,0,0.048007681,0,0,0,0,0,0,0,0.864138262,0,0,0,0,0,0,0,0.192030725,0,0,0,0.048007681,0,0,0,0,0,0,0.048007681,0,0,0,0,0,0,0,0,0,0,0,0,0,0.7681229,0,0,0,0,0,0,0,0,0,0,0,0,0,0,0,0,0,0,0,0,0,0,0,0,0,0,0,0,0,0,0,0,0,0,0,0,0,0,0,100
U5219,J08,Chum,JOHNSTONE STRAIT,0,0.051440329,0,0,0,0,0,0,0,0,0,0,0,0,0,0,0,1.440329218,0,0,15.74074074,3.240740741,0,0,0,0,0,0,0,70.11316872,0,0,0,1.95473251,0,0,0,0,0,0,0,0,0,1.594650206,0,0,0,3.600823045,0,0,0,0.154320988,0.308641975,0,0,0,0,0,0,0,0,0,0,0,0,0,0,0,0,0,0,0,0,0,0,0,0,0,0,0,1.234567901,0,0,0,0,0,0,0,0,0,0,0,0,0,0,0,0,0,0,0,0.154320988,0,0,0.411522634,0,0,0,0,0,0,0,0,0,0,0,0,0,100
U5220,J08,Chum,JOHNSTONE STRAIT,0,0,0,0,0,0,0,0,0,0,0,0,0,0,0,0,0,0,0,0.465425532,0,0.39893617,0,0,0,0,0,0,0,83.44414894,0,0,0,1.263297872,0,0,0.066489362,0,0,0,0,0,0,0,0,1.728723404,0,8.57712766,0,0,0,0,0,0,0,0,0,0,0,0,0,0,0,0,0,0,0,0,0,0,0,0,0,0,0,0,0,0,0,0,0,0,0,0,0,0,0,0.066489362,0,0,0,0,0,0,0,0,0,0,0,0,0.132978723,0,0,0,0,0,0,0,0,0,0,0,0,0,3.856382979,0,0,100
U5277,J06,Pink,JOHNSTONE STRAIT,0,0,0,0,0,0,0,0,0,0,0,0,0,0,0,0,0,6.818181818,0,4.545454545,15.90909091,13.63636364,0,0,0,0,0,0,0,0,0,0,0,0,0,0,0,0,2.272727273,0,0,0,0,0,0,0,0,0,0,0,0,0,2.272727273,0,0,0,0,0,2.272727273,2.272727273,0,0,0,0,0,0,0,0,2.272727273,0,0,0,22.72727273,0,0,0,0,0,0,0,0,0,0,0,0,0,0,0,0,0,0,0,0,0,0,0,0,0,0,0,15.90909091,6.818181818,0,0,0,0,0,0,0,0,0,0,0,0,0,0,2.272727273,100
U5279,J06,Pink,JOHNSTONE STRAIT,0,0,0,16.66666667,0,0,0,0,0,0,0,0,0,0,0,0,0,5.555555556,0,0,0,0,0,0,0,0,0,0,5.555555556,0,0,0,0,0,0,0,0,0,0,0,0,0,0,44.44444444,0,0,0,0,0,0,0,0,0,0,0,0,0,0,0,11.11111111,0,0,0,0,0,0,0,0,0,0,0,0,0,0,0,0,0,0,0,0,0,0,16.66666667,0,0,0,0,0,0,0,0,0,0,0,0,0,0,0,0,0,0,0,0,0,0,0,0,0,0,0,0,0,0,0,0,0,0,100
U5282,J06,Pink,JOHNSTONE STRAIT,0,0,0,0,0,0,0,0,0,0,0,0,0,0,0,0,0,0,0,0,0,0,0,0,0,0,0,0,0,0,0,0,0,0,0,0,0,0,0,0,0,0,0,0,0,0,0,0,0,0,0,0,0,0,0,0,0,0,0,100,0,0,0,0,0,0,0,0,0,0,0,0,0,0,0,0,0,0,0,0,0,0,0,0,0,0,0,0,0,0,0,0,0,0,0,0,0,0,0,0,0,0,0,0,0,0,0,0,0,0,0,0,0,0,0,0,0,100
U5283,J06,Pink,JOHNSTONE STRAIT,0,0,0,0,0,0,0,0,0,0,0,0,0,0,0,0,0,0,0,0,0,0,0,0,0,0,0,0,0,0,0,0,0,0,0,0,0,0,0,0,0,0,0,0,0,0,0,0,0,0,0,0,0,0,0,0,0,0,0,0,0,0,0,0,0,0,0,100,0,0,0,0,0,0,0,0,0,0,0,0,0,0,0,0,0,0,0,0,0,0,0,0,0,0,0,0,0,0,0,0,0,0,0,0,0,0,0,0,0,0,0,0,0,0,0,0,0,100
U5284,J06,Pink,JOHNSTONE STRAIT,0,0,0,0,0,19.23076923,0,0,0,0,0,0,0,0,0,0,0,0,0,0,0,0,0,0,0,0,0,0,0,0,0,0,0,0,0,0,0,0,0,0,0,3.846153846,0,0,0,0,0,0,0,0,0,0,3.846153846,0,0,0,0,0,0,0,0,0,0,0,0,0,0,0,3.846153846,0,0,0,0,0,0,0,0,0,0,0,0,0,0,0,0,0,0,0,0,0,0,0,0,0,0,0,0,0,0,0,0,34.61538462,3.846153846,30.76923077,0,0,0,0,0,0,0,0,0,0,0,0,0,100
U5285,J06,Pink,JOHNSTONE STRAIT,0,0,0,0,0,0,0,100,0,0,0,0,0,0,0,0,0,0,0,0,0,0,0,0,0,0,0,0,0,0,0,0,0,0,0,0,0,0,0,0,0,0,0,0,0,0,0,0,0,0,0,0,0,0,0,0,0,0,0,0,0,0,0,0,0,0,0,0,0,0,0,0,0,0,0,0,0,0,0,0,0,0,0,0,0,0,0,0,0,0,0,0,0,0,0,0,0,0,0,0,0,0,0,0,0,0,0,0,0,0,0,0,0,0,0,0,0,100
U5286,J06,Pink,JOHNSTONE STRAIT,0,0,0,0,0,0,0,0,0,0,0.558659218,0,0.558659218,0,0.558659218,0,3.351955307,44.69273743,0,0,0,0,0,0,0,0,0,0,0,0,0,0,0,0,0,0,0,0.558659218,0,0,0,1.117318436,0,0,0,0,5.586592179,0,0,0,0,0,0.558659218,0,0,0,0,0,0,0,0,5.586592179,0,0,0,0,0,0,0,0,0,0,0,0,0,0,0,0,0,0.558659218,0,0,2.234636872,2.793296089,0,0,0,0,0,0,0,0,0,0,0,0,0,0,0,0,0,30.72625698,0,0,0,0,0,0,0,0,0,0,0,0,0,0,0.558659218,100
U5314,D07,Pink,QUADRA,0,0,0,0,3.03030303,0,0,0,0,0,0,0,3.03030303,12.12121212,0,0,3.03030303,3.03030303,0,0,0,0,0,0,0,0,0,0,3.03030303,0,0,0,0,0,0,0,0,3.03030303,0,0,0,9.090909091,0,0,0,0,0,0,0,0,0,0,0,0,3.03030303,0,0,0,0,0,0,0,0,0,0,0,0,0,0,0,0,0,0,0,0,0,0,0,0,0,36.36363636,0,0,0,0,0,0,0,0,0,0,0,0,0,0,0,0,0,0,0,0,0,18.18181818,0,0,0,0,3.03030303,0,0,0,0,0,0,0,0,0,100
U5315,D07,Pink,QUADRA,0,0,0,0,0,0,0,0,0,0,0,0,0.806451613,0,0,0,19.35483871,33.06451613,0,0,8.870967742,13.70967742,0,0,0,0,0,0,0,0,0,0,0,0,0,0,0,0.806451613,5.64516129,0,0,0.806451613,0,0,0,0,0,0,0,0,0,0,0,0,0,0,0,0,0,0.806451613,0,0,0,0,0,0,0,0.806451613,0,0,0,0,0,0,0,0,0,0,0.806451613,0,12.90322581,0,0,0,0,0,0,0,0,0,0,0,0.806451613,0,0,0,0,0,0,0,0,0,0,0,0,0,0,0.806451613,0,0,0,0,0,0,0,0,0,100
U5316,D07,Pink,QUADRA,0,0,0,0,0,0,0,0,0,0,0,0,2.06185567,2.06185567,0,0,13.40206186,1.030927835,0,0,0,0,0,0,0,0,0,0,1.030927835,0,0,1.030927835,0,0,0,0,0,0,23.71134021,0,0,18.55670103,0,0,0,0,0,0,0,0,0,0,0,0,0,0,0,0,0,0,0,0,0,0,0,0,0,0,0,1.030927835,1.030927835,0,0,0,0,0,0,0,0,0,9.278350515,0,0,0,0,0,0,1.030927835,0,0,0,0,0,0,0,1.030927835,0,0,0,0,0,0,23.71134021,0,0,0,0,0,0,0,0,0,0,0,0,0,0,100
U5317,D07,Pink,QUADRA,0,0,0,0,0,0,0,0,0,0,0,0,0,0,0,0,30,10,0,50,0,0,0,0,0,0,0,0,0,0,0,0,0,0,0,0,0,0,0,0,0,0,0,0,0,0,0,0,0,0,0,0,0,0,0,0,0,0,0,0,0,0,0,0,0,0,0,0,0,0,0,0,0,0,0,0,0,0,0,0,10,0,0,0,0,0,0,0,0,0,0,0,0,0,0,0,0,0,0,0,0,0,0,0,0,0,0,0,0,0,0,0,0,0,0,0,0,100
U5318,D07,Pink,QUADRA,0,0,0,0,0,0,0,0,0.666666667,0,0.666666667,0,1.333333333,2,0,0,28.66666667,0,0,0,0,0,0,0,0,0,0,0,0,0,0,0.666666667,0,0,0,0,0,0,22,0,0,10,0.666666667,0,0,0,0,0,0,0,0,0,0,0,0,0,0,0,0,0,0,0,0,0.666666667,0,0,0,0,0,0,0.666666667,0,0,0,0,0,0,0,0,0,16,0,0,0,0,0,0,0.666666667,0,0,0,0.666666667,0,0,0,0,0,0,0,0,0,0,14.66666667,0,0,0,0,0,0,0,0,0,0,0,0,0,0,100
U5319,D07,Pink,QUADRA,0,0,0,0,0,0,0,0,0,0,0,0,0,0,0,0,8.163265306,0,0,0,0,0,0,0,0,0,0,0,0,0,0,0,0,0,8.163265306,0,0,0,0,0,0,0,0,0,0,0,0,0,0,0,0,0,0,0,0,0,0,0,0,0,0,0,0,0,0,0,0,0,0,0,0,0,0,0,0,0,0,0,0,0,0,0,0,0,0,0,0,0,0,0,0,0,0,0,0,0,0,0,0,0,0,0,0,0,0,83.67346939,0,0,0,0,0,0,0,0,0,0,0,100
U5320,D07,Pink,QUADRA,0,0,0,0,0,0,0,0,0,0,0,0,0.552486188,0,0,0,27.0718232,6.077348066,0,0,4.972375691,3.314917127,0,0,0,0,0,0,0,0,0,0.552486188,0,0,0,0,0,0,27.0718232,0,0,1.104972376,0,0,0,0,0,0,0,0,0,0,0,0,0,0,0,0,0,0,4.419889503,0,0,0,0,0,0,0,0,0,8.287292818,0,0,0,0,0,0,0,2.762430939,0,9.392265193,0,0,0,0,0,0,0.552486188,0,0.552486188,0,0,0,0,0,0,0,0,0,0,0,0,3.314917127,0,0,0,0,0,0,0,0,0,0,0,0,0,0,100
U5321,D07,Pink,QUADRA,0,0,0,0,0,0,0,0,0.346020761,0,0.346020761,0,0.692041522,0.346020761,0,3.806228374,24.22145329,0.346020761,0,0,0,0,0,0,0,0,0,0,1.038062284,0,0,0.346020761,0,0,0,0,0,0,35.64013841,0,0,1.730103806,0,2.422145329,0,0,0,0,0,0,0,0,0,0,0,0,0,0,0,0.346020761,0,0,0,0,0.346020761,0,0,0.346020761,0,0,0.346020761,0,0,0,0,0,0,0,0,0,24.56747405,0,0,0,0,0,0,0.346020761,0,0.346020761,0,0.346020761,0,0,0,0,0.346020761,0.346020761,0,0,0,0,1.038062284,0,0,0,0,0,0,0,0,0,0,0,0,0,0,100
U5375,J08,Pink,JOHNSTONE STRAIT,0,0.088888889,0,4.444444444,0,0,0,0,0,0,0,0,0,0,0.088888889,0,0.977777778,30.4,0,0,38.13333333,9.066666667,0,0,0,0.266666667,0,0,0.088888889,0,0,0,0,0,0,0.177777778,0,2.666666667,0,1.333333333,0,0,0,2.222222222,0,0,0,0,0,0,0,0.355555556,3.466666667,0,0,0,0,0,0,0.177777778,0,0,0,0,0,0,0,0,0,0,0.266666667,0.088888889,0,0,0,0,0,0,0,0,0,0,0,0,0,0,0,0,0,0,0,0,0,1.6,0,0,0,0,0,0,4,0,0,0,0,0,0,0,0,0,0,0,0,0,0,0.088888889,0,100
U5376,J08,Pink,JOHNSTONE STRAIT,0,0,0,3.896103896,0,0,0,0,0,0,0,0.216450216,0,0,0.216450216,0,0,50.21645022,0,0,18.3982684,2.597402597,0,0,0,0,0,0,0.216450216,0,0,0,0,0,0,0,0,0.216450216,0,0,0,0.216450216,0,0,0,0,0,0,0,0,0,1.948051948,5.627705628,0,0,0,0,0,0,0,0,0,0,0,0,0,0,0,0,0,0.432900433,0,0,0,0,0,0,0,0,0,0,0,0,0,0,0,0,0.216450216,0,0,0,0,0,0.216450216,0,0,0,0,0,0,13.85281385,0,0,0,0,0,0,0,0,0,0,0,0,0,0,1.515151515,0,100
U5377,J08,Pink,JOHNSTONE STRAIT,0,0,0,11.28640777,0,0,0,0,0,0.242718447,0,0,0,0,0,0,0.121359223,13.34951456,0,0,44.2961165,14.32038835,0,0,0,0,0,0,0,0,0,0,5.582524272,0,0,0,0,0,0,0,0,0,0,1.45631068,0,0,0,0,0,0,0,0.36407767,3.155339806,0,0,0,0,0,0,0,0,0,0,0,0,0,0,0,0,0,0,0.36407767,0,0,0,0,0,0,0,0,0,0,0,0,0.36407767,0,0,0,0,0,0,0,0,0,0,0,0,0,0,0,2.669902913,0,0,0,0,0,0,0,0,0,0,0,0,0,0,2.427184466,0,100
U5378,J08,Pink,JOHNSTONE STRAIT,0,0,0,17.27272727,0,0,0,0,0,0,0,0,0,0,0,0,1.818181818,20.38961039,0,0,15.32467532,3.376623377,0,0,0,0,0,0,1.948051948,0,0,0,13.8961039,0,0,0,0,0.25974026,0,0,0,0,0,9.61038961,0,0,0,0,0,0,0,0.12987013,2.597402597,0,0,0,0,0,0,0.12987013,0,0,0,0,0,0,0,0,0,0,0,0,0,0,0,0,0,0,0,0,0,0,0,0,0.649350649,0,0,0,0,0,0,1.298701299,0,0,0.12987013,0,0,0,0,0,5.194805195,0,0,0.779220779,0,0,0,0,0,0,0,0,0,0,0,5.194805195,0,100
U5379,J08,Pink,JOHNSTONE STRAIT,0,0.074294205,0,0.074294205,0,0,0,0,0,0,0,0.742942051,0,0,0.074294205,0,0.074294205,27.48885587,0,0,30.98068351,11.66419019,0,0,0,0.520059435,0,0,0.222882615,0,6.835066865,0,0,0,0,0,0,0.074294205,0,0.29717682,0,0,0,7.50371471,0,0,0,0,0,0,0,0.742942051,3.120356612,0,0,0,0,0,0,0,0,0,0,0,0,0,0,0,0,0,0.668647845,0.371471025,0,0,0,0,0,0,0,0,0,0,0,0,0,0,0,0,0,0,0.59435364,0,0,0,0,0,0,0,0,0,7.429420505,0,0,0,0.074294205,0,0,0,0.29717682,0,0,0,0,0,0,0.074294205,0,100
U5380,J08,Pink,JOHNSTONE STRAIT,0,0.501672241,0,0,0,0,0,0,0,0,0,0.16722408,0.16722408,0,0.16722408,0,0.334448161,35.6187291,0,0,11.37123746,5.183946488,0,0.16722408,0,0,0,0,0.16722408,0,8.026755853,0.16722408,0,0,0,0,0,0,0,0,0,0,0,0,0,0,0,0,0,0,0,5.016722408,5.183946488,0,0,0,0,0,0,0,0,0,0,0,0,0,0,0,0,0,0.16722408,2.842809365,0,0,0,0,0,0,0,0,0,0,0,0,0,0,0,0,0,0,0,0.16722408,0,0,0,0,0,0,0,0,24.24749164,0,0.16722408,0,0,0,0,0,0,0,0,0,0,0,0,0.16722408,0,100
U5381,J08,Pink,JOHNSTONE STRAIT,0,0.36101083,0,0.36101083,0,0,0,0,0,0,0,0,0.36101083,0,0.36101083,1.444043321,0,29.24187726,0.36101083,0,1.805054152,7.942238267,0,0,0,0,0,0,0.722021661,0,11.55234657,0,0,0,0,0,0,0,0,0,0,0.36101083,0,5.054151625,0,0,0,0,0,0,0,1.083032491,4.693140794,0,0,0,0,0,0,0,0,0.36101083,0,0,0,0,0,0,0,0,0,1.083032491,0,0,0,0,0,0,0,0,0,0,0,0,2.166064982,0,0,0,0,0,0,0,0,0,0,0,0,0,0,0,28.15884477,0,0,0,0,0,0,0,0,0,0,0,0,0,0,2.527075812,0,100
U5382,J08,Pink,JOHNSTONE STRAIT,0,0.128534704,0,9.12596401,0,0,0,0,0,0,0,0,0,0,0.128534704,0,0.385604113,14.781491,0,0,22.23650386,16.06683805,0,0,0,0,0,0,1.413881748,0,4.627249357,0,0,0,1.028277635,0,0,0.128534704,0,0,0,0.128534704,0,3.470437018,0.899742931,0,0,0,0,0,0,0.257069409,4.370179949,0,0,0,0,0.385604113,0,0.257069409,0.642673522,0,0,0,0,0,0,1.028277635,0,0,0.128534704,2.313624679,0,0,0,0,0,0,0,0,0,0,0,0,0,0,0,0,0,0,0,0,0,0,0,0,0,0,0,0,16.06683805,0,0,0,0,0,0,0,0,0,0,0,0,0,0,0,0,100
U5383,J08,Pink,JOHNSTONE STRAIT,0,0.256904303,0,5.844572897,0,0,0,0,0,0,0,0.192678227,0.064226076,0,0.064226076,0,0,15.09312781,0,0,44.44444444,9.698137444,0,0.192678227,0,0,0,0,0.128452152,0,1.798330122,0,0,0,0,0,0,0,0,0,0,0.064226076,0,1.991008349,0.834938985,0.642260758,0,0,0,0,0,2.183686577,4.624277457,0,0,0,0,0,0.064226076,0.064226076,0.064226076,0,0,0,0.064226076,0,0,0,0.128452152,0,0,0.128452152,2.569043031,0,0,0,0,0,0,0.578034682,0,0,0,0,0,0,0,0,0,0,0,0,0,0,0.321130379,0,0,0,0,0,7.707129094,0,0,0,0.064226076,0,0,0,0,0,0,0,0,0,0,0.128452152,0,100
U5384,J08,Pink,JOHNSTONE STRAIT,0,0.091157703,0,5.834092981,0,0,0,0,0,0,0,0.091157703,0.182315406,0,0.091157703,0,0,26.25341841,0,0,13.0355515,12.12397448,0.091157703,0,0,0,0,0,0.546946217,0,8.477666363,0,0,0,0,0,0,0.091157703,0,0,0,0.182315406,0,2.734731085,0,0,0,0,0,0,0,1.731996354,2.825888788,0,0,0,0,0.455788514,0,0.091157703,0,0,0,0,0.182315406,0,0,0,0,0.091157703,0.091157703,0.63810392,0,0,0,0,0,0,0,0,0,0,0,0,0,0,0,0,0,0,0,0,0,0,0.820419325,0,0,0,0,0,22.88058341,0.091157703,0,0,0,0,0,0,0,0,0,0,0,0.091157703,0,0.182315406,0,100
U5385,D11,Pink,QUADRA,0,0,0,0,0,0,0,0,0,0,0,0,0,0,0,0,0,12.5,0,0,0,0,0,0,0,0,0,0,12.5,0,0,0,0,0,0,0,0,0,0,0,0,0,0,0,0,0,0,0,0,0,0,0,0,0,0,0,0,0,0,0,0,0,0,0,0,0,0,0,0,0,0,0,0,0,0,0,0,0,0,0,25,0,0,0,0,0,0,12.5,0,0,0,0,0,0,0,0,0,0,0,0,12.5,0,0,0,0,0,0,0,0,0,0,0,0,0,0,25,0,100
U5386,D11,Pink,QUADRA,0,0,0,0,0,0,0,0,0,0,0,0,0,0,1.492537313,0,0,31.34328358,0,0,0,0,0,0,0,0,0,0,11.94029851,0,0,0,0,0,0,0,0,0,31.34328358,0,0,1.492537313,0,0,0,0,0,0,1.492537313,0,0,0,0,0,0,0,0,0,0,0,0,0,0,0,0,0,0,0,0,0,0,0,0,0,0,0,0,0,0,0,19.40298507,0,0,0,0,0,0,0,0,0,0,0,0,0,0,0,0,1.492537313,0,0,0,0,0,0,0,0,0,0,0,0,0,0,0,0,0,0,0,100
U5387,D11,Pink,QUADRA,0,0,0,4.8,0,0,0,0,0,0,0,0,0,0,0.8,0,0,29.6,0,9.6,0,0,0,0,0,0,0,0,0,0,0,0,0,0,0.8,0,0,0,0,0,0,0,0,21.6,0,0,0,0,0,0,0,0.8,0.8,0,0,0,0,0,0,3.2,0,0,0,0,0,0,0,0,0,0,0,0,0,0,0,0,12,0,0,0,0,0,0,0,0,0,0,0,0,0,0,0,0.8,0,15.2,0,0,0,0,0,0,0,0,0,0,0,0,0,0,0,0,0,0,0,0,0,0,100
U5388,D11,Pink,QUADRA,0,0,0,18.36734694,0,0,0,0,0,0,0,0,0,0,0,0,0,6.12244898,0,20.40816327,0,0,0,0,0,0,0,0,6.12244898,0,0,0,10.20408163,0,0,0,0,0,0,0,0,2.040816327,0,0,0,0,0,0,0,0,0,4.081632653,2.040816327,0,0,0,0,0,0,2.040816327,0,0,0,10.20408163,0,0,0,14.28571429,0,0,0,0,0,0,0,0,0,0,0,0,0,0,0,0,0,0,0,0,0,0,0,0,0,0,0,0,0,0,0,0,4.081632653,0,0,0,0,0,0,0,0,0,0,0,0,0,0,0,0,100
U5389,D11,Pink,QUADRA,0,0,0,9.259259259,0,0,0,0,0,0,0,0,0,0,0,0,0,24.07407407,0,0,0,0,0,0,0,0,0,0,0.925925926,0,0,0,0,0,0,0,0,0,24.07407407,0,0,0,0,0,0,0,0,0,0,0,0,0,0.925925926,0,0,0,0,0,0,2.777777778,0,0,0,0,0,0,0,0,0,0,0,0,0,0,0,0,0,0,0,0,12.03703704,0,0,0,0,0,0,0,0,0,0,0,0,0,23.14814815,0,0,0,0,0,2.777777778,0,0,0,0,0,0,0,0,0,0,0,0,0,0,0,0,100
U5390,D11,Pink,QUADRA,0,0,0,46.15384615,0,0,0,0,0,0,0,0,0,0,0,0,0,15.38461538,0,0,0,0,0,0,0,0,0,0,0,0,0,0,0,0,0,0,0,0,0,23.07692308,0,0,0,0,0,0,0,0,0,0,0,0,0,0,0,0,0,0,0,0,0,0,0,0,0,0,0,0,0,0,0,0,0,0,0,0,0,0,0,0,7.692307692,0,0,0,0,0,0,7.692307692,0,0,0,0,0,0,0,0,0,0,0,0,0,0,0,0,0,0,0,0,0,0,0,0,0,0,0,0,0,100
U5391,D11,Pink,QUADRA,0,0,0,0,0,0,0,0,0,0,0,0,0,0,0,0,0,40,0,0,0,0,0,0,0,0,0,0,0,0,0,0,0,0,0,0,0,0,0,0,0,0,0,0,0,0,0,0,0,0,0,0,0,0,0,0,0,0,0,0,0,0,0,0,0,0,0,10,0,0,0,0,0,0,0,0,0,0,0,30,10,0,0,0,0,0,0,0,0,0,0,0,0,0,0,0,0,0,10,0,0,0,0,0,0,0,0,0,0,0,0,0,0,0,0,0,0,100
U5392,D11,Pink,QUADRA,0,0,0,3.278688525,0,0,0,0,0,0,0,0,0,0,0,0,0,0,0,0,0,0,0,0,0,0,0,0,0,0,0,0,0,0,0,0,0,0,0,0,0,0,1.639344262,0,0,0,0,0,0,0,0,0,0,0,0,0,0,0,0,0,0,0,0,0,0,0,0,0,0,0,0,0,0,0,0,0,18.03278689,0,0,0,75.40983607,0,0,0,0,0,0,0,0,0,0,0,0,1.639344262,0,0,0,0,0,0,0,0,0,0,0,0,0,0,0,0,0,0,0,0,0,0,0,100
U5393,D11,Pink,QUADRA,0,0,0,0,0,0,0,0,0,0,0,0,0,0,0,0,0,10.41666667,0,0,0,16.66666667,0,0,0,0,0,0,27.08333333,0,0,0,0,0,0,0,0,0,0,0,0,0,0,0,0,0,0,0,0,0,0,0,0,0,0,0,0,0,0,4.166666667,0,0,0,0,0,0,0,0,0,0,0,0,0,0,0,0,0,0,0,0,35.41666667,0,0,0,0,0,0,0,0,0,0,0,0,0,0,0,0,0,0,0,0,0,0,0,0,0,0,0,0,0,0,0,0,0,0,6.25,0,100
U5394,D11,Pink,QUADRA,0,0,0,23.39622642,0,0,0,0,0,0,0,0,0.377358491,0,0.377358491,0,0,46.03773585,0,0,0,0,0,0,0,0,0,0,15.47169811,0,0,0,0,0,0,0,0,0,0,5.660377358,0,0.754716981,0,3.018867925,0,0,0,0,0,0,0,0.377358491,0.754716981,0,0,0,0,0,0.377358491,1.132075472,0,0,0,0,0,0,0,0,0.377358491,0,0,0,0,0,0,0,0,0,0,0,0.377358491,0,0,0,0,0,0,0,0,0,0,0,0,0,0,0,0,0,0.377358491,0,0.377358491,0,0,0,0,0,0,0,0,0,0,0,0,0,0,0.754716981,0,100
U5500,D07,Chum,QUADRA,0,0,0,0,0,0,0,0,0,0,0,0,0,0,0,0,0.18018018,0,0,0,0,0,0,0,0,0,0,0,0,0,0,0.18018018,0,0,0,0,0,0,0,0,0,0.18018018,0,0,0,0,0,0,0,0,0,0,0,0,0,0,0,0,0,0,0,0,0,0,0,0,0,0,0,0,0,0,0,0,0,0,0,0,0,0,99.0990991,0,0,0,0,0,0,0,0,0.18018018,0,0,0,0,0,0,0,0,0,0,0,0,0.18018018,0,0,0,0,0,0,0,0,0,0,0,0,0,0,100