ufn_names,simple_semsp_names,site_names,species_names,date_names,year_names,week_names,Acartia,Acartia_clausi,Acartia_longiremis,Actinopterygii_Egg,Actinopterygii_Larvae,Aetideus_divergens,Alienacanthomysis_macropsis,Ammodytes_hexapterus_Juvenile,Amphibalanus_improvisus_Cyprid,Amphipoda,Anomura_Zoea,Arachnida,Balanomorpha,Balanomorpha_Cyprid,Balanomorpha_Juvenile,Balanomorpha_Molt,Balanomorpha_Nauplii,Balanus_crenatus_Cyprid,Balanus_glandula_Cyprid,Brachyura_Megalopa,Brachyura_Zoea,Bryozoa_Larvae,Calanidae_Nauplii,Calanoida,Calanoida_Copepodite,Calanus,Calanus_marshallae,Calanus_pacificus,Cancer_Larvae,Cancer_oregonensis_Zoea,Cancer_productus_Zoea,Caprella,Caridea_Zoea,Centropages_abdominalis,Cnidaria,Copepoda,Corophiida,Coscinodiscophycidae,Crustacea,Ctenophora,Culicomorpha,Cumacea,Cyclopoida,Detritus,Digested_food,Digested_food_worms,Diptera,Ditrichocorycaeus_anglicus,Ditrichocorycaeus_anglicus_Copepodite,Echinodermata_Larvae,Epilabidocera_amphrites,Epilabidocera_amphrites_Copepodite,Eucalanus,Eucalanus_bungii,Eukrohnia_hamata,Eumalacostraca_Larvae,Euphausia_pacifica,Euphausiidae,Euphausiidae_Calyptopis,Euphausiidae_Egg,Euphausiidae_Furcilia,Euphausiidae_Nauplii,Evadne,Evadne_normanni,Evadne_tergestina,Harpacticoida,Harpacticus,Hemigrapsus_Larvae,Hyale,Hyperia,Hyperiidae,Hyperiidae_Juvenile,Hyperoche,Hyperoche_mediterranea,Hyperoche_medusarum,Insecta,Insecta_Larvae,Isopoda_Juvenile,Isopoda_Larvae,Kellia_suborbicularis_Veliger,Limacina_helicina,Lophopanopeus_bellus_Larvae,Mesocalanus_tenuicornis,Metridia,Microcalanus_pygmaeus_pusillus,Microsetella_rosea,Microstomus_pacificus_Egg,Monstrilla,Nannastacidae,Neocalanus_plumchrus,Neotrypaea_californiensis_Zoea,Objects,Oikopleura,Oncaea,Oregonia_gracilis_Larvae,Ostracoda,Paguridae_Zoea,Pandalidae_Zoea,Paracalanus_parvus,Parasites,Phaeophyceae,Pinnotheres_taylori_Zoea_I,Pinnotheridae_Zoea,Pleocyemata_Larvae,Pleocyemata_Zoea,Pleuronichthys_coenosus_Egg,Podon,Podon_leuckartii,Podon_polyphemoides,Podonidae,Polychaeta_Nectochaete,Porcellanidae_Zoea,Primno_macropa,Pseudocalanus,Pteropoda,Pteropoda_Egg,Pteropoda_Veliger,Pugettia_Megalopa,Sagittoidea,Sarsamphiascus,Semibalanus_balanoides_Cyprid,Senticaudata,Siphonophorae,Spionidae_Nectochaete,Themisto_pacifica,Tigriopus,Tisbe,Tomopteris,Tomopteris_septentrionalis,Tortanus_discaudatus,Total
U1190,D07-PI-5,D07,Pink,2015-05-21,2015,19-May,0,0,0,0,0,0,0,0,0.205761317,0,0,0,0,0.205761317,0,0,10.90534979,1.234567901,0.617283951,0,0.205761317,0.205761317,0,1.234567901,0,0,0,0,0,0,0,0,0,0.617283951,0,0,0,0.205761317,0,0,0,0,0,0,0,0,0,0.205761317,0,0.205761317,0,0,0,0,0,0,0,0,0,0.205761317,0,0,0,0.205761317,3.29218107,0,0,0,0,0,0,0,0,0,0,0,0,0,0,0,0,0,0,0,0,0,0,0,0,0,0,0,77.36625514,0,0,0,0,0,0,0,0,0,0,0,0.823045267,0,0,0,0.205761317,1.646090535,0,0,0,0,0,0.205761317,0,0,0,0,0,0,0,0,0,0,0,0,0,0,100
U1386,D07-PI-2,D07,Pink,2015-05-21,2015,19-May,0,0,0,0,0,0,0,0,0.25974026,0,0,0,0,0.25974026,0.25974026,0,19.48051948,1.038961039,0.779220779,0,4.155844156,0.25974026,0,3.896103896,0,0,0,0,0,0,0,0,0,0,0,0,0,0.25974026,33.76623377,0,0,0,0,0,12.98701299,0,0,0.25974026,0,0,0,0,0,0,0,0,0,0,0,0.25974026,0,0,0,0.25974026,3.896103896,0,0,0,0,0,0,0.25974026,0,0,0,0,0,0,0,0,0,0,0,0,0,0,0,0,0,0,0,0,3.376623377,0,0,0,0,0,0,0,0,0,0,0,0,0,0,0,1.038961039,12.98701299,0,0,0,0,0,0.25974026,0,0,0,0,0,0,0,0,0,0,0,0,0,0,100
U1392,D07-PI-1,D07,Pink,2015-05-21,2015,19-May,0,0,0,0,0,0,0,0,0,0,0,0.578034682,0,0.963391137,0.192678227,0,28.32369942,1.734104046,7.899807322,0,1.348747592,0.192678227,0,2.697495183,0,0,0,0,0,0,0,0,0.963391137,2.504816956,0,0,0,0.192678227,40.8477842,0,0.770712909,0,0.192678227,0,0,0,4.816955684,0.192678227,0,0,0,0,0,0,0,0,0,0,0,0,0,0,0,0.192678227,0.385356455,0,0.192678227,0,0,0,0,0,0,0,0,0,0,0,0,0,0,0,0,0,0,0,0,0,0,0,0,0,0,0,0,0,0,0,0,0,0,0,0,0,0,0,0,0,0.192678227,3.082851638,0,0,0,0,0,0.192678227,0,0,0,0,0,0,1.348747592,0,0,0,0,0,0,0,100
U1394,D07-PI-3,D07,Pink,2015-05-21,2015,19-May,0,0,0,0,0.24691358,0,0,0,0.24691358,0,0,0,0,0.49382716,0.24691358,0,18.02469136,3.950617284,0.987654321,0,1.234567901,0,0,2.469135802,0,0,0,0.740740741,0,0,0,0,0,0.24691358,0,0,0,0.24691358,37.77777778,0,0,0,0,0,0,0,0,0,0,0,0,0,0,0,0,0,0,0,0,0,0,0,0,0.24691358,5.185185185,0,0,0,0,0,0.24691358,0,0,0,0,0.24691358,0,0,0,0.24691358,0,0,0,0,0,0,0,0,0,0,0,0,0.24691358,0.24691358,0,0,0,0,0,0,0,0,0,0,0,0,0,0,0.24691358,25.92592593,0,0,0,0,0,0.24691358,0,0,0,0,0,0,0,0,0,0,0,0,0,0,100
U1395,D07-PI-6,D07,Pink,2015-05-21,2015,19-May,0,0,0,0,0,0,0,0,0.167785235,0,0,0,0,0.167785235,0.167785235,6.543624161,37.58389262,0.67114094,0.167785235,0,1.510067114,0.167785235,0,6.711409396,0,0,0,0.67114094,0,0,0,0,0,2.181208054,0,0,0,0.167785235,14.09395973,0,0.67114094,0,0,0,6.711409396,0,3.523489933,0.503355705,0,0,0,0,0,0,0,0,0,0,0,0.167785235,0.167785235,0,0,0.167785235,3.859060403,0,0,0,0,0,0.167785235,0,0,0,0,0,0,0,0,0,0,0,0,0,0,0,0,0,0,0,0,0,1.342281879,0,0,0,0,0,0,0,0,0,0,0,0,0,0,0,0.503355705,10.90604027,0,0,0,0,0,0.167785235,0,0,0,0,0,0,0,0,0,0,0,0,0,0.167785235,100
U2528,D07-PI-7,D07,Pink,2015-05-21,2015,19-May,0,0,0,0,0,0,0,0,0.505050505,0,0,0,0.505050505,0.505050505,0.505050505,0,18.18181818,3.03030303,8.585858586,0,6.060606061,0.505050505,0,3.03030303,0,0,0,0,0,0,2.525252525,0,0,0,0,0,0,0.505050505,0.505050505,0,0,0,0,0,2.02020202,0,0,1.01010101,0,1.01010101,0,0,0,0,0,0,0,0,0,0.505050505,0,0,0,0.505050505,2.525252525,0,0,0,0,0,0,0,0,0,0,2.02020202,0,0.505050505,0,0,0,0,0,0,0,0,0,0,0,0,0,0,30.80808081,0,0,0,0,0,0,0,0,0,0,0,0,0,0,0.505050505,1.515151515,9.090909091,0,2.02020202,0,0,0,0.505050505,0.505050505,0,0,0,0,0,0,0,0,0,0,0,0,0,100
U2626,D07-CU-1,D07,Chum,2015-05-21,2015,19-May,0,0,0,0,0,0,0,93.57798165,0.039888313,0,0,0,0,0,0,0,0.039888313,0,0,0,0,0,0,0,0,0,0,0,0,0,0,0,0,0,0,0,0,0.039888313,0,0,0,0,0.039888313,0,0,0,0,0.039888313,0,0,0,0,0,0,0,0,0,0,0,0,0,0,0,0,0.119664938,0,0,0,0,0,0,0,0,0,0,0,0,0,0,0,0,0,0,0,0,0,0,0,0,0,0,0,6.063023534,0,0,0,0,0,0,0.039888313,0,0,0,0,0,0,0,0,0,0,0,0,0,0,0,0,0,0,0,0,0,0,0,0,0,0,0,0,0,0,100
U2627,D07-CU-4,D07,Chum,2015-05-21,2015,19-May,0,0,0,0,0,0,0,0,0.189393939,0,0,0,0,0,0,93.18181818,0,0.189393939,0.189393939,0,0,0,0,0,0,0,0,0,0,0,0,0,0,0,0,0,0,0,0,0,0,0,0,0,2.462121212,0,0,0,0,0,0,0,0,0,0,0,0,0,0,0,0,0,0,0,0,0,0,0,0,1.893939394,0,0,0,0,0,0,0,0,0,0,0,0,0,0,0,0,0,0,0,0,0,0,1.704545455,0,0,0,0,0,0,0.189393939,0,0,0,0,0,0,0,0,0,0,0,0,0,0,0,0,0,0,0,0,0,0,0,0,0,0,0,0,0,0,100
U2634,D07-CU-3,D07,Chum,2015-05-21,2015,19-May,0,0,0,0,0,0,0,0,0,0,0,0,0,1.754385965,0,0,0.701754386,0,0,0,0,0.350877193,0,0,0,0,0,0,0,0,0,0,0,0,0,0,0,0.350877193,0,0,0,0,0,0.350877193,15.43859649,0,0,0,0,0,0,0,0,0,0,0,0,0,0,0,0.701754386,0,0,0,1.754385965,0,0,0,0,0,0,0,0,0,0,0,0,0,0,0.350877193,0,0,0,0,0,0,0,0,0,0,0,0.350877193,68.42105263,0,0,0,0,0,0,0,0,0,0,0,0,0,0,0,0,9.122807018,0,0,0,0,0,0.350877193,0,0,0,0,0,0,0,0,0,0,0,0,0,0,100
U2831,D07-CU-7,D07,Chum,2015-05-21,2015,19-May,0,0,0,0,0,0,0,0,0.227272727,0,0,0,0,0,0,0,0.454545455,0,0.227272727,0,0,0,0,0,0,0,0,0,0,0,0,0,0,0,0,0,0,0,0,0,0,0,0,0,0,0,0,0,0,0,0,0,0,0,0,0,0,0,0,0,0,0,0,0,0.227272727,0,0,0,0,0,0,0,0,0,0,0.227272727,0,0,0,0,0,0,0,0,0,0,0,0,0,0,0,0,97.95454545,0,0,0.227272727,0,0,0,0,0,0,0,0,0,0,0,0,0,0.227272727,0,0,0,0,0,0,0.227272727,0,0,0,0,0,0,0,0,0,0,0,0,0,100
U2859,D07-PI-4,D07,Pink,2015-05-21,2015,19-May,0,0,0,0,0,0,0,0,0.429184549,0,0,0,0,1.287553648,0.429184549,0,33.9055794,1.716738197,5.150214592,0,0,0.429184549,0,7.725321888,0,0,0,0,0,0,0,0,0,0.429184549,0,0,0,0.429184549,21.45922747,0,0,0,0,0,0,0,0,0.858369099,0,0.429184549,0,0,0,0,0,0,0,0,0,0.429184549,0,0,0,0.429184549,2.575107296,0,0,0,0,0,0,0,0,0,0,0,0,0,0,0.429184549,0,0,0,0,0,0,0,0,0,0,0,0.429184549,0.429184549,0,0,0,0,0,0,0,0.429184549,0,0,1.287553648,0,2.145922747,0,0,0.429184549,15.87982833,0,0,0,0,0,0.429184549,0,0,0,0,0,0,0,0,0,0,0,0,0,0,100
U3007,D07-CU-9,D07,Chum,2015-05-21,2015,19-May,0,0,0,0,0,0,0,46.5205804,0.029612082,0,0,0.029612082,0.029612082,0,0,0.592241635,1.332543678,0.266508736,0,0,0.029612082,0.029612082,0,0,0.029612082,0,2.842759846,0.059224163,0,0,0,0,0,0,0,0,0,0.118448327,0,0,0,0,0,0,4.293751851,0,0.207284572,0,0,0,0,0,0,0,2.872371928,0,0,0,0.088836245,0.059224163,0,0,0,0.029612082,2.191294048,0,0,0.029612082,0.651465798,0,0,0.029612082,0,0,0,0,0,0,0,0.029612082,0,0,0,0,0,0,0,0,0,0,0.118448327,0.029612082,29.19751259,0,0,0,0,0,0,0,0,0,0,0,0,0,0,0,0.118448327,3.316553154,0,0,0,0.059224163,0,0,0.029612082,0,4.323363932,0,0,0.384957062,0,0.029612082,0,0,0,0,0,0,100
U4173,D07-CU-10,D07,Chum,2015-05-21,2015,19-May,0,0,0,0,0,0,0,0,0,0,0,0,0,0,0,0,0.259067358,0,0,0,0,0,0,0.259067358,0,0,0,0,0,0,0,0,0,0,0,0,0,0,0,0,0,0,0,0,6.735751295,0,0,0,0,0,0,0,0,0,0,0,0,0,0,0,0,0,0,0,0.259067358,0,0,0,0,0,0,0,0,0,0,0,0,0,0,0,0,0,0,0,0,0,0,0,0,0,0,0,91.96891192,0,0,0,0,0,0,0,0,0,0,0,0,0,0,0,0.259067358,0.259067358,0,0,0,0,0,0,0,0,0,0,0,0,0,0,0,0,0,0,0,0,100
U4980,D07-CU-6,D07,Chum,2015-05-21,2015,19-May,0,0,0,0,0,0,0,0,0,0,0,0,0,0.076804916,0,0,0.076804916,0,0,0,0,0,0,0,0,0,0,0.384024578,0,0,0,0,0,0,0,0,0,0,0,0,0,0,0,0,0,0,0,0,0,0,0,0,0,0,0,0,0,0,0,0,0,0,0,0,0.076804916,0,0,0,0,0,0,0,0,0,0,0,0,0,0,0,0,0,0,0,0,0,0,0,0,0,0,0,98.69431644,0,0,0,0,0,0,0,0,0,0,0,0,0.460829493,0,0,0.076804916,0,0,0.076804916,0,0,0,0,0,0,0,0,0,0,0,0.076804916,0,0,0,0,0,0,100
U5450,J07-CU-5,J07,Chum,2015-06-02,2015,02-Jun,0,0,0,0,0,0,0,0,0,0,0,0,0,0,0,0,0,0,0,0,0,0,0,0,0,0,1.572739187,0,0,0,0,0,0,0,97.50982962,0,0,0,0,0,0,0,0,0,0,0,0,0,0,0,0,0,0,0,0,0,0,0,0,0,0,0,0,0,0,0,0,0,0,0,0,0,0,0,0,0,0,0,0,0,0,0,0,0,0,0,0,0,0,0,0,0,0.917431193,0,0,0,0,0,0,0,0,0,0,0,0,0,0,0,0,0,0,0,0,0,0,0,0,0,0,0,0,0,0,0,0,0,0,0,0,0,100
U5451,J07-CU-2,J07,Chum,2015-06-02,2015,02-Jun,0.186567164,0,2.052238806,0,0,0,0,0,0,0,0,0,0,0,0,0,0,0,0,0,0,0,0,0,0,0,8.768656716,1.305970149,0,0,0,0,0,0,87.68656716,0,0,0,0,0,0,0,0,0,0,0,0,0,0,0,0,0,0,0,0,0,0,0,0,0,0,0,0,0,0,0,0,0,0,0,0,0,0,0,0,0,0,0,0,0,0,0,0,0,0,0,0,0,0,0,0,0,0,0,0,0,0,0,0,0,0,0,0,0,0,0,0,0,0,0,0,0,0,0,0,0,0,0,0,0,0,0,0,0,0,0,0,0,0,0,100
U5452,J07-CU-6,J07,Chum,2015-06-02,2015,02-Jun,0,0,0.147492625,0,0,0,0,0,0,0,0,0,0,0,0,0,0,0,0,0,0,0,0,0,0,0,0,0,0,0,0,0,0,0,98.08259587,0,0,0,0,0,0,0,0,0,0,0,0,0,0,0,0,0,0,0,0,0,0,0,0,0,0,0,0,0,0,0,0,0,0,0,0,0,0,0,0,0,0,0,0,0,0,0,0,0,0,0,0,0,0,0,0,0,1.769911504,0,0,0,0,0,0,0,0,0,0,0,0,0,0,0,0,0,0,0,0,0,0,0,0,0,0,0,0,0,0,0,0,0,0,0,0,0,100
U5453,J07-CU-8,J07,Chum,2015-06-02,2015,02-Jun,0.241740532,0,1.531023368,0,0,0,0,0,0,0,0,0,0,0,0,0,0.080580177,0.080580177,0,0,0,0,0,0,0,0.805801773,0.805801773,0.402900886,0,0,0,0,0,0,95.97099114,0,0,0,0,0,0,0,0,0,0,0,0,0,0,0,0,0,0,0,0,0,0,0,0,0,0,0,0,0,0.080580177,0,0,0,0,0,0,0,0,0,0,0,0,0,0,0,0,0,0,0,0,0,0,0,0,0,0,0,0,0,0,0,0,0,0,0,0,0,0,0,0,0,0,0,0,0,0,0,0,0,0,0,0,0,0,0,0,0,0,0,0,0,0,0,0,0,100
U5454,J07-CU-1,J07,Chum,2015-06-02,2015,02-Jun,1.022494888,0,2.249488753,0,0,0,0,0,0,0,0,0,0,0,0,0,0,0,0,0,0,0,0,0,0,0,0,0,0,0,0,0,0,0,94.88752556,0,0,0,0,0,0,0,0,0,0,0,0,0,0,0,0,0,0,0,0,0,0,0,0,0,0.102249489,0,0,0,0.102249489,0,0,0,0,0,0,0.102249489,0,0,0,0,0,0,0,0,0,0,0,0,0,0,0,0,0,0,0,0,1.533742331,0,0,0,0,0,0,0,0,0,0,0,0,0,0,0,0,0,0,0,0,0,0,0,0,0,0,0,0,0,0,0,0,0,0,0,0,0,100
U5455,J07-CU-10,J07,Chum,2015-06-02,2015,02-Jun,1.044083527,0,0.580046404,0,0,0,0,0,0,0,0,0,0,0,0,0,0,0,0,0,0,0,0,0,0,0,0,0,0,0,0,0,0,0,97.5638051,0,0,0,0,0,0,0,0,0,0,0,0,0,0,0,0,0,0,0,0,0,0,0,0,0,0,0.116009281,0,0,0,0,0,0,0,0,0,0,0,0,0,0,0,0,0,0,0,0,0,0,0,0,0,0,0,0,0,0,0.580046404,0,0,0,0,0,0,0,0,0,0,0,0,0,0,0,0,0,0,0,0,0,0,0,0,0,0.116009281,0,0,0,0,0,0,0,0,0,0,0,100
U5456,J07-CU-4,J07,Chum,2015-06-02,2015,02-Jun,0.371747212,0,2.230483271,0,0,0,0,0,0,0,0,0,0,0,0,0,0,0.185873606,0,0,0,0,0,0,0,0,0,0,0,0,0,0,0,0,92.00743494,0,0,0.185873606,0,0,0,0,0,0,0,0,0,0,0,0,0,0,0,0,0,0,0,0,0,0,0,0,0,0,0,0,0,0,0,0,0,0,0,0,0,0,0,0,0,0,0,0,0,0,0,0,3.531598513,0,0,0,0,0,1.486988848,0,0,0,0,0,0,0,0,0,0,0,0,0,0,0,0,0,0,0,0,0,0,0,0,0,0,0,0,0,0,0,0,0,0,0,0,0,100
U5457,J07-CU-3,J07,Chum,2015-06-02,2015,02-Jun,0.486223663,0,1.296596434,0,0,0,0,0,0,0,0,0,0,0,0,0,0,0,0,0,0,0,0,0,0,0,0,0,0,0,0,0,0,0,87.84440843,0,0,0,0,0,0,0,0,0,0,0,0,0,0,0,0,0,0,0,9.886547812,0,0,0,0,0,0,0,0,0,0,0,0,0,0,0,0,0,0,0,0,0,0,0,0,0,0,0,0,0,0,0,0,0,0,0,0,0,0.162074554,0,0,0,0,0,0,0,0,0,0,0,0,0,0,0,0,0,0,0,0,0,0,0,0,0,0.324149109,0,0,0,0,0,0,0,0,0,0,0,100
U5458,J07-CU-7,J07,Chum,2015-06-02,2015,02-Jun,0.34965035,0,1.223776224,0,0,0,0,0,0,0,0,0,0,0,0,0,0,0,0,0,0,0,0,0,0,0,6.293706294,0,0,0,0,0,0,0,91.43356643,0,0,0,0,0,0,0,0,0,0,0,0,0,0,0,0,0,0,0,0,0,0,0,0,0,0.34965035,0,0,0,0,0,0,0,0,0,0,0,0,0,0,0,0,0,0,0,0,0,0,0,0,0,0,0,0,0,0,0,0.174825175,0,0,0,0,0,0,0,0,0,0,0,0,0,0,0,0,0,0,0,0,0,0,0,0,0,0.174825175,0,0,0,0,0,0,0,0,0,0,0,100
U5459,J07-CU-9,J07,Chum,2015-06-02,2015,02-Jun,0.413793103,0,2.344827586,0,0,0,0,0,0,0,0,0,0,0,0,0,0,0,0,0,0,0,0,0,0,0,3.586206897,0,0,0,0,0,0,0,93.65517241,0,0,0,0,0,0,0,0,0,0,0,0,0,0,0,0,0,0,0,0,0,0,0,0,0,0,0,0,0,0,0,0,0,0,0,0,0,0,0,0,0,0,0,0,0,0,0,0,0,0,0,0,0,0,0,0,0,0,0,0,0,0,0,0,0,0,0,0,0,0,0,0,0,0,0,0,0,0,0,0,0,0,0,0,0,0,0,0,0,0,0,0,0,0,0,100
U5460,J07-PI-2,J07,Pink,2015-06-02,2015,02-Jun,0,0,0,0,0,0,0,0,0,0,0,0,0,0,0,0,0,0,0,0,0,0,0,12.60869565,0,53.91304348,22.02898551,10.72463768,0,0,0,0,0,0,0,0,0,0,0,0,0,0,0,0,0,0,0,0,0,0,0,0,0,0,0,0,0,0,0.144927536,0,0,0,0,0,0,0,0,0,0,0,0,0,0,0,0,0,0,0,0,0,0,0,0,0,0,0,0,0,0,0,0,0,0,0,0,0,0,0,0,0,0,0,0,0,0,0,0,0,0,0,0,0,0,0,0,0,0,0,0.579710145,0,0,0,0,0,0,0,0,0,0,0,100
U5461,J07-PI-1,J07,Pink,2015-06-02,2015,02-Jun,0.486618005,0,0.486618005,0,0,0.243309002,0,0,0,0,0,0,0,0,0,0,0,0,0,0,0,0,0,0,0,9.245742092,12.53041363,4.379562044,0,0,0,0,0,0,72.62773723,0,0,0,0,0,0,0,0,0,0,0,0,0,0,0,0,0,0,0,0,0,0,0,0,0,0,0,0,0,0,0,0,0,0,0,0,0,0,0,0,0,0,0,0,0,0,0,0,0,0,0,0,0,0,0,0,0,0,0,0,0,0,0,0,0,0,0,0,0,0,0,0,0,0,0,0,0,0,0,0,0,0,0,0,0,0,0,0,0,0,0,0,0,0,0,100
U2625,D07-CU-10,D07,Chum,2015-06-05,2015,02-Jun,0,0,0,0,0,0,0,0,0,0,0,0,0,0.039619651,0,0.039619651,0.079239303,0.039619651,0,0,0,0,0,0,0,0,0,0,0,0,0,0,0,0,0,0,0,0,0,0,0,0,0,0,0,0,0,0,0,0.039619651,0,0,0,0,0,0,0,0,0.118858954,0,0.039619651,0,0,0.039619651,0.039619651,0,0,0,0,0,0,0,0,0,0,0.039619651,0,0,0,0,0,0,0.039619651,0,0,0,0,0,0,0,0.118858954,0,98.89064976,0,0,0,0,0,0.039619651,0,0.039619651,0,0,0,0,0,0,0,0.039619651,0.039619651,0,0.277337559,0,0,0,0,0,0,0,0,0,0,0,0,0,0,0,0,0,0,100
U2628,D07-CU-5,D07,Chum,2015-06-05,2015,02-Jun,0,0,0,0,0,0,0,0,0,0,0,0,0,0.051177073,0,0,0,0,0,0,0,0,0,0,0,0,0,0,0,0,0,0,0,0,0,0,0,0,0,0,0,0,0,0,0.051177073,0,0,0,0,0.051177073,0,0,0,0,0,0,0,0,0.153531218,0,0,0,0,0.051177073,0.051177073,0,0,0,0,0,0,0,0,0,0,0,0,0,0,0.051177073,0,0,0,0,0,0,0,0,0,0,0.307062436,0.051177073,99.07881269,0,0,0,0.051177073,0,0,0,0,0,0,0,0,0,0,0,0,0.051177073,0,0,0,0,0,0,0,0,0,0,0,0,0,0,0,0,0,0,0,0,100
U2629,D07-CU-1,D07,Chum,2015-06-05,2015,02-Jun,0,0,0.030048077,0,0,0,0,0,0,0,0,0,0,0,0,0.030048077,0.030048077,0,0.030048077,0,0,0,0,0.030048077,0,0,0,0,0,0,0,0,0,0.030048077,0,0,0,0,0.030048077,0,0,0,0,0,0,0,0.030048077,0.030048077,0,0.030048077,0,0,0,0,0,0,0,0,0.090144231,0,0,0,0,0.030048077,0.030048077,0,0,0,0,0.090144231,0,0,0,0,0,0,0,0,0,0,0,0,0,0,0,0,0,0,0,0,0,0,99.27884615,0,0,0,0,0,0,0,0,0,0,0,0,0.150240385,0,0,0,0.030048077,0,0,0,0,0,0,0,0,0,0,0,0,0,0,0,0,0,0,0,0,100
U2633,D07-CU-9,D07,Chum,2015-06-05,2015,02-Jun,0,0,0,0,0,0,0,0,0,0,0,0,0,0.066533599,0,0,0.133067199,0,0,0,0,0,0,0,0,0,0,0,0,0,0,0,0,0,0,0,0,0.066533599,0,0,0,0,0,0,0,0,0,0.066533599,0,0,0,0,0,0,0,0,0,0,0.399201597,0,0,0,0,0.066533599,0.066533599,0,0,0,0,0,0,0,0,0,0,0,0,0,0,0.066533599,0,0,0,0,0,0,0,0,0,0,0.066533599,0,98.20359281,0,0,0,0,0,0,0,0.133067199,0,0,0,0,0.066533599,0,0,0,0.066533599,0,0,0,0,0,0,0.133067199,0,0.266134398,0,0,0,0,0.066533599,0,0,0.066533599,0,0,0,100
U2824,D07-CU-6,D07,Chum,2015-06-05,2015,02-Jun,0,0,0,0,0,0,0,0,0.055005501,0,0,0,0,0.055005501,0,0.055005501,0.055005501,0.055005501,0.055005501,0,0,0,0,0,0,0,0,0,0,0,0,0,0,0,0,0.220022002,0,0.055005501,0,0,0,0,0,0,0.055005501,0,0,0,0,0.055005501,0,0,0,0,0,0,0,0,0.110011001,0.055005501,0,0,0,0.055005501,0.220022002,0,0,0.055005501,0,0,0,0,0,0.165016502,0,0,0,0,0,0,0,0,0,0,0,0,0,0,0,0,0.165016502,0,98.12981298,0,0,0,0.055005501,0,0,0,0,0,0,0,0,0,0,0,0,0.055005501,0.055005501,0,0,0,0,0,0.110011001,0,0,0,0,0,0,0.055005501,0,0,0,0,0,0,100
U4155,D07-CU-2,D07,Chum,2015-06-05,2015,02-Jun,0,0,0,0,0,0,0,0,0.066181337,0,0,0,0,0.066181337,0,0.132362674,0.198544011,0.066181337,0.066181337,0,0.066181337,0,0,0,0,0,0,0,0,0,0,0,0,0,0,0.066181337,0,0,0,0,0,0,0,0,0.330906684,0,0,0.066181337,0,0.066181337,0,0,0,0,0,0,0,0,0.066181337,0,0,0,0,0.066181337,0.198544011,0,0,0,0,0,0,0,0,4.367968233,0,0,0,0,0,0.066181337,0,0,0,0,0,0,0,0,0,0,0.066181337,0,92.65387161,0,0,0,0,0,0.066181337,0,0,0,0,0,0,1.125082727,0,0,0,0.066181337,0,0,0,0,0,0,0.066181337,0,0,0,0,0,0,0,0,0,0,0,0,0,100
U4170,D07-CU-3,D07,Chum,2015-06-05,2015,02-Jun,0,0,0,0,0,0,0,0,0,0,0,0,0,0,0,0,0.066489362,0.033244681,0,0,0,0,0,0,0,0,0,0,0,0,0,0,0,0,0,0,0,0,0,0,0,0,0,0,0,0,0,0,0,0.066489362,0,0,0,0,0,0,0,0,0.166223404,0,0,0,0,0.033244681,0.033244681,0,0,0,0,0,0,0,0,0,0,0,0,0,0,0.033244681,0,0,0,0,0,0,0,0,0,0,0.099734043,0,99.33510638,0,0,0,0,0,0.033244681,0,0,0,0,0,0,0,0,0,0,0.033244681,0,0,0,0,0,0,0.033244681,0,0,0,0,0,0,0.033244681,0,0,0,0,0,0,100
U4960,D07-CU-4,D07,Chum,2015-06-05,2015,02-Jun,0,0,0,0,0,0,0,0,0,0,0,0,0,0,0,0.224719101,0.04494382,0.04494382,0.04494382,0,0.04494382,0,0,0.898876404,0,0,0,0,0,0,0,0,0,0,0,0,0,0,5.97752809,0,0,0,0.04494382,0,0,0,0,0,0,0.04494382,0.04494382,0,0,0,0,0,0,0,0.179775281,0,0,0,0,0.04494382,0.04494382,0,0,0,0,0,1.033707865,0,1.617977528,0,0,0.134831461,0,0,0,0.04494382,0,0,0,0,0,0,0,0,0,0,0.179775281,0,87.95505618,0,0,0,0,0,0,0,0,0,0,0,0,0.269662921,0,0.04494382,0.04494382,0.04494382,0,0,0,0,0,0,0,0,0.898876404,0,0,0,0,0.04494382,0,0,0,0,0,0,100
U4965,D07-CU-7,D07,Chum,2015-06-05,2015,02-Jun,0,0,0,0,0,0,0,0,0,0,0,0,0,0,0,0,0.044662796,0.044662796,0,0,0,0,0,0,0,0,0,0,0,0,0,0,0,0,0,0,0,0,0,0,0,0,0,0.044662796,0,0,0,0,0,0,0,0,0,0,0,0,0,0,0,0.044662796,0,0,0,0.044662796,0.133988388,0,0,0,0,0,0,0,0,0,0,0,0,0,0,0.044662796,0,0,0,0,0,0,0,0,0,0,0,0,99.15140688,0,0,0,0,0,0,0,0,0,0,0,0,0.133988388,0,0,0,0.044662796,0,0,0,0,0,0,0.089325592,0,0.133988388,0,0,0,0,0.044662796,0,0,0,0,0,0,100
U2513,D07-PI-6,D07,Pink,2015-06-07,2015,09-Jun,0,0,0,0,0,0,0,0,0.118764846,0,0,0,0,0.118764846,0,0,0.237529691,2.137767221,0.118764846,0,0.118764846,0.118764846,0,14.01425178,0,0,0.712589074,0,0,0,0,0,0,0,0,0,0,0.118764846,0,0,0,0,0,0,0,0,0,0,0,0.118764846,0,0,0,0,0,0.118764846,0,0,0.593824228,0,0.118764846,0,0,0.118764846,4.631828979,0,0,0,0,0,0.118764846,0,0,0,0,0.118764846,0,0,0,0.118764846,0,0,0,0,0,0,0,0,0,0,0.237529691,0,65.79572447,0,0,0,0,0,0.118764846,0,0,0,0,0,0.237529691,4.038004751,0,0,0.118764846,4.988123515,0,0,0,0,0.356294537,0.118764846,0,0,0,0,0,0,0,0.118764846,0,0,0,0,0,0,100
U2525,D07-PI-3,D07,Pink,2015-06-07,2015,09-Jun,0,0,0,0,0,0,0,0,0,0,0,0,0,0,0,0,0.094607379,0.473036897,0.378429518,0,0.473036897,0,0,4.351939451,0,6.05487228,0,0,0,0,0,0,0,0.283822138,0,0,0,0,0,0,0.283822138,0,0,0,0,0,0.378429518,0,0,0.094607379,2.838221381,0,0,0,0,0,0,0,0.094607379,0,0.094607379,0,0,0,0.094607379,0,0.094607379,0,0,1.040681173,0.946073794,0,0,0,0,0,0,0,0,0.094607379,0,0,0,0,0,0,0,0,0,0,0,0,81.26773888,0,0,0,0,0,0,0,0,0,0,0,0,0.283822138,0,0,0.094607379,0.094607379,0,0,0,0,0,0.094607379,0,0,0,0,0,0,0,0,0,0,0,0,0,0,100
U2530,D07-PI-4,D07,Pink,2015-06-07,2015,09-Jun,0,0.132275132,0,0,0,0,0,0,0,0,0,0,0,0.132275132,0.132275132,0.132275132,0.132275132,0.264550265,1.71957672,0,0.396825397,0,0,6.481481481,0,1.984126984,2.116402116,0.396825397,0,0,0,2.380952381,0,0.661375661,0,0,0,0.132275132,0,0,0,0,0,0,0,0,0,0,0,0,2.248677249,0,0,0,0,0,0,0,0,0,0,0,0,0,0.264550265,0,0,0,0,0,0,0,0,0,0,0,1.851851852,0,0,0,0,0,0,0,0,0,0,0,0,0,0.132275132,0,73.54497354,0,0,0,0,0,0,0,0.132275132,0,0,0,1.984126984,2.116402116,0,0,0.132275132,0.132275132,0,0,0,0,0,0.132275132,0,0,0,0,0,0,0,0.132275132,0,0,0,0,0,0,100
U2861,D07-PI-1,D07,Pink,2015-06-07,2015,09-Jun,0,0,0.073855244,0,0,0,0,0,0.073855244,0,0,0,0,0.073855244,0,0,0.295420975,1.624815362,0.59084195,0,0.443131462,0.073855244,0,2.363367799,0,0.664697194,1.994091581,1.107828656,0,0,0,0,0,0.664697194,0,0,0,0.073855244,0,0,0,0,0,0,0,0,0.221565731,0,0,0.073855244,0.443131462,0,0,0,0,0,0,0,0.073855244,0,0.073855244,0,0,0.073855244,5.317577548,0,0,0,1.107828656,0,0,0,0,0,0,0.073855244,6.868537666,0,0,0.073855244,0,0,0,0,0,0.073855244,0,0,0,0,0.295420975,0,73.04283604,0,0,0,0,0,0.073855244,0,0,0,0,0,0,0.59084195,0,0,0.073855244,1.1816839,0,0,0,0,0,0,0,0,0,0,0,0,0,0.147710487,0,0,0,0,0,0,100
U2862,D07-PI-5,D07,Pink,2015-06-07,2015,09-Jun,0,0,0,0,0,0,0,0,0.14619883,0,0,0,0,0,0,0,0.14619883,0.14619883,1.023391813,0,0,0,0,2.631578947,0,0,0,1.315789474,0,0,0,0,0,0,0,0,0,0.14619883,0,0,0,0,0,0,0,0,0,0.14619883,0,0.14619883,0,0,0,0,0,0,0,0,0.14619883,0,0.14619883,0,0,0,0.14619883,0,0,0,0,0,0,0.14619883,0,0,0,0,0,0,0,0.14619883,0,0,0,0,0,0,0,0,0,0,0,0,92.10526316,0,0,0,0,0,0,0,0,0,0,0.14619883,0,0.438596491,0,0,0,0.14619883,0,0.584795322,0,0,0,0,0,0,0,0,0,0,0,0,0,0,0,0,0,0,100
U2863,D07-PI-2,D07,Pink,2015-06-07,2015,09-Jun,0,0,0,0,0,0,0,0,0,0,0,0,0,0,0,0,0.23364486,1.168224299,0.23364486,0,0,0.23364486,0,0,0,0,0,0,0,0,0,0,0,0,0,0,0,0.23364486,0,0,0,0,0,0,0,0,0,0,0,0.23364486,0,0,0,0,0,0,0,0,0,0,0,0,0,0,0.46728972,0,0,0,0,0,0,0,0,0,0,0,0,0,0,0.23364486,0,0,0,0,0,0,0,0,0,0,0,0,89.48598131,0,0,0,0,0,0,0,0,0,0,0,0,0,0,0,0.23364486,3.271028037,0,3.738317757,0,0,0,0.23364486,0,0,0,0,0,0,0,0,0,0,0,0,0,0,100
U2526,D07-PI-1,D07,Pink,2015-06-13,2015,16-Jun,0,0,0,0,0,0,0,0,0,0,0,0,0,0,0,0,0,0,0,0,0,0,0,4.086989126,0,1.012373453,19.12260967,9.748781402,0,0,0,0,0,0,0,0,0,0,0,0,0,0,0,0.149981252,0,0,0,0.037495313,0,0,0.899887514,0,0,0,30.78365204,0,0,0,0,0,0,0,0,0,0,0,0,0,0,0,0.862392201,0.037495313,0,0,0,0,0,0,0,0,0.187476565,0,0,0,0,0,0,0,0.037495313,0,0,0.112485939,0,0,0,0,0,0,0,0,0,0,0,0,0,0,0,0,0,0,0,0,0,0.037495313,0,0,0,0,24.40944882,0,0,0,0,0,2.437195351,0,0,4.386951631,1.649793776,0,100
U2529,D07-PI-3,D07,Pink,2015-06-13,2015,16-Jun,0,0,0,0.31824611,0,0,0,0,0,0.035360679,0,0,0,0,0,0,0,0,0,0,0,0,0,9.299858557,0,4.632248939,18.03394625,26.23762376,0,0,0,0,0,0,0,0,0,0,0,0,0,0,0,0,0,0,0,0.035360679,0,0,0.495049505,0,0.247524752,0,2.404526167,0,0,0,0,0,0.035360679,0,0,0,0,0,0,0,0,0,0.495049505,0,0,0,0,0.035360679,0,0,0,0,0.106082037,0,0.035360679,14.10891089,0,0,0,0,0,0,0,0,0,0,0,0,0,0,0,0.035360679,0,0,0,0,0,0,0,0,0,0,0,0,0,0,0,0,0,0,21.21640736,0,0,0,0,0,1.520509194,0,0,0.6718529,0,0,100
U2860,D07-PI-2,D07,Pink,2015-06-13,2015,16-Jun,0,0.056338028,0,0,0,0,0,0,0,0,0,0,0,0,0,0,0,0,0,0,0,0,0,3.549295775,0,1.915492958,22.30985915,12.61971831,0,0,0,0,0,0,0,0,0,0,0,0,0,0,0,0,0,0,0,0,0,0,2.929577465,0,0,1.971830986,12.22535211,0,0,0,0,0,0,0,0,0,0,0,0,0,0,0,6.929577465,0.056338028,1.014084507,0,0,0,0,0,0,0,0,0,0,6.591549296,0,0,0,0,0,0,0,0,0,0,0,0,0,0,0,0,0,0,0,0,0,0,0,0,0,0,0,0,0,0.056338028,0,0,0,0,26.81690141,0,0,0,0,0,0,0,0,0.957746479,0,0,100
U2927,D07-CU-3,D07,Chum,2015-06-13,2015,16-Jun,0,0,0,0,0,0,0,0,0,0,0,0,0,0,0,0,0,0,0,0,0,0,0,0,0,0.911854103,11.29685917,3.596757852,0,0,0,0,0,0,0,0,0,0,0,0,0,0,0,0,0,2.938196555,0.202634245,0,0,0,0,0,0.911854103,0.962512665,52.43161094,0,0,0,0,0,0,0,0,0,0,0,0,0,0,0,0,0,0,0,0,0,0,0,0,0,0.151975684,0,0.151975684,0,0,0,0,0,0,0,0,0,0,0,0,0,0,0,0,0,0,0,0,0,0,1.317122594,0,0,0,0,0,0,0,0,0,0,0,0,10.13171226,0,0,0,0,0,1.114488349,0,0,3.951367781,9.929078014,0,100
U2928,D07-CU-10,D07,Chum,2015-06-13,2015,16-Jun,0,0,0,0,0,0,0,0,0,0,0,0,0,0,0,0,0,0,0,0,0,0,0,4.020100503,0,0,12.81407035,5.988274707,0,0,0,0,0,0,0,0,0,0,0,0,0,0,0,0,0,1.465661642,0,0,0,0,0,0,0.293132328,2.219430486,20.60301508,0,0,0,0,0,0,0,0,0,0,0,0,0,0,0,0,0,0,0,1.172529313,0,0,0,0,0,1.172529313,0,0,28.30820771,0,0,0,0,0,0,0,0,0,0,0,0,0,0,0,0,0,0,0,0,0,0.502512563,0,0,0,0,0,0,0.167504188,0,0,0,0,0,18.96984925,0,0,0,0,0,0,0,0,1.884422111,0.418760469,0,100
U3017,D07-CU-9,D07,Chum,2015-06-13,2015,16-Jun,0,0,0,0,0,0,0,0,0,0,0,0,0,0,0,0.030138638,0,0,0,0,0,0,0,0,0,0,0,0,0,0,0,0,0,0,0,0,0,0.030138638,0,0,0,0,0,0,0,10.60880048,0,0,0,0,0,0,0,0,8.167570826,0,55.45509343,12.08559373,0,0,0,0,0,0,0,0,0,0,0,0,1.898734177,0,0,0,0,0,0,0,0,0,0.180831826,0,0,0,0,0,0,0,0,0,0,0,0,0,0,0,0,0,0,0,0,0,0,0,0,0,0,0,0,0,0,0,0,0,0,0,0,0,0,0,0,0,0,0,11.54309825,0,0,0,0,0,100
U3021,D07-CU-5,D07,Chum,2015-06-13,2015,16-Jun,0,0,0,0,0,0.123304562,0,0,0,0,0,0,0,0,0,0,0,0,0,0,0,0,0,5.302096178,0,0,4.685573366,2.959309494,0,0,0,0,0,0,0,0,0,0,0,0,0,0,0,0,0,0,0,0,0,0,0,0,0,0,23.30456227,0,0,0,0,0,0,0,0,0,0,0,0,0,0,0,0,0,0,0,0,0,0,0,0,0,0,0,0.246609125,37.97780518,0,0,0,0,0,0,0,0,0,0,0,0,0,0,0,0,0,0,0,0,0,0.123304562,0,0,0,0,0,1.356350185,0,0,0,0,0,0,16.39950678,0,0,0,0,0,7.521578298,0,0,0,0,0,100
U3023,D07-CU-4,D07,Chum,2015-06-13,2015,16-Jun,0,0,0,0,0,0,0,0,0,0,0,0,0,0,0,0,0,0,0,0,0,0,0,0.96513076,0,0,38.85429639,17.49688667,0,0,0,0,0,0,0,0,0,0,0,0,0,0,0,0,0,0,0,0,0,0,0.902864259,0,0,0.747198007,25.249066,0,0,0,0,0,0.217932752,0,0,0,0,0,0,0,0,0,0.404732254,0,0,0,0,0,0,0,0,0,0,0,0.155666252,0,0,0,0,0,0,0,0,0,0,0,0,0,0,0,0,0,0,0,0,0,0,0.124533001,0,0,0,0,0,0,0,0,0,0,0,0,7.254047323,0,0,0,0.249066002,0,7.067247821,0,0,0,0.311332503,0,100
U4065,D07-CU-6,D07,Chum,2015-06-13,2015,16-Jun,0,0,0,0,0,0,0,0,0,0,0,0,0,0,0,0,0,0,0,0,0,0,0,0,0,0,0.348258706,0.348258706,0,0,0,0,0.7960199,0,0,0,0,0,0,0,0,0,0,0,0,0,0,0,0,0,0,0,0,0,41.44278607,0,24.02985075,0,0,0,0.049751244,0,0,0,0,0,0,0,0,0,1.243781095,0,0,0,1.542288557,0,0,0,0,0,0.049751244,0,0,27.960199,0,0,0,0,0,0,0,0,0,0,0,0,0,0,0,0,0,0,0,0,0,0,0,0,0,0,0,0,0,0,0,0,0,0,1.791044776,0,0,0,0,0,0,0,0,0.39800995,0,0,100
U4096,D07-CU-2,D07,Chum,2015-06-13,2015,16-Jun,0,0,0,0,0.045537341,0,0,0,0,0,0,0,0,0,0,0,0,0,0,0,0,0,0,0,0,2.322404372,26.6848816,38.29690346,0,0,0,0,0,0,0,0,0,0.045537341,0,0,0,0,0,0,0,0.455373406,0,0,0,0,0,0,0,0.318761384,11.15664845,0,0,0,0,0,0.045537341,0,0,0,0,0,0,0,0,0,0.455373406,0,0,0,0,0,0,0,0,0,0,0,0,0,0,0,0,0,0,0,0,0,0,0,0,0,0,0,0,0,0,0,0,0,0,0.865209472,0,0,0,0,0,0,0,0,0,0,0,0,5.601092896,0,0,0,0.819672131,0,3.187613843,0,0,3.870673953,5.828779599,0,100
U4097,D07-CU-1,D07,Chum,2015-06-13,2015,16-Jun,0,0,0,0,0,0,0,0,0,0,0,0,0,0,0,0,0,0,0,0,0,0,0,0,0,4.395604396,15.18481518,9.290709291,0,0,0,0,0,0,0,0,0,0,0,0,0,0,0,0,0,0,0,0,0,0,0,0,0,5.294705295,48.75124875,0,0,0,0,0,0,0,0,0,0,0,0,0,0,0,0,0.0999001,0,0,3.896103896,0,0,0,0,0,0,0,0,0,0,0,0,0,0,0,0,0,0.4995005,0,0,0,0,0,0,0,0,0,0,0,0,0,0,0,0,0,0,0,0,0,0,0,0,0,9.390609391,0,0,0,0,0,0,0,0,0,3.196803197,0,100
U4098,D07-CU-7,D07,Chum,2015-06-13,2015,16-Jun,0,0,0,0,0,0,0,0,0,0,0,0,0,0,0,0,0,0,0,0,0,0,0,1.475755446,0,0,6.81658468,1.616303584,0,0,0,0,0,0,0,0,0,0,0,0,0,0,0,0,0,3.72452565,0,0,0,0,0,0,0.281096275,3.72452565,68.02529866,0,0,0,0,0,0,0,0,0,0,0,0,0,0,0,0,0,0,0,0,0,0,0,0,0,0,0,0,0,0,0,0,0,0,0,0,0,0,0,0,0,0,0,0,0,0,0,0,0,0,0,0,0,0,0,0,0,0,0,0,0,0,0,9.276177091,0,0,0,0,0,0.983836964,0,0,2.740688686,1.335207309,0,100
U4149,D07-CU-8,D07,Chum,2015-06-13,2015,16-Jun,0,0,0,0,0,0,0,0,0,0,0,0,0,0,0,0,0,0,0,0,0.143988481,0,0,0,0,0,1.58387329,2.159827214,0,0,0,0,0,0,0,0,0,0,0,0,0,0,0,0,0,10.1511879,0,0,0,0,0,0,0,1.007919366,46.14830814,0,0,0,0,0,0,0,0,0,0,0,0,0,0,0,0,0,0,0,0,0,0,0,0,0,0,0,0,0,0,0,0,0,0,0,0,0,0.07199424,0,0,0,0,0.863930886,0,0,0,0,0,0,0,0,0,0,0,0,0,0,3.887688985,0,0,0,0,0,25.55795536,0,0,0,0,0,0.431965443,0,0,2.519798416,5.471562275,0,100
U5432,J07-CU-6,J07,Chum,2015-06-14,2015,16-Jun,0.569176883,0,0.700525394,0,0,0,0,0,0,0,0,0,0,0,0,0,0,0,0,0,0,0,0,0,0,0,0,0,0,0,0,0,0,0,98.68651489,0,0,0,0,0,0,0,0,0,0,0,0,0,0,0,0,0,0,0,0,0,0,0,0,0,0,0,0,0,0.043782837,0,0,0,0,0,0,0,0,0,0,0,0,0,0,0,0,0,0,0,0,0,0,0,0,0,0,0,0,0,0,0,0,0,0,0,0,0,0,0,0,0,0,0,0,0,0,0,0,0,0,0,0,0,0,0,0,0,0,0,0,0,0,0,0,0,100
U5433,J07-CU-7,J07,Chum,2015-06-14,2015,16-Jun,0.521512386,0,0.521512386,0,0,0,0,0,0,0,0,0,0,0,0,0,0.043459365,0,0,0,0,0,0,0.217296827,0,0,0.391134289,0,0,0,0,0,0,0.130378096,96.65362886,0,0,0,0,0,0,0,0,0,0,0,0,0,0,0,0,0,0,0,0.564971751,0,0,0,0,0,0.912646675,0,0,0,0,0,0,0,0,0,0,0,0,0,0,0,0,0,0,0,0,0,0,0,0,0,0,0,0,0,0,0,0,0,0,0,0,0,0,0,0.043459365,0,0,0,0,0,0,0,0,0,0,0,0,0,0,0,0,0,0,0,0,0,0,0,0,0,0,0,0,0,100
U5434,J07-CU-4,J07,Chum,2015-06-14,2015,16-Jun,0.521104742,0,0.833767587,0,0,0,0,0,0,0,0,0,0,0,0,0,0,0,0,0,0,0,0,0,0,0,0,0,0,0,0,0,0,0,97.65502866,0,0,0,0,0,0,0,0,0,0,0,0,0,0,0,0,0,0,0,0.781657113,0,0,0,0,0,0.156331423,0,0,0,0,0,0,0,0,0,0,0,0,0,0,0,0,0,0,0,0,0,0,0,0,0,0,0,0,0,0,0,0,0,0,0,0,0,0,0.052110474,0,0,0,0,0,0,0,0,0,0,0,0,0,0,0,0,0,0,0,0,0,0,0,0,0,0,0,0,0,0,100
U5435,J07-CU-9,J07,Chum,2015-06-14,2015,16-Jun,0.40096231,0,98.55653569,0,0,0,0,0,0,0,0,0,0,0,0,0,0,0,0,0,0,0,0,0,0,0,0,0,0,0,0,0,0,0,0.962309543,0,0,0,0,0,0,0,0,0,0,0,0,0,0,0,0,0,0,0,0,0,0,0,0,0,0,0,0,0,0,0,0,0,0,0,0,0,0,0,0,0,0,0,0,0,0,0,0,0,0,0,0,0,0,0,0,0,0.080192462,0,0,0,0,0,0,0,0,0,0,0,0,0,0,0,0,0,0,0,0,0,0,0,0,0,0,0,0,0,0,0,0,0,0,0,0,0,100
U5436,J07-CU-2,J07,Chum,2015-06-14,2015,16-Jun,0.590318772,0,1.003541913,0,0.118063754,0,0,0,0,0,0,0,0,0,0,0,0,0.059031877,0,0,0,0,0,0,0,0,0,0,0,0,0,0,0,0.059031877,95.10035419,0,0,0,0,0,0,0,0,0,0,0,0,0,0,0,0,0,0,0,0,0,0,0,0,0,0.649350649,0,0,0,0,0,0,0,0,0,0,0,0,0,0,0,0,0,0,0,0,0,0,0,0,0,2.243211334,0,0,0,0,0,0.059031877,0,0,0,0,0,0.059031877,0,0,0,0,0,0,0,0,0.059031877,0,0,0,0,0,0,0,0,0,0,0,0,0,0,0,0,0,0,0,0,0,0,100
U5462,J07-CU-5,J07,Chum,2015-06-14,2015,16-Jun,0.286204923,0,0.457927876,0.228963938,0,0,0,0,0,0,0,0,0,0,0,0,0,0,0,0,0,0,0,0,0,0,0,0,0,0,0,0,0,0.171722954,98.79793932,0,0,0,0,0,0,0,0,0,0,0,0,0,0,0,0,0,0,0,0,0,0,0,0,0,0.057240985,0,0,0,0,0,0,0,0,0,0,0,0,0,0,0,0,0,0,0,0,0,0,0,0,0,0,0,0,0,0,0,0,0,0,0,0,0,0,0,0,0,0,0,0,0,0,0,0,0,0,0,0,0,0,0,0,0,0,0,0,0,0,0,0,0,0,0,0,0,100
U5463,J07-CU-1,J07,Chum,2015-06-14,2015,16-Jun,0.175131349,0,0.262697023,0,0,0,0,0,0,0,0,0,0,0,0,0,0,0,0,0,0,0,0,0,0,0,4.203152364,0,0,0,0,0,0,0,94.13309982,0,0,0,0,0,0,0,0,0,0,0,0,0,0,0,0,0,0.963222417,0,0,0,0,0,0,0,0.262697023,0,0,0,0,0,0,0,0,0,0,0,0,0,0,0,0,0,0,0,0,0,0,0,0,0,0,0,0,0,0,0,0,0,0,0,0,0,0,0,0,0,0,0,0,0,0,0,0,0,0,0,0,0,0,0,0,0,0,0,0,0,0,0,0,0,0,0,0,0,100
U5464,J07-CU-3,J07,Chum,2015-06-14,2015,16-Jun,0.056561086,0,0.226244344,0,0,0,0,0,0,0,0,0,0,0,0,0,0.056561086,0,0.056561086,0,0,0,0,0,0,0,1.414027149,0,0,0,0,0,0,0,90.66742081,0,0,0,0,0,0,0,0,0,0,0,0,0,0,0,0,0,0,0,0,0,6.730769231,0.678733032,0,0.056561086,0,0,0,0,0,0,0,0,0,0,0,0,0,0,0,0,0,0,0,0,0,0,0,0,0,0,0,0,0,0,0,0,0,0,0,0,0,0,0,0,0,0,0,0,0,0,0,0,0,0,0,0,0,0.056561086,0,0,0,0,0,0,0,0,0,0,0,0,0,0,0,0,100
U5465,J07-CU-8,J07,Chum,2015-06-14,2015,16-Jun,0.48756704,0,0.292540224,0,0,0,0,0,0,0,0,0,0,0,0,0,0.048756704,0,0,0,0,0,0,2.779132131,0,0,0.48756704,0,0,0,0,0,0,0.146270112,95.51438323,0,0,0,0,0,0,0,0,0,0,0,0,0,0,0,0,0,0,0,0,0,0,0,0.048756704,0,0.146270112,0,0,0,0,0,0,0,0,0,0,0,0,0,0,0,0,0,0,0,0,0,0,0,0,0,0,0,0,0,0,0,0,0,0,0,0,0,0,0,0,0,0,0,0,0,0,0,0,0,0,0,0,0.048756704,0,0,0,0,0,0,0,0,0,0,0,0,0,0,0,0,100
U5466,J07-CU-10,J07,Chum,2015-06-14,2015,16-Jun,0.275178866,0,0.220143093,0,0,0,0,0,0,0,0,0,0,0,0,0,0.055035773,0.055035773,0,0,0,0,0,0,0.055035773,0,0,0,0,0,0,0,0,0,98.84424876,0,0,0,0,0,0,0,0,0,0,0,0,0,0,0,0,0,0,0,0,0,0,0,0,0,0.440286186,0,0,0,0,0,0,0,0,0,0,0,0,0,0,0,0,0,0,0,0,0,0,0,0,0,0,0,0,0,0,0,0,0,0,0,0,0,0,0,0,0,0,0,0,0,0,0,0,0,0,0,0,0.055035773,0,0,0,0,0,0,0,0,0,0,0,0,0,0,0,0,100
U5471,J07-PI-6,J07,Pink,2015-06-14,2015,16-Jun,0,0,0,0,0,0,0,0,0,0,0,0,0,0,0,0,0,0,0,0,0,0,0,7.527333894,0,0,42.64087468,7.779646762,0,0,0,0,0,0.336417157,0,0,0,0,0,0,0,0,0,0,0,0,0.084104289,0,0,0,1.093355761,0,0,0,0,0,0,0,0.294365013,0,38.43566022,0.042052145,0,0,0,0,0.042052145,0,0,0,0,0,0,0,0,0,0,0,0,0,0,0,0,0,0,0,0,0,0,0,0,0,0,0,0,0,0,0,0,0,0,0,0,0,0,0,0,0,0,0,0,0,0,1.597981497,0,0,0,0,0,0,0,0,0,0,0,0,0,0,0,0.126156434,100
U5472,J07-PI-5,J07,Pink,2015-06-14,2015,16-Jun,0,0,0,0,0,14.59459459,0,0,0,0,0,0,0,0,0,0,0,0,0,0,0,0,0,22.7027027,0,0,41.08108108,2.162162162,7.027027027,0,0,0,0,0.540540541,0,0,0,0,0,0,0,0,0,0,0,0,1.081081081,0,0,0,3.243243243,0,0,0,0,0,0,0,0,0.540540541,2.702702703,0,0,0,0,0,0,0,0,0,0,0,0,0,0,0,0,0,0,0,0,0,0,0,0,0,0,0,0,0,0,0,0,0,0,0,0,0,0,0,0,0,0,0,0,0,0,0,0,0,0,0,0,4.324324324,0,0,0,0,0,0,0,0,0,0,0,0,0,0,0,0,100
U5473,J07-PI-2,J07,Pink,2015-06-14,2015,16-Jun,0,0,0,0,0,0,0,0,0,0,0,0,0,0,0,0,0,0,0.212314225,0,0,0,0,19.32059448,0,0,63.48195329,7.430997877,0,0,0,0,0,0,0,0,0,0,0,0,0,0,0,0,0,0,0,0,0,0,0,0,0,0,6.794055202,0,0,0,0,0.212314225,1.27388535,0,0,0,0,0,0,0,0,0,0,0,0,0,0,0,0,0,0,0,0,0,1.061571125,0,0,0,0,0,0,0,0,0,0,0,0,0,0,0,0,0,0,0,0,0,0,0,0,0,0,0,0,0,0,0.212314225,0,0,0,0,0,0,0,0,0,0,0,0,0,0,0,0,100
U5474,J07-PI-1,J07,Pink,2015-06-14,2015,16-Jun,0,0,0.71942446,0,0,0,0,0,0,0,0,0,0,0,0,0,0,0,0,0,0.71942446,0,0,3.597122302,0,0,17.98561151,3.597122302,0,0,0,0,0,0,40.28776978,0,0,0,0,0,0,0,0,0,0,0,0,0,0,0,0,0,0,0,0,0,0,0,0,0,27.3381295,0,0,0,0.71942446,0,0,0,0,0,0,0,0,0,0,0,0,0,0,0,0,0,0.71942446,0,0,0,0,0,0,0,0,0,0,0,0,0,0,0,0,0,0,0,0,0,0,0,0,0,0,0,0,0,0,4.316546763,0,0,0,0,0,0,0,0,0,0,0,0,0,0,0,0,100
U5475,J07-PI-7,J07,Pink,2015-06-14,2015,16-Jun,0,0,0,0,0,0,0,0,0,0,0,0,0,0,0,0,0,0,0,0,0,0,0,44.87179487,0,0,52.56410256,0,0,0,0,0,0,0,0,0,0,0,0,0,0,0,0,0,0,0,0,0,0,0,0,0,0,0,0,0,0,0,0,0,1.282051282,0,0,0,0,0,0,0,0,0,0,0,0,0,0,0,0,0,0,0,0,0,0,0,0,0,0,0,0,0,0,0,0,0,0,0,0,0,0,0,0,0,0,0,0,0,0,0,0,0,0,0,0,1.282051282,0,0,0,0,0,0,0,0,0,0,0,0,0,0,0,0,100
U5476,J07-PI-4,J07,Pink,2015-06-14,2015,16-Jun,0,0,0,0,0,9.981515712,0,0,0,0,0,0,0,0,0,0,0,0,0,0,0,0,0,17.56007394,0,16.72828096,17.83733826,8.133086876,0,0,0,0,0,0,0,0,0,0,11.73752311,0,0.277264325,0,0,0.092421442,0,0,0,0,0,0,1.01663586,0,0,0,0,0,0,11.64510166,0,0,1.756007394,0,0,0,0.092421442,0,0.092421442,0,0,0,0,0,0,0,0,0,0,0,0,0,0,0,0,0,0,0,0,0,0,2.310536044,0,0,0,0,0,0,0,0,0,0,0,0,0,0,0,0,0,0,0,0,0,0,0,0.739371534,0,0,0,0,0,0,0,0,0,0,0,0,0,0,0,0,100
U5477,J07-PI-3,J07,Pink,2015-06-14,2015,16-Jun,0,0,0,0,0,1.657458564,0,0,0,0,0,0,0,0,0,0,0,0,0,0,0,0,0,6.261510129,0,0,38.85819521,3.314917127,0,0,0,0,0,0.184162063,0,0,0,0,0,0,0,0,0,0,0,0,0,0,0,0,0,0,0,0,0,0,0,32.0441989,0,0,11.60220994,0,0,0,0,0,0.184162063,0,0,0,0,0,0,0,0,0,0,0,0,0,0,0,0,0,0,0,0,0,0,0,0,0,0,0,0,0,0,0,0,0,0,0,0,0,0,4.788213628,0,0,0,0,0,0,0,1.104972376,0,0,0,0,0,0,0,0,0,0,0,0,0,0,0,0,100
U5357,J07-PI-6,J07,Pink,2015-06-29,2015,30-Jun,0,0,0,0.214592275,0,0,0,0,0,0,0,0,0,0,0,0,0,0,0,0,0.643776824,0,0,0,0,0,80.25751073,13.09012876,0,0,0,0,0,0,0,0,0,0,0,0,0,0,0,0,0,0,0,0,0,0,0,0,0,0,0,0,0,0,0,0.214592275,1.931330472,0.214592275,0,0,0,0,0.214592275,0,0,0,0,0,0,0,0,0,0,0,0,0,0,0,0.858369099,1.287553648,0,0,0,0,0,0,0,0,0,0,0,0,0,0,0,0,0,0,0,0,0,0,0,0,0,0,0,0,0,0.858369099,0,0,0,0,0,0,0,0,0,0,0,0,0,0,0,0.214592275,100
U5358,J07-PI-4,J07,Pink,2015-06-29,2015,30-Jun,0,0,0,0,0,0.091659028,0,0,0,0,0,0,0,0,0,0,0,0,0,0,0,0,0.091659028,3.116406966,0,0,83.31805683,12.92392301,0,0,0,0,0,0,0,0,0,0,0,0,0,0,0,0,0,0,0,0,0,0,0,0,0,0,0,0,0,0,0,0.091659028,0.091659028,0,0,0,0,0,0,0,0,0,0.183318057,0,0,0,0,0,0,0,0,0,0,0,0,0,0,0,0,0,0,0,0,0,0,0,0,0,0,0,0,0,0,0,0,0,0,0,0,0,0,0,0,0,0,0,0,0,0,0,0,0,0,0,0,0,0,0,0,0,0,0.091659028,100
U5359,J07-PI-1,J07,Pink,2015-06-29,2015,30-Jun,0,0,0,0,0,0.263678312,0,0,0,0,0,0,0,0,0,0,0,0,0,0,0,0,0,2.175346078,0,0,49.63744232,1.318391562,4.087013843,0,0,0,0,0,0,0,0,0,0,0,0,0,0,0,0,0,0.065919578,0,0,0,0.791034937,0,0,0,0,0,0,0,0,0.065919578,0.197758734,0,0,0,0,0,0,0,0,0,0,0,0,0,0,0,0,0,0,0,0,0,0,0,0,0,0,0,0,0,0,0,0,0,2.636783125,0,0,0,0,0,0,0,0,0,0,0,0,0,0,0,0,0,0,0,0,0,0,0,37.44232037,0,0,1.120632828,0,0,0.197758734,0,0,0,0,0,100
U5360,J07-PI-10,J07,Pink,2015-06-29,2015,30-Jun,0,0,0,0,0,0,0,0,0,0,0,0,0,0,0,0,0,0,0,0,0,0,0,14.92776886,0,0,78.65168539,2.407704655,0,0,0,0,0,0,0,0,0,0,0,0,0,0,0,0,0,0,0,0,0,0,0.642054575,0,0,0,0,0,0,0,0,0,0,0,0,0,0,0,0,0,0,0,0,0,0,0,0,0,0,0,0,0,0,0,0,0,0,0,0,0,0.160513644,0,0,0,0,0,0,0,0,0,0,0,0,0,0,0,0,0,0,0,0,0,0,0,0,0,0,0,0,0,3.210272873,0,0,0,0,0,0,0,0,0,0,0,100
U5361,J07-PI-5,J07,Pink,2015-06-29,2015,30-Jun,0,0,0,0,0,4.708520179,0,0,0,0,0,0,0,0,0,0,0,0,0,2.242152466,0.67264574,0,0,13.67713004,0,0,71.97309417,5.829596413,0,0,0,0,0,0,0,0,0,0,0,0,0,0,0,0,0,0,0,0,0,0,0,0,0,0,0,0,0,0,0,0.224215247,0.224215247,0,0,0,0,0,0,0,0,0,0.224215247,0,0,0,0,0,0,0,0,0,0,0,0,0,0,0,0,0,0,0,0,0,0,0,0,0,0,0,0,0,0,0,0,0,0,0,0,0,0,0,0,0,0,0.224215247,0,0,0,0,0,0,0,0,0,0,0,0,0,0,0,0,100
U5412,J07-PI-2,J07,Pink,2015-06-29,2015,30-Jun,0,0,0,0,0,0,0,0,0,0,0,0,0,0,0,0,0,0,0,0,0,0,0.211864407,22.45762712,0,0,72.45762712,0,0,0,0,0,0,0,0,0,0,0,0,0,2.754237288,0,0,0,0,0,0,0,0,0,0,0,0,0,0,0,0,0,0,0,0.847457627,0,0,0,0,0,0,0,0,0,0,0,0,0,0,0,0,0,0,0,0,0,0,0,0,0,0,0,0,0,0,0,0,0,0,0,0,0,0,0,0,0,0,0,0,0,0,0,0,0,0,0,0,0.211864407,0,0,0,0,0,0,0,0,0,0,1.059322034,0,0,0,0,0,100
U5413,J07-PI-8,J07,Pink,2015-06-29,2015,30-Jun,0,0,0,0,0,4.10022779,0,0,0,0,0,0,0,0,0,0,0,0,0,0,4.10022779,0,0,34.16856492,0,0,47.38041002,2.733485194,0,0,0,0,0,0,0,0,0,0,0,0,0,0.227790433,0,0,0,0,0,0,0,0,5.466970387,0,0,0,0,0,0,0,0,0.227790433,0.227790433,0,0,0,0,0,0,0,0,0,0.227790433,0,0,0,0,0,0,0,0,0,0,0,0,0,0,0,0,0,0.227790433,0,0,0.227790433,0,0,0,0,0,0,0,0,0,0,0,0,0,0,0,0,0,0,0,0,0,0,0,0,0,0,0,0,0,0,0,0,0,0,0,0,0,0.683371298,100
U5414,J07-PI-3,J07,Pink,2015-06-29,2015,30-Jun,0,0,0,0,0,0,0,0,0,0,0,0,0,0,0,0,0,0,0,0,1.302083333,0,0,13.41145833,0,0,78.64583333,5.078125,0,0,0,0,0,0,0,0,0,0,0,0,0,0,0,0,0,0,0,0,0,0,0.911458333,0,0,0,0,0,0,0,0,0,0.390625,0,0,0,0,0,0,0,0,0,0,0,0,0,0,0,0,0,0,0,0,0,0,0,0,0,0,0,0,0,0,0,0,0,0,0,0,0,0,0,0,0,0,0,0,0,0,0,0,0,0,0,0,0.130208333,0,0,0,0,0,0,0,0,0,0,0,0,0,0,0,0.130208333,100
U5415,J07-PI-9,J07,Pink,2015-06-29,2015,30-Jun,0,0,0,0,0,0,0,0,0,0,0,0,0,0,0,0,0,0,0,0,0,0,0,30.85339168,0,0,65.8643326,0,0,0,0,0,0,0,0,0,0,0,0,0,0,0,0,0,0,0,0,0,0,0,1.094091904,0,0,0,0,0,0,0,0,0.218818381,1.312910284,0,0,0,0,0,0,0,0,0,0.218818381,0,0,0,0,0.218818381,0,0,0,0,0,0,0,0,0,0,0,0,0,0,0,0,0,0,0,0,0,0,0,0.218818381,0,0,0,0,0,0,0,0,0,0,0,0,0,0,0,0,0,0,0,0,0,0,0,0,0,0,0,0,0,0,100
U5416,J07-PI-7,J07,Pink,2015-06-29,2015,30-Jun,0,0,0,0.133333333,0,0,0,0,0,0,0,0,0,0,0,0,0,0,0,0,0,0,0,25.06666667,0,0,58.13333333,1.2,0,0,0,0,0,0,0,0,0,0,13.2,0,0.4,0,0,0,0,0,0,0,0,0,1.6,0,0,0,0,0,0,0,0,0,0.133333333,0,0,0,0,0,0,0,0,0,0,0,0,0,0,0,0,0,0,0,0,0,0,0,0,0,0,0,0,0,0,0,0,0,0,0,0,0,0,0.133333333,0,0,0,0,0,0,0,0,0,0,0,0,0,0,0,0,0,0,0,0,0,0,0,0,0,0,0,0,0,0,100
U5440,J07-CU-9,J07,Chum,2015-06-29,2015,30-Jun,0,0,0.071174377,0,0,0,0,0,0,0,0,0,0,0,0,0,0,0,0,0,0,0,0,0,0,0,3.060498221,0.925266904,0,0,0,0,0,0,95.80071174,0,0,0,0,0,0,0,0,0,0,0,0,0,0,0,0,0,0,0,0,0,0,0,0,0,0.071174377,0,0,0,0,0,0,0,0,0,0,0,0,0,0,0,0,0,0,0,0,0,0,0,0,0,0,0,0,0,0,0,0,0,0,0,0,0,0,0,0,0,0,0,0,0,0,0,0,0,0,0,0,0.071174377,0,0,0,0,0,0,0,0,0,0,0,0,0,0,0,0,100
U5441,J07-CU-4,J07,Chum,2015-06-29,2015,30-Jun,0,0,0.066800267,0,0,0,0,0,0,0,0,0,0,0,0,0,0,0,0,0,0,0,0,0,0,0,1.002004008,0,0,0,0,0,0,0,93.65397462,0,0,0,0,0,0,0,0,0,0,0,0,0,0,0,0,0,0,0,3.139612558,0,0,0,0,0,0,0.066800267,0,0,0,0,0,0,0,0,0,0,0,0,0,0,0,0,0,0,0,0,0,0,0,0,0,0,0,0,0,0,0,0,0,0,0,0,0,0,0,0,0,0,0,0,0,0,0,0,0,0,0,0,0,0,0,0,2.070808283,0,0,0,0,0,0,0,0,0,0,0,100
U5442,J07-CU-7,J07,Chum,2015-06-29,2015,30-Jun,0.06116208,0,0.06116208,0.06116208,0,0,0,0,0,0,0,0,0,0,0,0,0,0,0,0,0,0,0,0,0,0,17.55351682,1.406727829,0,0,0,0,0,0,79.3883792,0,0,0.06116208,0,0,0,0,0,0,0,0,0,0,0,0,0,0,1.162079511,0,0,0,0,0,0,0,0,0,0,0,0,0,0,0,0,0,0.122324159,0,0,0,0,0,0,0,0,0,0,0,0,0,0.06116208,0,0,0,0,0,0,0,0,0,0,0,0,0,0,0.06116208,0,0,0,0,0,0,0,0,0,0,0,0,0,0,0,0,0,0,0,0,0,0,0,0,0,0,0,0,0,0,100
U5443,J07-CU-1,J07,Chum,2015-06-29,2015,30-Jun,0.069979006,0,0.069979006,0,0,0,0,0,0,0,0,0,0,0,0,0,0,0,0,0,0,0,0,0,0,0,0,0,0,0,0,0,0,0,99.58012596,0,0,0,0,0,0,0,0,0,0,0,0,0,0,0,0,0,0,0,0,0,0,0,0,0,0.279916025,0,0,0,0,0,0,0,0,0,0,0,0,0,0,0,0,0,0,0,0,0,0,0,0,0,0,0,0,0,0,0,0,0,0,0,0,0,0,0,0,0,0,0,0,0,0,0,0,0,0,0,0,0,0,0,0,0,0,0,0,0,0,0,0,0,0,0,0,0,100
U5444,J07-CU-2,J07,Chum,2015-06-29,2015,30-Jun,0.057971014,0,0.057971014,0,0,0,0,0,0,0,0,0,0,0,0,0,0,0,0,0,0,0,0,0,0,0,5.565217391,0,0,0,0,0,0,0,94.26086957,0,0,0,0,0,0,0,0,0,0,0,0,0,0,0,0,0,0,0,0,0,0,0,0,0,0,0,0,0,0,0,0,0,0,0,0,0,0,0,0,0,0,0,0,0,0,0,0,0,0,0,0,0,0,0,0,0,0,0,0,0,0,0,0,0,0,0,0,0,0,0,0,0,0,0,0,0,0,0.057971014,0,0,0,0,0,0,0,0,0,0,0,0,0,0,0,0,100
U5445,J07-CU-6,J07,Chum,2015-06-29,2015,30-Jun,0.071787509,0,0.143575018,0,0,0,0,0,0,0,0,0,0,0,0,0,0,0,0,0,0,0,0,0,0,0,0,0,0,0,0,0,0,0,99.78463747,0,0,0,0,0,0,0,0,0,0,0,0,0,0,0,0,0,0,0,0,0,0,0,0,0,0,0,0,0,0,0,0,0,0,0,0,0,0,0,0,0,0,0,0,0,0,0,0,0,0,0,0,0,0,0,0,0,0,0,0,0,0,0,0,0,0,0,0,0,0,0,0,0,0,0,0,0,0,0,0,0,0,0,0,0,0,0,0,0,0,0,0,0,0,0,100
U5446,J07-CU-8,J07,Chum,2015-06-29,2015,30-Jun,0.063211125,0,0.063211125,0,0,0,0,0,0,0,0,0,0,0,0,0,0,0,0,0,0,0,0,0,0,0,0,0,0,0,0,0,0,0,85.90391909,0,0,0,0,0,0,0,0,0,0,0,0,0,0,0,0,0,0,0,13.65360303,0,0,0,0,0,0,0,0,0,0,0,0,0,0,0,0.063211125,0,0,0,0,0,0,0,0,0,0,0,0,0,0,0,0,0,0,0,0,0,0,0,0,0,0,0,0,0,0,0,0,0,0,0,0,0,0,0,0,0,0,0.063211125,0,0,0,0,0,0,0,0,0,0,0.189633375,0,0,0,0,0,100
U5447,J07-CU-10,J07,Chum,2015-06-29,2015,30-Jun,0.06514658,0,0.06514658,0,0,0,0,0,0,0,0,0,0,0,0,0,0,0,0,0,0,0,0,0,0,0,0,0,0,0,0,0,0,0.06514658,99.73941368,0,0,0,0,0,0,0,0,0,0,0,0,0,0,0,0,0,0,0,0,0,0,0,0,0,0,0,0,0,0,0,0,0,0,0,0.06514658,0,0,0,0,0,0,0,0,0,0,0,0,0,0,0,0,0,0,0,0,0,0,0,0,0,0,0,0,0,0,0,0,0,0,0,0,0,0,0,0,0,0,0,0,0,0,0,0,0,0,0,0,0,0,0,0,0,0,0,100
U5448,J07-CU-3,J07,Chum,2015-06-29,2015,30-Jun,0,0,0.043478261,0,0.260869565,0,0,0,0,0,0,0,0,0,0,0,0,0.043478261,0,0.434782609,0,0,0,0,0,0,0,0.347826087,0,0,0,0,0,0,82.91304348,0,0,0,0,0,0,0,0,0,0,0,0,0,0,0,0,0,0,0,0,0,0,12.91304348,0,0.043478261,0,0,0,0,0,0,0,0,0,0,1.826086957,0,0,0,0.956521739,0,0,0,0,0,0,0,0,0,0,0,0,0,0,0,0,0,0,0,0,0,0,0,0,0.173913043,0,0,0,0,0,0,0,0,0,0,0,0,0,0.043478261,0,0,0,0,0,0,0,0,0,0,0,0,0,0,0,0,100
U5449,J07-CU-5,J07,Chum,2015-06-29,2015,30-Jun,0,0,0.088809947,0,0,0,0,0,0,0,0,0,0,0,0,0,0,0,0,0,0,0,0,0.177619893,0,0,27.44227353,1.865008881,0,0,0,0,0,0.088809947,69.98223801,0,0,0,0,0,0,0,0,0,0,0,0,0,0,0,0,0,0,0,0,0,0,0,0,0,0.177619893,0,0,0,0,0,0,0,0,0,0,0,0,0,0,0,0,0,0,0,0,0,0,0,0,0,0,0,0,0,0,0,0,0,0,0,0,0,0,0.088809947,0,0,0,0,0,0,0,0,0,0,0,0,0,0.088809947,0,0,0,0,0,0,0,0,0,0,0,0,0,0,0,0,100
U5237,D07-CU-2,D07,Chum,2016-05-19,2016,19-May,0,0,0,0,0,0,0,0,0,0,0,0,0,0,0,0,0.116414435,0,0,0,0,0,0,0.116414435,0,0,0,0,0,0,0,0,0,0,0,0,0,0.116414435,0,0,0,0,0,0,0,0,0,0,0,0,0,0,0,0,0,0,0,0,0.232828871,73.10826542,0,0.232828871,0,0.465657742,3.259604191,0,0,0,0,0,0,0,0,0,0,0,0,0,0,0,0,0,0,0,0,0,0,0,0,0,0,0,18.16065192,0,0,0,0,0,0,0,0,0,0,0,0,0,0,0,0,4.190919674,0,0,0,0,0,0,0,0,0,0,0,0,0,0,0,0,0,0,0,0,100
U5238,D07-CU-9,D07,Chum,2016-05-19,2016,19-May,0,0,0,0,0,0,0,0,0,0,0,0,0,0,0,0,0.087796313,0.087796313,0,0,0,0,0,0,0,0,0,0,0,0,0,0,0,0,0,0,0,0,0,0,0,0,0,0,4.565408253,0,0,0,0,0,0,0,0,0,0,0,0,0,0.087796313,89.55223881,0,0,0,0.35118525,0.7023705,0,0,0,0,0,0,0,0,0,0,0.087796313,0,0,0,0,0,0,0,0,0,0,0,0,0,0,0,0,2.633889377,0,0,0,0,0,0,0,0,0,0,0,0,0,0.087796313,0,0,1.755926251,0,0,0,0,0,0,0,0,0,0,0,0,0,0,0,0,0,0,0,0,100
U5239,D07-CU-1,D07,Chum,2016-05-19,2016,19-May,0.084817642,0,0,0,0,0,0,0,0,0,0,0,0,0.084817642,0,0,0.084817642,0,0.084817642,0,0,0,0.084817642,0,0,0,0,0,0,0,0,0,0,0,10.94147583,0,0,0.084817642,0,0,0,0,0,0.084817642,2.374893978,0,0,0,0,0,0,0,0,0,0,0,0,0,0.084817642,41.7302799,0,0.084817642,0,0,0.339270568,0,0,0,0,0,0,0,0,0,0,0.084817642,0,0,0,0,0,0,0,0,0,0,0,0,0,0,0,0,42.7480916,0,0,0,0,0,0.084817642,0,0,0,0,0,0,0,0,0,0.084817642,0.678541137,0,0,0,0,0,0,0.169635284,0,0,0,0,0,0,0,0,0,0,0,0,0,100
U5240,D07-CU-5,D07,Chum,2016-05-19,2016,19-May,0,0,0,0,0,0,0,0,0,0,0,0,0,0,0,0,0,0,0.079428118,0,0,0,0,0,0,0,0,0,0,0,0,0,0,0,0,0,0,0.079428118,0,0,0,0,0,0,0,0,0,0,0,0,0,0,0,0,0,0,0,0,0.079428118,85.46465449,0,0,0,0.31771247,5.083399523,0,0,0,0,0,0,0,0,0,0,0,0,0,0,0,0,0,0,0,0,0,0,0,0,0,0,0.238284353,4.130262113,0,0,0,0,0,0,0,0,0,0,0,0,0,0,0,0,4.447974583,0,0,0,0,0,0,0.079428118,0,0,0,0,0,0,0,0,0,0,0,0,0,100
U5241,D07-CU-6,D07,Chum,2016-05-19,2016,19-May,0,0,0,0,0,0,0,0,0,0,0,0,0,0.189753321,0,0,0.189753321,0.189753321,0,0,0,0,0,0,0.189753321,0,0,0,0,0,0,0,0,0,0,0,0,0.189753321,0,0,0,0,0,0,0,0,0,0,0,0,0,0,0,0,0,0,0,0,0.189753321,80.45540797,0,1.328273245,0,0.189753321,0.759013283,0,0,0,0,0,0,0,0,0,0,0,0,0,0,0,0,0,0,0,0,0,0,0,0,0,0,0,15.18026565,0,0,0,0,0,0,0,0,0,0,0,0,0,0,0,0,0.759013283,0,0,0,0,0,0,0.189753321,0,0,0,0,0,0,0,0,0,0,0,0,0,100
U5242,D07-CU-7,D07,Chum,2016-05-19,2016,19-May,0,0,0,0.315789474,0,0,0,0,0,0,0,0,0,0.105263158,0,0,0,0,0,0,0,0,0,0,0,0,0,0,0,0,0,0,0,0,0,0,0,0.105263158,0,0,0,0,0,0,0,0,0,0,0,0,0,0,0,0,0,0,0,0,0.210526316,47.57894737,0,0,0,0,1.263157895,0,0,0,0,0,0,0,0,0,0,0,0,0,0,0,0,0,0,0,0,0,0,0,0,0,0,0,49.26315789,0,0,0,0,0,0,0,0,0,0,0,0,0,0,0,0.105263158,0.842105263,0,0,0,0,0,0,0.210526316,0,0,0,0,0,0,0,0,0,0,0,0,0,100
U5243,D07-CU-4,D07,Chum,2016-05-19,2016,19-May,0,0,0,0,0,0,0,0,0,0,0,0,0,0.137362637,0,0,0.137362637,0,0,0,0,0,0,0,0,0,0,0,0,0,0,0,0,0,0,0,0,0,0,0,0,0,0,0,0,0,0,0,0,0,0,0,0,0,0,0,0,0,0.137362637,0.137362637,0,0.137362637,0,0,0.137362637,0,0,0,0,0,0,0,0,0,0,0,0,0,0,0,0,0,0,0,0,0,0,0,0,0,0,0,98.76373626,0,0,0,0,0,0,0.137362637,0,0,0,0,0,0,0.137362637,0,0.137362637,0,0,0,0,0,0,0,0,0,0,0,0,0,0,0,0,0,0,0,0,0,100
U5244,D07-CU-3,D07,Chum,2016-05-19,2016,19-May,0,0.124223602,0,0,0,0,0,0,0,0,0,0,0,0.124223602,0,0,0.124223602,0,0,0,0,0,0,0,0.124223602,0,0,0,0,0,0,0,0,0,0,0,0,0,0,0,0,0,0,0,0,0,0,0,0,0,0,0,0,0,0,0,0,0,0,13.41614907,0,0.124223602,0,0,0.124223602,0,0,0,0,0,0,0,0,0,0,0,0,0,0,0,0,0,0,0,0,0,0,0,0,0,0,0,85.46583851,0,0,0,0,0,0,0,0,0,0,0,0,0,0,0.124223602,0,0.124223602,0,0,0,0.124223602,0,0,0,0,0,0,0,0,0,0,0,0,0,0,0,0,100
U5272,D07-CU-10,D07,Chum,2016-05-19,2016,19-May,0,0.36101083,0,0,0,0,0,0,0,0,0,0,0,0,0,0,0.36101083,0,0,0,0,0,0,0.722021661,0,0,0,0,0,0,0,0,0,0,52.3465704,0,0,0,0,0,0,0,0,0,0,0,0,0,0,0,0,0,0,0,0,0,0,0,0.36101083,24.90974729,0,0.36101083,0,0,0.36101083,0,0,0,0,0,0,0,0,0,0,0,0,0,0,0,0,0,0,0,0,0,0,0,0,0,0,0,18.41155235,0,0,0,0,0,0,0,0,0,0,0,0,0,0.36101083,0,0,1.444043321,0,0,0,0,0,0,0,0,0,0,0,0,0,0,0,0,0,0,0,0,100
U5273,D07-CU-8,D07,Chum,2016-05-19,2016,19-May,0,0,0,0,0,0,0,0,0,0,0,0,0,0.090991811,0,0,0.090991811,0,0,0,0,0,0.090991811,0,0.090991811,0,0,0,0,0,0,0,0,0,0,0,0,0.090991811,0,0,0,0,0,0,0,0,0,0,0,0,0,0,0,0,0,0,0,0,0.090991811,90.62784349,0,0.090991811,0,0,0.363967243,0,0,0,0,0,0,0,0,0,0,0,0,0,0,0,0,0,0,0,0,0,0,0,0,0,0,0.090991811,7.279344859,0,0,0,0,0,0,0.090991811,0,0,0,0,0,0,0,0,0.090991811,0.727934486,0,0,0,0,0,0,0.090991811,0,0,0,0,0,0,0,0,0,0,0,0,0,100
U5422,D07-PI-3,D07,Pink,2016-05-19,2016,19-May,0,0.102774923,0,0,0,0,0,0,0,0,0,0,0,0,0,0,0.411099692,0.102774923,0.102774923,0,0,0,0,0.102774923,0,0,0,0,0,0,0,0,0,0.205549846,0,0,0,0.102774923,0,0,0,0,0,0,0,0,0,0,0,0,0,0,0,0,0,0,0,0,0.71942446,83.8643371,0,0.411099692,0.411099692,0.411099692,2.055498458,0,0,0,0,0,0,0,0,0,0,0,0,0,0,0.102774923,0,0,0,0,0,0,0,0,0,0,0,0,9.044193217,0,0,0,0,0,0.102774923,0,0,0,0,0,0,0,0.411099692,0.411099692,0.411099692,0.411099692,0,0,0,0,0,0,0.102774923,0,0,0,0,0,0,0,0,0,0,0,0,0,100
U5423,D07-PI-5,D07,Pink,2016-05-19,2016,19-May,0,0.126742712,0,0,0,0,0,0,0,0,0,0,0,0.126742712,0,0,0.506970849,3.168567807,0.126742712,0,0,0,0,0,0.126742712,0,0,0,0,0,0,0,0,0,0,0,0,0.126742712,0,0,0.380228137,0,0,0,0,0,0,0,0,0,0,0,0,0,0,0,0,0,0.126742712,84.15716096,0,0.506970849,0.506970849,0.506970849,2.534854246,0,0,0,0,0,0,0,0,0,0,0,0,0,0,0.126742712,0,0,0,0,0,0,0,0,0,0,0,0,3.548795944,0,0,0,0,0,0,0,0,0,0,0,0,0,0.506970849,0.506970849,0.506970849,1.520912548,0,0,0,0,0,0,0.126742712,0,0,0,0,0,0,0,0,0,0,0,0,0.126742712,100
U5424,D07-PI-9,D07,Pink,2016-05-19,2016,19-May,0,0,0,0,0,0,0,0,0.307692308,0,0,0,0.923076923,0.307692308,0,0.307692308,9.538461538,9.230769231,15.69230769,0,24,0.307692308,0,0.923076923,0.307692308,0,1.230769231,0,0,2.769230769,0,0,0,1.846153846,0,0,0,0,9.846153846,0,0,0.307692308,0,0,0,0,0,0.307692308,0,0,0,0,0,0,0,0,0,0,0.615384615,0.307692308,0,0.307692308,0.307692308,0,0.307692308,0.307692308,0.615384615,0,0,0,0.615384615,0,0,0,0,1.846153846,0.307692308,0,0,0.307692308,0,9.846153846,0,0,0,0,0,0,0,0,0,0,0,0,0,0,0,0,0.307692308,0,0,0.307692308,1.538461538,0,0,0,1.538461538,0.307692308,0.307692308,0.307692308,0,0,0,0.307692308,0,0,1.230769231,0,0,0,0,0,0,0,0,0,0,0,0,0,100
U5425,D07-PI-4,D07,Pink,2016-05-19,2016,19-May,0.192678227,0,0,0,0,0,0,0,0.192678227,0,0,0,0,0.192678227,0,0,1.541425819,1.734104046,0.963391137,0,0,0.192678227,0,0,0.192678227,0,0,0,0,0,0,0,0,0,0,0,0,0,0,0,0,0,0,0,0,0,0,0,0.192678227,0,0,0,0,0,0,0,0,0,0.385356455,51.63776493,0,0.770712909,0.770712909,0.770712909,2.312138728,0,0,0,0,0,0,0,0,0,0,0,0,0,0,0.385356455,0,0,0,0,0,0.192678227,0,0,0,0,0,0,33.91136802,0,0,0,0,0,0.192678227,0,0,0,0,0,0,0,0.770712909,0.770712909,0.770712909,0.770712909,0,0,0,0,0,0,0.192678227,0,0,0,0,0,0,0,0,0,0,0,0,0,100
U5426,D07-PI-10,D07,Pink,2016-05-19,2016,19-May,0,0,0,0,0,0,0,0,0,0,0,0,0.477897252,0.119474313,0,0,2.867383513,4.181600956,1.433691756,0,0.119474313,0,0,0.119474313,0,0,0,0,0,0,0,0,0,0,0,0,0,0,0,0,0,0,0,0,0,0,0,0,0.119474313,0,0,0,0,0,0,0,0,0,0.597371565,5.256869773,0,0.119474313,0,0.477897252,0.477897252,0,0,0,0,0,0,0,0,0,0,0,0,0,0,0.119474313,0,0,0,0,0,0,0,0,0,0,0,0,81.83990442,0,0,0.119474313,0,0,0,0,0,0,0,0,0,0,0,0.477897252,0.477897252,0.477897252,0,0,0,0,0,0,0.119474313,0,0,0,0,0,0,0,0,0,0,0,0,0,100
U5427,D07-PI-8,D07,Pink,2016-05-19,2016,19-May,0,0,0,0,0,0,19.46778711,0,0.140056022,0,0,0,0,0.140056022,0,0,1.120448179,0.140056022,0.140056022,0,0,0,0,0,0.56022409,0,0,0,0,0,0,0,0,0.140056022,0,0,0,0.140056022,0,0,0,0,0,0,0,0,0,0,0,0,0,0,0,0,0,0,0,0,1.260504202,38.65546218,0,0.56022409,1.680672269,0.56022409,0.56022409,0,0,0,0,0,0,0,0,0,0,0,0,0,0,0.140056022,0,0,0,0,0,0,0,0,0,0,0,0,25.21008403,0,0,0,0,0,0,0,0,0,0,0,0,0,2.240896359,0.56022409,0.56022409,5.602240896,0,0,0,0.140056022,0,0,0.280112045,0,0,0,0,0,0,0,0,0,0,0,0,0,100
U5428,D07-PI-6,D07,Pink,2016-05-19,2016,19-May,0,0,0.222222222,0,0,0,0,0,0,0,0,0,0,0,0,0,1.777777778,0.222222222,0,0,0,0,0,0.222222222,0,0,0,0,0,0,0,0,0,0,0,0,0,0.222222222,0,0,0,0,0,0,0,0,0,0,0,0,0,0,0,0,0,0,0,0,2.444444444,24.88888889,0.222222222,0.888888889,2.666666667,0.888888889,2.666666667,0,0,0,0,0,0,0,0,0,0,0,0,0,0,0.222222222,0,0,0,0,0,0,0,0,0,0,0,0,44.44444444,0,0,0,0,0,0,0,0,0,0,0,0,0,8,0.888888889,4.444444444,4.444444444,0,0,0,0,0,0,0.222222222,0,0,0,0,0,0,0,0,0,0,0,0,0,100
U5429,D07-PI-1,D07,Pink,2016-05-19,2016,19-May,0,0,0,0,0,0,0,0,0,0,0,0,0,0.099800399,0.099800399,0,3.592814371,2.395209581,0.299401198,0,0,0,0,0.399201597,0,0,0,0,0,0,0,0,0,0,0,0,0,0.099800399,0,0,0,0,0,0,0,0,0,0,0,0,0,0,0,0,0,0,0,0,0.099800399,56.68662675,0,0.399201597,0,0.399201597,4.391217565,0,0,0,0,0,0,0,0,0,0,0,0,0,0,0.099800399,0,0,0,0,0,0,0,0,0,0,0,0,26.34730539,0,0,0,0,0,0,0,0,0,0,0,0,0,0.399201597,0.399201597,0.399201597,3.193612774,0,0,0,0,0,0.099800399,0.099800399,0,0,0,0,0,0,0,0,0,0,0,0,0,100
U5430,D07-PI-7,D07,Pink,2016-05-19,2016,19-May,0,0,0,0,0,0,24.77272727,0,0,0,0,0,0,0.113636364,0,0,5.454545455,1.931818182,1.136363636,0,0,0,0,0.454545455,0.454545455,0,0,0,0,0,0,0,0,0,0,0,0,0,0,0,0.227272727,0,0,0,0,0,0,0,0,0,0,0,2.159090909,0,0,0,0,0,0.113636364,30.90909091,0,0.454545455,0,0,0.454545455,0,0,0,0,0,0,0,0,0,0,0,0,0,0,0.113636364,0,0,0,0,0,0,0,0,0,0,0,0,29.09090909,0,0,0,0,0,0,0.113636364,0,0,0,0,0,0,0.454545455,0,0,1.363636364,0,0,0,0,0,0,0.227272727,0,0,0,0,0,0,0,0,0,0,0,0,0,100
U5431,D07-PI-2,D07,Pink,2016-05-19,2016,19-May,0,0.146412884,0,0,0,0,0,0,0,0,0,0,0,0.146412884,0,0,0.292825769,0.146412884,0.146412884,0,0,0,0,0.878477306,0.585651537,0,0,0,0,0,0,0,0,0,0,0,0,0.146412884,0,0,0,0,0,0,0,0,0,0,0,0,0,0,0,0,0,0,0,0,2.049780381,65.00732064,0,1.171303075,0,0.146412884,2.928257687,0,0,0,0,0,0,0.146412884,0,0,0,0,0,0,0,0.146412884,0,0,0,0,0,0,0,0,0.146412884,0,0,0,22.84040996,0,0,0,0,0,0,0,0,0,0,0,0,0,0.146412884,0.146412884,0.439238653,1.756954612,0,0,0,0.292825769,0,0,0,0,0,0,0.146412884,0,0,0,0,0,0,0,0,0,100
U5141,D07-CU-3,D07,Chum,2016-06-03,2016,02-Jun,0,0,0,0,0,0,0,0,0,0,0,0,0,0,0,0,8.333333333,0,8.333333333,0,0,0,0,0,0,0,0,0,0,0,0,0,0,0,0,0,0,0,0,0,0,0,0,0,0,0,0,8.333333333,0,58.33333333,0,0,0,0,0,0,0,0,0,0,0,0,0,0,0,0,0,0,0,0,0,0,0,0,0,0,0,0,0,8.333333333,0,0,0,0,0,0,0,0,0,0,0,0,8.333333333,0,0,0,0,0,0,0,0,0,0,0,0,0,0,0,0,0,0,0,0,0,0,0,0,0,0,0,0,0,0,0,0,0,0,0,0,0,100
U5142,D07-CU-5,D07,Chum,2016-06-03,2016,02-Jun,0,0,0,0,0.177304965,0,0,0,0.177304965,0,0,0,0,0.177304965,0,0.177304965,0.177304965,0,0.177304965,0,0,0,0,0,0,0,0,0,0,0,0,0,0,0,0,0,0,0,0,13.4751773,0,0,0,0,0,0,0,0.177304965,0,0,0,0,0,0,0,0,0,0,0,0,0,0,0,0,0,0,0,0,0,0,0.177304965,0,0,0,0,0,0,0,0,0,0,0,0,0,0,0,0,0,0,0,0,0,84.57446809,0,0,0,0,0,0.177304965,0,0,0,0,0,0,0,0,0,0,0.177304965,0,0,0,0,0,0,0.177304965,0,0,0,0,0,0,0,0,0,0,0,0,0,100
U5143,D07-CU-2,D07,Chum,2016-06-03,2016,02-Jun,0,0,0,0,0,0,0,0,0.289855072,0,0,0,0,0.144927536,0,0,0.144927536,0.144927536,50.14492754,0,0,0,0,0,0,4.202898551,11.01449275,0.579710145,0,0,0,0,0,0,0,0,0,0,0,0,0,0,0,0,0,0,1.014492754,0.144927536,0,1.449275362,0,0,0,0,0,0,0,0,0,0,0.144927536,0,0,0,0,0,0,0,0,0,0,0,0,0,0,0,0,0,0,0,0,0,0,0,0,0,0,0,0,0,0,0,19.42028986,0,0,0,0,0,0.144927536,0,0.144927536,0,0,0,0,0,0,0,0,0.144927536,0.144927536,0,0,0,0.434782609,0,0,0,0,0,0,0,0,10,0,0,0.144927536,0,0,0,100
U5144,D07-CU-8,D07,Chum,2016-06-03,2016,02-Jun,0,0,0,0,0,0,0,0,0,0,0,0,0,0,0,0,0.727272727,0,0,0,0.363636364,0,0,0,0,0,0,0,0,0,0,0,0,0,0,0,0,0,0,0,0,0,0,0,0,0,0,0,0,0,0,0,0,0,0,0,0,0,0,0,0,0,0,0,0,0,0,0,0,0,0,0,0,0,0,0,0,0,0,0,0,0,0,0,0,0,0,0,0,0,0,0,98.90909091,0,0,0,0,0,0,0,0,0,0,0,0,0,0,0,0,0,0,0,0,0,0,0,0,0,0,0,0,0,0,0,0,0,0,0,0,0,100
U5145,D07-CU-1,D07,Chum,2016-06-03,2016,02-Jun,0,0,0,0,0,0,0,0,0,0,0,0,0,0,0,0,0,0,0.128040973,0,0,0,0,4.09731114,0,0,3.969270166,1.408450704,0,0,0,0,0,0,0,0,0,0,0,0,0.128040973,0,0,0,0,0,0,0.128040973,0,0.128040973,0,0,0,0,0,0,0,0,0.256081946,0,0,0,0,0,0,0,0,0,0,0,1.280409731,0,0,0,0,0,0,0,0,0,0,0,0,0,0.128040973,0,0,0,0,0,0,0,87.83610755,0,0,0,0,0,0.128040973,0,0,0,0,0,0,0,0,0,0,0.128040973,0,0,0,0.128040973,0,0,0,0,0,0,0,0,0,0.128040973,0,0,0,0,0,0,100
U5147,D07-CU-9,D07,Chum,2016-06-03,2016,02-Jun,0,0,0,0,0,0,0,0,0,0,0,0,0,0.228832952,0,0,0.228832952,0,0,0,0,0,0,0,0,0,0,0,0,0,0,0,0,0,0,0,0,0,0,0,0,0,0,0.228832952,0,0,0,0,0,0,0,0,0,0,0,0,0,0,0.228832952,0,0,0,0.228832952,0,0,0,0,0,0,0,0,0,0,0,0,0,0,0,0,0,0,0,0,0,0,0,0,0,0,0,0,0,98.62700229,0,0,0,0,0,0,0,0,0,0,0,0,0,0,0,0,0,0,0,0,0,0,0,0,0,0,0,0,0,0,0.228832952,0,0,0,0,0,0,100
U5148,D07-CU-6,D07,Chum,2016-06-03,2016,02-Jun,0,0,0,0,0,0,0,0,0,0,0,0,0,0,0,0,0,0,1.5625,0,0,0,0,23.4375,0,10.9375,32.8125,0,0,0,0,0,0,0,0,0,0,0,0,0,20.3125,0,0,0,0,0,0,0,0,1.5625,0,0,0,0,0,0,0,0,1.5625,0,0,0,0,0,0,0,0,0,0,0,0,0,0,0,0,0,0,0,1.5625,1.5625,0,0,0,0,0,0,0,0,0,0,0,0,1.5625,0,0,0,0,0,1.5625,0,0,0,0,0,0,0,0,0,0,0,0,0,0,1.5625,0,0,0,0,0,0,0,0,0,0,0,0,0,0,0,0,100
U5149,D07-CU-4,D07,Chum,2016-06-03,2016,02-Jun,0,0,0,0,0,0,0,0,0.077101002,0,0,0,0,0,0,0,0.154202005,0.077101002,0.077101002,0,0,0,0,0.385505012,0,0,0.771010023,0,0,0,0,0,0,0.077101002,73.70855821,0,0,0,0,0,0,0,0,0,0,0,0.385505012,0.077101002,0,0,0,0,0,0,0,0,0,0,0,0,0,0,0,0,0,0,0,0,0,0,0,0,0,0,0,0,0,0,0,0,0,0,0,0,0,0,0,0,0,0,0,0,24.05551272,0,0,0,0,0,0,0,0,0,0,0,0,0,0,0,0,0.077101002,0,0,0,0,0,0,0,0,0,0,0,0,0,0.077101002,0,0,0,0,0,0,100
U5150,D07-CU-10,D07,Chum,2016-06-03,2016,02-Jun,0,0,0,0,0,0,0,0,0,0,0,0,0,0.215517241,0.215517241,0,0.215517241,0,0,0,0,0,0,0,0,0,0,0,0,0,0,0,0,0,0,0,0,0,0,0,0,0,0,0,0,0,0,0.215517241,0,0,0,0,0,0,0,0,0,0,0.431034483,0,0.215517241,0,0,0,0,0,0,0,0,0,0,0,0,0,0,0,0,0,0,0,0,0,0,0,0,0,0,0,0,0,0,0,98.27586207,0,0,0,0,0,0,0,0,0,0,0,0,0,0,0,0,0.215517241,0,0,0,0,0,0,0,0,0,0,0,0,0,0,0,0,0,0,0,0,100
U5196,J07-CU-7,J07,Chum,2016-06-03,2016,02-Jun,0,0,0.037693178,0,0,0,0,0,0,0,0,0,0,0,0,0,0,0.037693178,0,0,0,0,0,0,0,0,0,0,0,0,0,0,0,0,99.88692047,0,0,0,0,0,0,0,0,0,0,0,0,0,0,0,0,0,0,0,0,0,0,0,0,0,0,0,0,0,0,0,0,0,0,0,0,0,0,0,0,0,0,0,0,0,0,0,0,0,0,0,0,0,0,0,0,0,0,0,0,0,0,0,0,0,0,0,0,0,0,0,0,0,0,0,0,0,0,0,0,0,0,0,0.037693178,0,0,0,0,0,0,0,0,0,0,0,100
U5197,J07-CU-4,J07,Chum,2016-06-03,2016,02-Jun,0.060938452,0,0.060938452,0,0,0,0,0,0,0,0,0,0,0,0,0,0,0,0,0,0,0,0,0,0,0,1.279707495,0,0,0,0,0,0,0,94.45460085,0,0,0,0,0,0,0,0,0,0,0,0,0,0,0,0,0,1.889092017,2.193784278,0,0,0,0,0,0,0,0,0,0,0,0,0,0,0,0,0,0,0,0,0,0,0,0,0,0,0,0,0,0,0,0,0,0,0,0,0,0,0,0,0,0,0,0,0,0,0,0,0,0,0,0,0,0,0.060938452,0,0,0,0,0,0,0,0,0,0,0,0,0,0,0,0,0,0,0,0,0,100
U5198,J07-CU-5,J07,Chum,2016-06-03,2016,02-Jun,0,0,0,0,0,0,0,0,0,0,0,0,0,0,0,0,0,0,0,0,0,0,0,0.166297118,0,0,0.66518847,0.66518847,0,0,0,0,0,0,96.67405765,0,0,0,0,0,0,0,0,0,0,0,0,0,0,0,0.277161863,0.277161863,0,0,0,0,0,0,0,0,0.055432373,0,0,0,0,0,0,0,0,0,0,0,0,0,0,0,0,0,0,0,0,0,0,0,0,0,0,0,0,1.10864745,0,0,0.110864745,0,0,0,0,0,0,0,0,0,0,0,0,0,0,0,0,0,0,0,0,0,0,0,0,0,0,0,0,0,0,0,0,0,0,0,0,0,100
U5199,J07-CU-10,J07,Chum,2016-06-03,2016,02-Jun,0,0,0.052854123,0,0,3.488372093,0,0,0,0,0,0,0,0,0,0,0,0,0,0,0,0,0,0.21141649,0,0.422832981,3.911205074,0,0,0,0,0,0,0.158562368,90.6448203,0,0,0,0,0,0,0,0,0,0,0,0,0,0,0,0,0,0,0,0,0,0,0,0,0,0,0,0,0,0.052854123,0,0,0,0,0,0,0,0,0,0,0,0,0,0,0,0,0,0,0,0,0,0,0,0,0,0,0,0,0,0,0,0,0.369978858,0,0,0,0,0,0.052854123,0,0,0,0,0,0,0,0,0,0.581395349,0,0,0,0,0.052854123,0,0,0,0,0,0,0,0,0,0,0,100
U5200,J07-CU-6,J07,Chum,2016-06-03,2016,02-Jun,0,0,0,0,0,0,0,0,0,0,0,0,0,0,0,0,0,0,0,0,0,0,0,0,0,0,1.448225923,0.724112962,0,0,0,0,0,0,95.87255612,0,0,0,0,0,0,0,0,0,0,0,0,0,0,0,0,0,0,0,0,0,0,0,0.144822592,0,1.303403331,0,0,0,0,0,0,0,0,0,0,0,0,0,0,0,0,0,0,0,0,0,0,0,0,0,0,0,0,0,0,0,0,0,0,0,0,0,0,0,0,0,0,0,0,0,0,0,0,0,0,0,0,0,0,0,0,0,0.506879073,0,0,0,0,0,0,0,0,0,0,0,100
U5201,J07-CU-3,J07,Chum,2016-06-03,2016,02-Jun,0.066622252,0,0,0,0,0,0,0,0,0,0,0,0,0,0,0,0,0,0,0,0,0,0,0,0,0,0,0,0,0,0,0,0,0,97.13524317,0,0,0,0,0,0,0,0,0,0,0,0,0,0,0,0,0,1.399067288,0,0,0,0,0,0.266489007,0,0.799467022,0,0.066622252,0,0,0,0,0,0,0,0,0,0,0,0,0,0,0,0,0,0,0,0,0,0,0,0,0,0,0,0,0,0.066622252,0,0,0,0,0,0,0,0,0,0,0,0,0,0,0,0.066622252,0,0,0,0,0.133244504,0,0,0,0,0,0,0,0,0,0,0,0,0,0,0,0,100
U5202,J07-CU-1,J07,Chum,2016-06-03,2016,02-Jun,0,0,0.07980846,0,0,0,0,0,0,0,0,0,0,0,0,0,0,0,0,0.558659218,0,0,0,0.478850758,0,0,13.08858739,0.957701516,0,0,0,0,0.558659218,0.07980846,82.28252195,0,0,0,0,0,0,0,0,0,0,0,0,0,0,0,0,0,0,0,0,0,0,0,0,0,0.558659218,0,0,0,0,0,0,0,0,0,0,0,0,0,0,0,0,0,0,0,0,0,0,0,0,0,0,0,0,0,0,0,0,0,0,0,0,0,0,0,0,0,0,0.558659218,0,0,0,0,0,0,0,0,0,0.798084597,0,0,0,0,0,0,0,0,0,0,0,0,0,0,0,0,100
U5203,J07-CU-2,J07,Chum,2016-06-03,2016,02-Jun,0,0,0,0,0,0,0,0,0,0,0,0,0,0,0,0,0,0,0,0,0,0,0,0.556328234,0,0,1.344459898,0.231803431,0,0,0,0,0,0,97.40380158,0,0,0,0,0,0,0,0,0,0,0,0,0,0,0,0.278164117,0,0.092721372,0,0,0,0,0,0,0,0,0,0,0,0,0,0,0,0,0,0,0,0,0,0,0,0,0,0,0,0,0,0,0,0,0,0,0,0,0,0,0,0,0,0,0,0,0,0,0,0,0,0,0,0,0,0,0,0,0,0,0,0,0.046360686,0,0,0,0,0.046360686,0,0,0,0,0,0,0,0,0,0,0,100
U5204,J07-CU-8,J07,Chum,2016-06-03,2016,02-Jun,0,0,0,0,0,0,0,0,0,0,0,0,0,0,0,0,0,0,0,0,0,0,0,0,0,0,0.600600601,0,0,0,0,0,0,0,99.32432432,0,0,0,0,0,0,0,0,0,0,0,0,0,0,0,0,0,0,0,0,0,0,0,0,0,0,0,0,0,0,0,0,0,0,0,0,0,0,0,0,0,0,0,0,0,0,0,0,0,0,0,0,0,0,0,0,0,0,0,0,0,0,0,0,0,0,0,0,0,0,0,0,0,0,0,0,0,0,0.075075075,0,0,0,0,0,0,0,0,0,0,0,0,0,0,0,0,100
U5205,J07-CU-9,J07,Chum,2016-06-03,2016,02-Jun,0,0,0,0,0,0,0,0,0,0,0,0,0,0,0,0,0,0,0,0,0,0,0,0,0,0,0.456968774,0,0,0,0,0,0,0.038080731,96.76313785,0,0,0,0,0,0,0,0,0,0,0,0,0,0,0,0,0,0.685453161,0.723533892,0,0,0,0,0,0,0.076161462,0,0.038080731,0,0,0,0,0,0,0,0,0,0,0,0,0,0,0,0,0,0,0,0,0,0,0,0,0,0,0,0,0,0.076161462,0,0,0,0,0,0,0,0,0,0,0,0,0,0,0,0,0,0,0,0,0.038080731,0,0,0,0,1.104341203,0,0,0,0,0,0,0,0,0,0,0,100
U5302,D07-PI-7,D07,Pink,2016-06-03,2016,02-Jun,0,0,0,0,0,0,0,0,6.172839506,0,0,0,0,0,0,0,12.34567901,6.172839506,0,0,0,0.617283951,0,0,0,0,0,0,0,0,0,0,0,0,0,0,0,0,0,0,0,0,0,0,0,0,0,0,0,43.20987654,0,0,0,0,0,0,0,0,0,0,0,0,0,0,0,0,0,0,0,0,0,0,0,0,0,0,0,0,0,6.172839506,0,0,0,0,0,0,0,0,0,0,0,0,18.51851852,0,0,0,0,0,0,0,0,0,0,6.172839506,0,0,0,0,0,0,0,0,0,0,0,0,0,0,0,0.617283951,0,0,0,0,0,0,0,0,0,0,100
U5303,D07-PI-8,D07,Pink,2016-06-03,2016,02-Jun,0,0,0,0,0,0,0,0,0.280112045,0,0,0,0,0.280112045,0,0,3.641456583,0.280112045,1.680672269,0,5.882352941,0.280112045,0,8.963585434,0,0,4.761904762,0,0,0,0,0,0,1.960784314,0,0,0,0.280112045,0,0,0,0,0,0,0,0,0,1.400560224,0,38.65546218,0,0,0,0,0,0,0,0,0,0.280112045,0,0,0,0,0,0,0,0,0,0,0,0,0,0,0,0.840336134,0,0,0,1.120448179,0,0,0,0,0,0,0,0,0,0,0,0,28.01120448,0,0,0,0,0,0.280112045,0,0,0,0,0,0,0,0,0,0,0.280112045,0,0,0,0,0,0.280112045,0.280112045,0,0,0,0,0,0,0,0,0.280112045,0,0,0,0,100
U5304,D07-PI-9,D07,Pink,2016-06-03,2016,02-Jun,0,0,0.145560408,0,0,0,0,0,0.145560408,0,0,0,3.930131004,0.58224163,0,0,2.183406114,2.037845706,0.873362445,0,0.145560408,0.145560408,0,14.84716157,0,5.822416303,0,0.873362445,0,0,0,0,0,0.873362445,0,0,0,0.145560408,0,0,0,0,0,0,16.59388646,0,2.328966521,0.145560408,0,3.493449782,0,0,0,0,0,0.58224163,0,0,0,0,0.436681223,0,0,0,0.145560408,0,0,0,0,0,0,0,0,0,0,0.727802038,0,0,0,0.145560408,0,0,0,0,0,0,0,0,0,0,0,0.291120815,39.88355167,0,0,0,0,0,0.145560408,0,0,0,0,0,0,0,0,0,0.145560408,0,0,0,0,0.145560408,0,0,0,0,0,0,0.145560408,1.746724891,0,0.145560408,0,0,0,0,0,0,100
U5305,D07-PI-2,D07,Pink,2016-06-03,2016,02-Jun,0,0,0,0,0,0,0,0,0,0,0,0,0,0,0,0,1.052631579,1.052631579,1.052631579,0,0,0,0,0,0,4.210526316,0,0,0,0,0,0,0,0,0,0,0,0,0,0,0,0,0,0,0,0,0,0,0,1.052631579,0,0,0,0,0,0,0,0,0,0,0,0,0,0,0,0,0,0,0,0,0,0,0,0,0,1.052631579,0,0,0,0,0,0,0,0,0,0,0,0,0,0,0,41.05263158,41.05263158,0,0,0,0,0,0,0,8.421052632,0,0,0,0,0,0,0,0,0,0,0,0,0,0,0,0,0,0,0,0,0,0,0,0,0,0,0,0,0,100
U5306,D07-PI-1,D07,Pink,2016-06-03,2016,02-Jun,0,0,0,0,0,0,0,0,0.434782609,0,0,0,0,0.434782609,0.434782609,0,7.391304348,3.913043478,3.47826087,0,0.434782609,0,0,4.347826087,0,3.043478261,0,0,0,0,0,0,0,2.173913043,0,0,0,0.434782609,0,0,0,0,0,0,0,0,0,0.869565217,0,52.60869565,0,0,0,0,0,0,0,0,0,0,0,0,0,0,0,0,0,0,0,0,0,0,0,0,0,0,0,0,0,0.434782609,0,0,0,0,0,0,0,0,0,0,0,0,16.95652174,0,0,0,0,0,1.304347826,0,0,0,0,0,0,0,0,0,0,0.434782609,0,0,0,0,0,0,0.434782609,0,0,0,0,0,0,0.434782609,0,0,0,0,0,0,100
U5307,D07-PI-10,D07,Pink,2016-06-03,2016,02-Jun,0,0,0,0,0,0,0,0,0.33557047,0,0,0,0,2.684563758,0,0.33557047,5.033557047,2.684563758,5.033557047,0,0.33557047,0.33557047,0,2.013422819,0,0,0,0,0,0,0,0,0,1.342281879,0,0,0,0.33557047,0,0,0,0,0,0,9.731543624,0,14.09395973,0.67114094,0,52.34899329,0,0,0,0,0,0,0,0,0,0,0,0,0,0,0,0.33557047,0.33557047,0,0,0,0,0,0,0,0,0,0,0,0.33557047,1.006711409,0,0,0,0,0,0,0,0,0,0,0,0,0,0,0,0,0,0,0.33557047,0,0,0,0,0,0,0,0,0,0,0,0.33557047,0,0,0,0,0,0,0,0,0,0,0,0,0,0,0,0,0,0,0,100
U5308,D07-PI-5,D07,Pink,2016-06-03,2016,02-Jun,0,0,0,0,0,0,0,0,0,0,0,0,0,1.408450704,0,1.408450704,2.816901408,1.408450704,1.408450704,0,0,0,0,0,0,4.225352113,15.49295775,0,0,0,0,0,0,0,0,0,0,1.408450704,0,0,0,0,1.408450704,0,0,0,0,0,0,54.92957746,0,0,0,0,0,0,0,0,0,0,0,0,0,0,0,0,0,0,0,0,0,0,0,0,0,1.408450704,0,0,0,1.408450704,0,0,0,0,0,0,0,0,0,0,0,0,8.450704225,0,0,0,0,0,1.408450704,0,0,0,0,0,0,0,0,0,0,1.408450704,0,0,0,0,0,0,0,0,0,0,0,0,0,0,0,0,0,0,0,0,100
U5309,D07-PI-3,D07,Pink,2016-06-03,2016,02-Jun,0,0,0,0,0,0,0,0,0.289855072,0,0,0,0,0.289855072,0.289855072,0,0.579710145,0.289855072,8.115942029,0,0,0,0,3.188405797,0,0,2.028985507,0.869565217,0,0,0,0,0,0.289855072,0,0,0,0,0,0,2.028985507,0,0,0,0,0,2.898550725,0.869565217,0,28.4057971,0,0,0,0,0,0,0,0,0,0,0,0,0,0,0,0.289855072,0,0,0,0,0,0,0,0,0,41.44927536,0,0,0,0.289855072,0,0,0,0,0,0,0,0,0,0,0,0,5.507246377,0,0,0,0,0,0.289855072,0,0,0,0,0,0,0,0,0,0,0.289855072,0,0,0,0,0,0,0,0,0,0.289855072,0,0,0,1.15942029,0,0,0,0,0,0,100
U5310,D07-PI-4,D07,Pink,2016-06-03,2016,02-Jun,0,0,0,0,0,0,0,0,0.175438596,0,0,0,0,0.701754386,0,0.175438596,7.01754386,0.701754386,0.701754386,0,0,0.175438596,0,1.052631579,0,0,0,1.052631579,0,0,0,0,0,0.526315789,0,0,0,0.175438596,0,0,0,0,0,0,0,0,0,0.175438596,0,38.59649123,0,0,0,0,0,0,0,0,0,0,0,0,0,0,0,0,0,0,0,0,0,0,0,0,0,0.701754386,0,0,0,0.175438596,0,0,0,0,0,0,0,0,0,0,0,0.701754386,46.31578947,0,0,0,0,0,0.175438596,0,0,0,0,0.175438596,0,0,0,0,0.175438596,0.175438596,0,0,0,0,0,0,0.175438596,0,0,0,0,0,0,0,0,0,0,0,0,0,100
U5311,D07-PI-6,D07,Pink,2016-06-03,2016,02-Jun,0,0,0,0,0.380228137,0,0,0,0.380228137,0,0,0,0,1.901140684,0.380228137,0.380228137,3.802281369,1.140684411,0.380228137,0,0,0.380228137,0,1.520912548,0,0,6.08365019,0,0,0,0,0,0,1.520912548,0,0,0,0.380228137,0,0,0,0,0,0.380228137,0,0,0,0.380228137,0,39.1634981,0,0,0,0,0,0,0,0,0.760456274,0,0,0.380228137,0,0,0,0,0,0,0,0,0,0,0,0,0,0,0,0,0,0.760456274,0,0,0,0,0,0,0,0,0,0,0,0.380228137,37.64258555,0,0,0,0,0,0.380228137,0,0,0,0,0,0,0,0,0.380228137,0,0.380228137,0,0,0,0,0,0.380228137,0,0,0,0,0,0,0,0,0,0,0,0,0,0,100
U5337,J07-PI-5,J07,Pink,2016-06-03,2016,02-Jun,0,0,0,0,0,0.323027227,0,0,0,0,0,0,0,0,0,0,0,0,0,0,0,0,0,22.19658514,0,0,26.9035533,8.029533918,0,0.41532072,0,0,0,0.046146747,0,0,0,0,0,0,0,0,0,0,0,0,1.153668666,0.046146747,0,0,31.61052146,0.046146747,1.10752192,1.79972312,0,0,0,0,0.046146747,0,0.922934933,0,0,0,0,0,0.230733733,0.046146747,0,0,0,0,0,0,0,0,0,0,0,0,0,0.046146747,0.738347946,0,0,0,0,0,0.046146747,0,0,0,0,0.046146747,0,0,0,0,0.046146747,0,0,0,0,0,0,0,0,0,0,0,0,0,0,0.646054453,0,0,0,0,2.861098293,0,0.092293493,0.41532072,0,0,0,0,0,0,0,0.13844024,100
U5338,J07-PI-6,J07,Pink,2016-06-03,2016,02-Jun,0,0,0.084033613,0,0,18.7394958,0,0,0,0,0,0,0,0.084033613,0,0,0.084033613,0,0.084033613,0.840336134,0.168067227,0,0,14.45378151,0,12.85714286,10.67226891,3.613445378,0,0,0,0.756302521,0.756302521,1.428571429,0,0,0.756302521,0,0,0,0,0,0,0,0,0,0,0.084033613,0,0,0,0,0,0,0,0,0,0,0.168067227,0,2.773109244,0,0,0,0.084033613,0,1.092436975,0,0,0,0,0.084033613,0.25210084,0,0,0,0,0.084033613,0,0,0,0,0.672268908,0,0,0,0,0,0,0,0,0,0,0,0,0,0,1.428571429,0.084033613,0,0,0,0,0.756302521,0,0,0,0,0,0.084033613,0,0,0,23.19327731,0,0,0.168067227,2.68907563,0,0,0,0,0,0,0.672268908,0.084033613,0,0,0,0.168067227,100
U5339,J07-PI-2,J07,Pink,2016-06-03,2016,02-Jun,0,0,0,0,0,38.22815534,0,0,0,0,0,0,0,0.121359223,0,0,0,0,0,0,0.606796117,0,0,20.87378641,0,4.490291262,4.611650485,0.849514563,0,0,0,0,0.242718447,2.184466019,0,0,0,0,0,0,0,0.121359223,0,0,0,0,0,0,0,0,0,0,0,0,0,0.121359223,0,0,0,0,0,0,0,0,0,0,0,0,0,0,0,0.242718447,0,0,0,0.485436893,0,0.121359223,0,0,0,0,0,0,0,0,0,0,0,0,0,0,0,0,0,0.242718447,0,0,0,0,0.36407767,0,0,0,0,0.606796117,0,0,0,0.121359223,0,0.606796117,0,24.51456311,0,0.121359223,0,0,0,0,0,0,0,0,0,0,0,0,0,0.121359223,100
U5341,J07-PI-4,J07,Pink,2016-06-03,2016,02-Jun,0,0,0,0,0,13.62290227,0,0,0,0,0.592300099,0,0,0,0,0,0,0,0.098716683,1.085883514,0.098716683,0,0,32.47778875,0,9.970384995,5.429417572,1.678183613,0,0,0,0,0,0.987166831,0,0,0,0,0,0,0,0,0,0,0,0,0,0.197433366,0,0,0,0,0,0,0,0,0,0,0.197433366,0,0.592300099,0,0,0,0,0,2.764067127,0,0,0,0,0.197433366,0,0,0,0,0,0,0,0,0,0,0,0,0,0,0,0,0,0,0,0,0,0,0,0,0,0,0,0,0,0,0,0,0,0,0,0,0,0,0,0,0,27.64067127,0,0,0,1.875616979,0,0,0.098716683,0,0,0,0,0.098716683,0,0,0,0.296150049,100
U5342,J07-PI-7,J07,Pink,2016-06-03,2016,02-Jun,0,0,0,0,0,7.623318386,0,0,0,0,0,0,0,0,0,0,0,0,0.448430493,0,0,0,0,27.80269058,0,8.968609865,0,1.34529148,0,0,0,0,0,0,0,0,0,0,0,0,0,0,0,0,0,0,4.932735426,0,0,0,0,0,0,0,0,0,0,0,0.448430493,0,3.139013453,0,0,0,0,0,26.00896861,0,0,0,0,0,0,0,0,0,0,0,0,0,0,0,0,0,0,0,0,0,0,0,0,0,0,0,0,0,0,0,0.448430493,0,0.448430493,0,0,0,0,0,0,0,0,0,0.448430493,0,0,17.48878924,0,0,0,0,0,0,0,0,0,0,0,0.448430493,0,0,0,0,100
U5343,J07-PI-1,J07,Pink,2016-06-03,2016,02-Jun,0,0,0,0,0,27.38214644,0,0,0,0,0,0,0,0,0,0.100300903,0,0,0.100300903,1.003009027,7.923771314,0,0,22.96890672,0,17.05115346,0.702106319,2.60782347,0,0,1.404212638,0,0,0,0,0,0,0,0,0,0,0,0,0,0,0,0,0,0,0,0.501504514,0,0.802407222,0,0,0,0,0,0.200601805,0,0.200601805,0,0,0,0,0,6.018054162,0,0,0,0,0,0,0,0,5.315947844,0,0,0,0,0,0,0.501504514,0,0,0,0,0,0.100300903,0,0,0,0,0,0.501504514,0,0,0,0,0,0,0,0,0,0,0,0,0,0,0,0.100300903,0,0,3.410230692,0,0,0,0,0,0,0,0,0,0,0,0.100300903,0,0,0,1.003009027,100
U5344,J07-PI-9,J07,Pink,2016-06-03,2016,02-Jun,0,0,0,0,0,0,0,0,0,0,0,0,0,0,0,0,0,0,0,0,0,0,0,16.32047478,0,4.451038576,0,2.077151335,0,0,0,0,0,11.27596439,0,0,0,0,0,0,0,0,0,0,0,0,3.857566766,1.18694362,0,0,0,0,0,0,0,0,0,0,0,0,1.483679525,0,0,0,0,0,8.011869436,0,0,0,0,0,0,0,0,0,0,0,0,0,0,0,0,0,0,0,0,0.890207715,0,0,0,0,0,0,0,0,0,0,0.296735905,0,0,0,0,0,0,0,0,0,0,0.296735905,0,0,0,45.99406528,0,0,0,0,0,0,0,0,0,0,0,0.296735905,0,0,0,3.560830861,100
U5345,J07-PI-8,J07,Pink,2016-06-03,2016,02-Jun,0,0,0,0,0,15.54252199,0,0,0,0,0,0,0,0,0,0,0,0,0.439882698,0,2.639296188,0,0,17.15542522,0,0,36.51026393,5.718475073,0,0,0,0,0,1.759530792,3.372434018,0,0,0,0,0,0,0,0,0.146627566,0,0,0,0.146627566,0,0,0,0,0,0,0,0,0,0,0.146627566,0,0.146627566,0,0,0,0,0,0,0,0,0,0.146627566,0.146627566,0,0,0,0,0,0.146627566,0,0,0,0,1.319648094,0,0,0,0,0,0,0,0,0,0,0,1.906158358,0,0,0,0,0,0,0,0,0,0,0,0,0,0,0.146627566,0.146627566,0,0,11.87683284,0,0,0.146627566,0,0,0,0,0.146627566,0,0,0,0,0,0,0,0.146627566,100
U5346,J07-PI-10,J07,Pink,2016-06-03,2016,02-Jun,0,0,0,0,0,0,0,0,0,0,0,0,0,0,0,0.333333333,0,0,0,0,0,0,0,0,0,0,10,0,0,0,0,0,0,2.666666667,0,0,0,0,0,0,0,0,0,0,6.333333333,0,0,0,0,0,1.333333333,0,0,0,0,0,0,0,0.333333333,0,3,0,0,0,0,0,14.33333333,0,0,0,0,0.333333333,0,0,0,0,0,0.333333333,0,0,0,0,0.666666667,0,0,0.333333333,0,0,0,0,0,0,2.333333333,0,0,0,0,0,0,0,0,0,0,0,0,0,0,0,0,0,0.333333333,0,0,55.33333333,0,0,0,0,0.333333333,0,0,0,0,0,0,0,0,0,0,1.666666667,100
U5132,D07-CU-2,D07,Chum,2016-06-16,2016,16-Jun,0,0,0,0,0,0,0,0,0,0,0,0,0,0,0,0,0.299401198,0,0,0,0,0,0,0.299401198,0,0,0,0,0,0,0,0,0,0,0,0,0,0,0,0,0,0,0,0,0,0,0,0,0,0.299401198,0,0,0,0,0,0,0,0,0,0,0,0.299401198,0,0,0,0,0,0,0,0,0,0,0,0,0,0,0,0,0,0,0,0,0,0,0,0,0,0,0,0,0,0,98.50299401,0,0,0,0,0,0,0,0,0,0,0,0,0,0,0,0,0,0,0,0,0,0,0,0,0,0,0,0,0,0,0.299401198,0,0,0,0,0,0,100
U5133,D07-CU-9,D07,Chum,2016-06-16,2016,16-Jun,0,0,0,0,0,0,0,0,0,0,0,0,0,0,0,0,0,0,0,0,0,0,0,0,0,0,0,0,0,0,0,0,0,0,0,0,0,0,0,0,0,0,0,3.03030303,0,0,0,3.03030303,0,0,0,0,0,0,0,0,0,0,0,0,0,0,0,0,0,0,0,0,0,0,0,0,0,0,0,0,0,0,0,0,0,0,0,0,0,0,0,0,0,0,0,0,90.90909091,0,0,0,0,0,0,0,0,0,0,0,0,0,0,0,0,0,0,0,0,0,0,0,3.03030303,0,0,0,0,0,0,0,0,0,0,0,0,0,100
U5134,D07-CU-4,D07,Chum,2016-06-16,2016,16-Jun,0,0,0,0,0,0,0,0,0,0,0,0,0,0,0,0,0,0,0,0,0,0,0,0,0,0,0,0,0,0,0,0,0,0,0,0,0,0.330033003,0,0,0,0,0,0,0,0,0,0,0,0,0,0,0,0,0,0,0,0,0,0,0,0,0,0,0,0,0,0,0,0,0,0,0,0,0,0,0,0,0,0,0,0,0,0,0,0,0,0,0,0,0,0,99.669967,0,0,0,0,0,0,0,0,0,0,0,0,0,0,0,0,0,0,0,0,0,0,0,0,0,0,0,0,0,0,0,0,0,0,0,0,0,100
U5135,D07-CU-1,D07,Chum,2016-06-16,2016,16-Jun,0,0,0,0,0,0,0,0,0,0,0,0,0,0,0,0,0,0,0,0,0,0,0,0,0,0,0,0,0,0,0,0,0,0,0,0,0,0.272479564,0,0,0,0,0,0,0,0,0,0.272479564,0,0,0,0,0,0,0,0,0,0,0,0,0,0,0,0,0,0,0,0,0,0,0,0,0,0,0,0,0,0,0,0,0,0,0,0,0,0,0,0,0,0,0,0,99.18256131,0,0,0,0,0,0,0,0,0,0,0,0,0,0,0,0,0,0,0,0,0,0,0,0.272479564,0,0,0,0,0,0,0,0,0,0,0,0,0,100
U5136,D07-CU-10,D07,Chum,2016-06-16,2016,16-Jun,0,0,0,0,0,0,0,0,0.255754476,0,0,0,0,0,0,0,0,0,0,0,0,0,0,0,0,3.324808184,1.534526854,0,0,0,0,0,0,0,36.57289003,0,0,0.255754476,0,15.60102302,0,0,0,0,0,0,0,0.511508951,0.255754476,0,0,0,0,0,0,0,0,0,0,0,0,0.255754476,0,0,0,0,0,0,0,0,0,0,0,0,0,0,0,0,0,0,0,0,0,0,0,0,0,0,0,0,0,0,41.43222506,0,0,0,0,0,0,0,0,0,0,0,0,0,0,0,0,0,0,0,0,0,0,0,0,0,0,0,0,0,0,0,0,0,0,0,0,0,100
U5137,D07-CU-7,D07,Chum,2016-06-16,2016,16-Jun,0,0,0,0,0,0,0,0,0,0,0,0,0,0,0,0,0.226244344,0,0,0,0,0,0,0,0,0,0,0,0,0,0,0,0,0,0,0,0,0,0,0,0,0,0,0,0,0,0,0.226244344,0,0,0,0,0,0,0,0,0,0,0,0,0,0,0,0,0,0,0,0,0,0,0,0,0,0,0,0,0,0,0,0,0,0,0,0,0,0,0,0,0,0,0,0,99.09502262,0,0,0,0,0,0,0.226244344,0,0,0,0,0,0,0,0,0,0,0,0,0,0,0,0,0.226244344,0,0,0,0,0,0,0,0,0,0,0,0,0,100
U5138,D07-CU-8,D07,Chum,2016-06-16,2016,16-Jun,0,0,0,0,0,0,0,0,0,0,0,0,0,0,0,0,0,0,0,0,0,0,0,0,0,0,0,0,0,0,0,0,0,0,0,0,0,5.555555556,0,0,0,0,0,0,0,0,0,0,0,0,0,0,0,0,0,0,0,0,0,0,0,0,0,0,0,0,0,0,0,0,0,0,0,0,0,0,0,0,0,0,0,0,0,0,0,0,0,0,0,0,0,0,94.44444444,0,0,0,0,0,0,0,0,0,0,0,0,0,0,0,0,0,0,0,0,0,0,0,0,0,0,0,0,0,0,0,0,0,0,0,0,0,100
U5139,D07-CU-3,D07,Chum,2016-06-16,2016,16-Jun,0,0,0,0,0,0,0,0,0,0,0,0,0,0,0,0,0.223214286,0,0,0,0.223214286,0,0,0.223214286,0,0,0,0,0,0,0,0,0,0,0,0,0,0.223214286,0,0,0,0,0,0,0,0,0,0,0,0,0,0,0,0,0,0,0,0,0,0,0,0.223214286,0,0,0,0,0,0,0,0,0,0,0,0,0,0,0,0,0,0,0,0,0,0,0,0,0,0,0,0,0,0,98.88392857,0,0,0,0,0,0,0,0,0,0,0,0,0,0,0,0,0,0,0,0,0,0,0,0,0,0,0,0,0,0,0,0,0,0,0,0,0,100
U5140,D07-CU-5,D07,Chum,2016-06-16,2016,16-Jun,0,0,0,0,0,0,0,0,0,0,0,0,0,0,0,0,0.256410256,0,0,0,0,0,0,11.28205128,0,0,5.897435897,3.333333333,0,0,0,0,0,0,0,0,0,0,0,0,0,0,0,0,0,0,0,0,0,0,0,0,0,0,0,0,0,0,0,0,0,0,0,0,0,0,0,0,0,0,0,0,0,0,0,0,0,0,0,0,0,0,0,0,0,0,0,0,0,0,0,0,78.46153846,0,0,0,0,0,0,0,0,0,0,0,0.769230769,0,0,0,0,0,0,0,0,0,0,0,0,0,0,0,0,0,0,0,0,0,0,0,0,0,100
U5314,D07-PI-10,D07,Pink,2016-06-16,2016,16-Jun,0,0,0,0,0,0,0,0,3.03030303,0,0,0,0,0,0,0,3.03030303,12.12121212,0,0,3.03030303,0,0,3.03030303,0,0,0,0,0,0,0,0,0,3.03030303,0,0,0,0,0,0,0,0,0,3.03030303,0,0,0,9.090909091,0,0,0,0,0,0,0,0,0,0,0,0,0,3.03030303,0,0,0,0,0,0,0,0,0,0,0,0,0,0,0,0,0,0,0,0,0,0,0,0,0,0,0,0,0,0,36.36363636,0,0,0,0,0,0,0,0,0,0,0,0,0,0,0,0,0,0,0,0,0,0,0,18.18181818,0,0,0,0,0,0,3.03030303,0,0,0,0,0,0,100
U5315,D07-PI-8,D07,Pink,2016-06-16,2016,16-Jun,0,0,0,0,0,0,0,0,0,0,0.806451613,0,0,0,0,0,0.806451613,0,0,0,19.35483871,0,0,33.06451613,0,0,8.870967742,13.70967742,0,0,0,0,0,0,0,0,0,0,0,0,0,0,0,0.806451613,5.64516129,0,0,0.806451613,0,0,0,0,0,0,0,0,0,0,0,0,0,0,0,0,0,0,0.806451613,0,0,0,0,0,0,0,0,0.806451613,0,0,0,0,0,0,0,0,0,0,0,0,0,0,0.806451613,0,12.90322581,0,0,0,0,0,0,0,0,0,0,0,0,0,0,0,0,0,0,0,0,0,0,0,0,0,0,0,0,0,0,0.806451613,0,0,0,0,0,0,100
U5316,D07-PI-1,D07,Pink,2016-06-16,2016,16-Jun,0,0,0,0,0,0,0,0,0,0,0,0,0,0,0,0,2.06185567,2.06185567,0,0,13.40206186,0,0,1.030927835,0,0,0,0,0,0,0,0,0,1.030927835,0,0,0,1.030927835,0,0,0,0,0,0,23.71134021,0,0,18.55670103,0,0,0,0,0,0,0,0,0,0,0,0,0,0,0,0,0,0,0,0,0,0,0,0,0,0,0,0,0,0,0,1.030927835,0,1.030927835,0,0,0,0,0,0,0,0,0,0,9.278350515,0,0,0,0,0,1.030927835,0,0,0,0,0,0,0,0,1.030927835,0,0,0,0,0,0,0,0,23.71134021,0,0,0,0,0,0,0,0,0,0,0,0,0,100
U5317,D07-PI-9,D07,Pink,2016-06-16,2016,16-Jun,0,0,0,0,0,0,0,0,0,0,0,0,0,0,0,0,0,0,0,0,30,0,0,10,0,50,0,0,0,0,0,0,0,0,0,0,0,0,0,0,0,0,0,0,0,0,0,0,0,0,0,0,0,0,0,0,0,0,0,0,0,0,0,0,0,0,0,0,0,0,0,0,0,0,0,0,0,0,0,0,0,0,0,0,0,0,0,0,0,0,0,0,10,0,0,0,0,0,0,0,0,0,0,0,0,0,0,0,0,0,0,0,0,0,0,0,0,0,0,0,0,0,0,0,0,0,0,0,0,0,100
U5318,D07-PI-3,D07,Pink,2016-06-16,2016,16-Jun,0,0,0,0,0,0,0,0,0,0,0,0,0,0.666666667,0,0,1.333333333,2,0,0,28.66666667,0,0,0,0,0,0,0,0,0,0,0,0,0,0,0,0,0.666666667,0,0,0,0,0,0,22,0,0,10,0.666666667,0.666666667,0,0,0,0,0,0,0,0,0,0,0,0,0,0,0,0,0,0,0,0,0.666666667,0,0,0,0,0,0,0,0,0,0,0.666666667,0,0,0,0,0,0,0,0,0,0,16,0,0,0,0,0,0.666666667,0,0,0.666666667,0,0,0,0,0,0,0,0,0,0,0,0,0,0,14.66666667,0,0,0,0,0,0,0,0,0,0,0,0,0,100
U5319,D07-PI-6,D07,Pink,2016-06-16,2016,16-Jun,0,0,0,0,0,0,0,0,0,0,0,0,0,0,0,0,0,0,0,0,8.163265306,0,0,0,0,0,0,0,0,0,0,0,0,0,0,0,0,0,0,0,8.163265306,0,0,0,0,0,0,0,0,0,0,0,0,0,0,0,0,0,0,0,0,0,0,0,0,0,0,0,0,0,0,0,0,0,0,0,0,0,0,0,0,0,0,0,0,0,0,0,0,0,0,0,0,0,0,0,0,0,0,0,0,0,0,0,0,0,0,0,0,0,0,0,0,0,0,0,0,0,0,0,0,83.67346939,0,0,0,0,0,0,0,0,100
U5320,D07-PI-5,D07,Pink,2016-06-16,2016,16-Jun,0,0,0,0,0,0,0,0,0,0,0,0,0,0,0,0,0.552486188,0,0,0,27.0718232,0,0,6.077348066,0,0,4.972375691,3.314917127,0,0,0,0,0,0,0,0,0,0.552486188,0,0,0,0,0,0,27.0718232,0,0,1.104972376,0,0,0,0,0,0,0,0,0,0,0,0,0,0,0,0,0,0,0,4.419889503,0,0,0,0,0,0,0,0,0,0,0,0,0,8.287292818,0,0,0,0,0,0,0,0,2.762430939,0,9.392265193,0,0,0,0,0,0.552486188,0.552486188,0,0,0,0,0,0,0,0,0,0,0,0,0,0,0,0,3.314917127,0,0,0,0,0,0,0,0,0,0,0,0,0,100
U5321,D07-PI-7,D07,Pink,2016-06-16,2016,16-Jun,0,0,0,0,0,0,0,0,0,0,0,0,0,0.346020761,0,0,0.692041522,0.346020761,0,3.806228374,24.22145329,0,0,0.346020761,0,0,0,0,0,0,0,0,0,1.038062284,0,0,0,0.346020761,0,0,0,0,0,0,35.64013841,0,0,1.730103806,0,0.346020761,2.422145329,0,0,0,0,0,0,0,0,0,0,0,0,0,0,0,0.346020761,0,0,0,0,0.346020761,0,0,0,0.346020761,0,0,0,0,0,0.346020761,0,0,0,0,0,0,0,0,0,0,24.56747405,0,0,0,0,0,0.346020761,0.346020761,0,0,0.346020761,0,0,0,0,0,0.346020761,0.346020761,0,0,0,0,0,0,1.038062284,0,0,0,0,0,0,0,0,0,0,0,0,0,100
U5500,D07-CU-6,D07,Chum,2016-06-16,2016,16-Jun,0,0,0,0,0,0,0,0,0,0,0,0,0,0,0,0,0,0,0,0,0.18018018,0,0,0,0,0,0,0,0,0,0,0,0,0,0,0,0,0.18018018,0,0,0,0,0,0,0,0,0,0.18018018,0,0,0,0,0,0,0,0,0,0,0,0,0,0,0,0,0,0,0,0,0,0,0,0,0,0,0,0,0,0,0,0,0,0,0,0,0,0,0,0,0,0,0,0,99.0990991,0,0,0,0,0,0,0.18018018,0,0,0,0,0,0,0,0,0,0,0,0,0,0,0,0,0.18018018,0,0,0,0,0,0,0,0,0,0,0,0,0,100
U5189,J07-CU-8,J07,Chum,2016-06-20,2016,23-Jun,0,0,0,0,0,0,0,0,0,0,0,0,0,0,0,0,0,0,0,0,0,0,0,0,0,0,66.12903226,14.51612903,0,0,0,0,0,0,0,0,0,0,0,19.35483871,0,0,0,0,0,0,0,0,0,0,0,0,0,0,0,0,0,0,0,0,0,0,0,0,0,0,0,0,0,0,0,0,0,0,0,0,0,0,0,0,0,0,0,0,0,0,0,0,0,0,0,0,0,0,0,0,0,0,0,0,0,0,0,0,0,0,0,0,0,0,0,0,0,0,0,0,0,0,0,0,0,0,0,0,0,0,0,0,0,0,100
U5190,J07-CU-9,J07,Chum,2016-06-20,2016,23-Jun,0,0,0,0,0,0.19047619,0,0,0,0,0,0,0,0,0,0,0,0,0,0,0,0,0,0,0,0,16.19047619,0,0,0,0,0,0,0,0,0,0,0,0,83.61904762,0,0,0,0,0,0,0,0,0,0,0,0,0,0,0,0,0,0,0,0,0,0,0,0,0,0,0,0,0,0,0,0,0,0,0,0,0,0,0,0,0,0,0,0,0,0,0,0,0,0,0,0,0,0,0,0,0,0,0,0,0,0,0,0,0,0,0,0,0,0,0,0,0,0,0,0,0,0,0,0,0,0,0,0,0,0,0,0,0,0,100
U5191,J07-CU-3,J07,Chum,2016-06-20,2016,23-Jun,0,0,0,0,0,0,0,0,0,0,0,0,0,0,0,0,0,0,0,0,0,0,0,0,0,0,31.94444444,9.722222222,0,0,0,0,0,0,0,0,0,0,0,52.08333333,0,0,0,0,0,0,0,0,0,0,0,0,0,6.25,0,0,0,0,0,0,0,0,0,0,0,0,0,0,0,0,0,0,0,0,0,0,0,0,0,0,0,0,0,0,0,0,0,0,0,0,0,0,0,0,0,0,0,0,0,0,0,0,0,0,0,0,0,0,0,0,0,0,0,0,0,0,0,0,0,0,0,0,0,0,0,0,0,0,0,0,100
U5192,J07-CU-10,J07,Chum,2016-06-20,2016,23-Jun,0,0,0,0,0,0.416666667,0,0,0,0,0,0,0,0,0,0,0,0,0,0,0,0,0,0,0,0,7.916666667,2.5,0,0,0,0,0,0,0,0,0,0,0,88.75,0,0,0,0,0,0,0,0,0,0,0,0,0,0,0,0,0,0,0,0,0,0,0,0,0,0,0,0,0,0,0,0,0,0,0,0,0,0,0,0,0,0,0,0,0,0,0,0,0,0,0,0,0.416666667,0,0,0,0,0,0,0,0,0,0,0,0,0,0,0,0,0,0,0,0,0,0,0,0,0,0,0,0,0,0,0,0,0,0,0,0,0,100
U5193,J07-CU-4,J07,Chum,2016-06-20,2016,23-Jun,0,0,0,0,0,0,0,0,0,0,0,0,0,0,0,0,0,0,0,0,0,0,0,0,0,0,8.505747126,0,0,0,0,0,0,0,0,0,0,0,0,91.49425287,0,0,0,0,0,0,0,0,0,0,0,0,0,0,0,0,0,0,0,0,0,0,0,0,0,0,0,0,0,0,0,0,0,0,0,0,0,0,0,0,0,0,0,0,0,0,0,0,0,0,0,0,0,0,0,0,0,0,0,0,0,0,0,0,0,0,0,0,0,0,0,0,0,0,0,0,0,0,0,0,0,0,0,0,0,0,0,0,0,0,100
U5232,J07-CU-5,J07,Chum,2016-06-20,2016,23-Jun,0,0,0,0,0,0,0,0,0,0,0,0,0,0,0,0,0,0,0,0,0,0,0,0,0,0,13.12056738,0,0,0,0,0,0,0,0,0,0,0,0,86.87943262,0,0,0,0,0,0,0,0,0,0,0,0,0,0,0,0,0,0,0,0,0,0,0,0,0,0,0,0,0,0,0,0,0,0,0,0,0,0,0,0,0,0,0,0,0,0,0,0,0,0,0,0,0,0,0,0,0,0,0,0,0,0,0,0,0,0,0,0,0,0,0,0,0,0,0,0,0,0,0,0,0,0,0,0,0,0,0,0,0,0,100
U5233,J07-CU-2,J07,Chum,2016-06-20,2016,23-Jun,0,0,0,0,0,1.688555347,0,0,0,0,0,0,0,0,0,0,0,0,0,0,0,0,0,0,0,0,32.27016886,0.187617261,0,0,0,0,0,0,0,0,0,0,0,65.47842402,0,0,0,0,0,0,0,0,0,0,0,0,0,0,0,0,0,0,0,0,0,0,0,0,0,0,0,0,0,0,0,0,0,0,0,0,0,0,0,0,0,0,0,0,0,0,0,0,0,0,0,0,0,0,0,0,0,0,0,0,0,0,0,0,0,0,0,0,0,0,0,0,0,0.375234522,0,0,0,0,0,0,0,0,0,0,0,0,0,0,0,0,100
U5234,J07-CU-1,J07,Chum,2016-06-20,2016,23-Jun,0,0,0,0,0,0,0,0,0,0,0,0,0,0,0,0,0,0,0,0,0,0,0,0,0,0,0,0,0,0,0,0,0,0,0,0,0,0,0,100,0,0,0,0,0,0,0,0,0,0,0,0,0,0,0,0,0,0,0,0,0,0,0,0,0,0,0,0,0,0,0,0,0,0,0,0,0,0,0,0,0,0,0,0,0,0,0,0,0,0,0,0,0,0,0,0,0,0,0,0,0,0,0,0,0,0,0,0,0,0,0,0,0,0,0,0,0,0,0,0,0,0,0,0,0,0,0,0,0,0,100
U5235,J07-CU-7,J07,Chum,2016-06-20,2016,23-Jun,0,0,0,0,0,0,0,0,0,0,0,0,0,0,0,0,0,0,0,0,0,0,0,0,0,0,79.31034483,15.51724138,0,0,0,0,0,0,0,0,0,0,0,5.172413793,0,0,0,0,0,0,0,0,0,0,0,0,0,0,0,0,0,0,0,0,0,0,0,0,0,0,0,0,0,0,0,0,0,0,0,0,0,0,0,0,0,0,0,0,0,0,0,0,0,0,0,0,0,0,0,0,0,0,0,0,0,0,0,0,0,0,0,0,0,0,0,0,0,0,0,0,0,0,0,0,0,0,0,0,0,0,0,0,0,0,100
U5236,J07-CU-6,J07,Chum,2016-06-20,2016,23-Jun,0,0,0,0,0,0,0,0,0,0,0,0,0,0,0,0,0,0,0,0,0,0,0,0,0,0,9.134615385,0,0,0,0,0,0,0,0,0,0,0,0,90.86538462,0,0,0,0,0,0,0,0,0,0,0,0,0,0,0,0,0,0,0,0,0,0,0,0,0,0,0,0,0,0,0,0,0,0,0,0,0,0,0,0,0,0,0,0,0,0,0,0,0,0,0,0,0,0,0,0,0,0,0,0,0,0,0,0,0,0,0,0,0,0,0,0,0,0,0,0,0,0,0,0,0,0,0,0,0,0,0,0,0,0,100
U5395,J07-PI-4,J07,Pink,2016-06-20,2016,23-Jun,0,0,0,0,0,4.666666667,0,0,0,0,0,0,0,0,0,0,0,0,0,0,0,0,0,0,0,0,78.66666667,16.66666667,0,0,0,0,0,0,0,0,0,0,0,0,0,0,0,0,0,0,0,0,0,0,0,0,0,0,0,0,0,0,0,0,0,0,0,0,0,0,0,0,0,0,0,0,0,0,0,0,0,0,0,0,0,0,0,0,0,0,0,0,0,0,0,0,0,0,0,0,0,0,0,0,0,0,0,0,0,0,0,0,0,0,0,0,0,0,0,0,0,0,0,0,0,0,0,0,0,0,0,0,0,0,100
U5396,J07-PI-3,J07,Pink,2016-06-20,2016,23-Jun,0,0,0,0,0,0,0,0,0,0,0,0,0,0,0,0,0,0,0,0,0,0,0,0,0,0,79.22077922,20.77922078,0,0,0,0,0,0,0,0,0,0,0,0,0,0,0,0,0,0,0,0,0,0,0,0,0,0,0,0,0,0,0,0,0,0,0,0,0,0,0,0,0,0,0,0,0,0,0,0,0,0,0,0,0,0,0,0,0,0,0,0,0,0,0,0,0,0,0,0,0,0,0,0,0,0,0,0,0,0,0,0,0,0,0,0,0,0,0,0,0,0,0,0,0,0,0,0,0,0,0,0,0,0,100
U5398,J07-PI-1,J07,Pink,2016-06-20,2016,23-Jun,0,0,0,0,0,8.965517241,0,0,0,0,0,0,0,0,0,0,0,0,0,0,0,0,0,22.06896552,0,0,67.5862069,0,0,0,0,0,0,0,0,0,0,0,0,0,0,0,0,0,0,0,0,0,0,0,0,0,0,0,0,0,0,0,0,0,0,0,0,0,0,0,0,0,0,0,0,0.689655172,0,0,0,0,0,0,0,0,0,0,0,0,0,0,0,0,0,0,0,0,0,0,0,0,0,0,0,0,0,0,0,0,0,0,0,0,0,0,0,0,0,0.689655172,0,0,0,0,0,0,0,0,0,0,0,0,0,0,0,0,100
U5399,J07-PI-6,J07,Pink,2016-06-20,2016,23-Jun,0,0,0,0,0,0,0,0,0,0,0,0,0,0,0,0,0,0,0,0,0,0,0,1.986754967,0,0,77.48344371,16.55629139,0,0,0,0,0,0,0,0,0,0,0,0,0,0,0,0,0,0,0,0,0,0,0,0,0,0,0,0,0,0,0,0,0,0,0,0,0,0,0,0,0,0,0,0,0,0,0,0,0,0,0,0,0,0,0,3.973509934,0,0,0,0,0,0,0,0,0,0,0,0,0,0,0,0,0,0,0,0,0,0,0,0,0,0,0,0,0,0,0,0,0,0,0,0,0,0,0,0,0,0,0,0,0,0,100
U5400,J07-PI-2,J07,Pink,2016-06-20,2016,23-Jun,0,0,0,0,0,0,0,0,0,0,0,0,0,0,0,0,0,0,0,0,0,0,0,0,0,0,0,0,0,0,0,0,0,0,0,0,0,0,0,0,0,0,0,0,0,0,0,0,0,0,0,0,0,0,0,0,0,0,0,0,0,0,0,0,0,0,0,0,0,0,0,0,0,0,0,100,0,0,0,0,0,0,0,0,0,0,0,0,0,0,0,0,0,0,0,0,0,0,0,0,0,0,0,0,0,0,0,0,0,0,0,0,0,0,0,0,0,0,0,0,0,0,0,0,0,0,0,0,0,0,100
U5401,J07-PI-9,J07,Pink,2016-06-20,2016,23-Jun,0,0,0,0,0,0,0,0,0,0,0,0,0,0,0,0,0,0,0,0,0,0,0,0,0,70.76923077,18.46153846,9.230769231,0,0,0,0,0,0,0,0,0,0,0,0,0,0,0,0,0,0,0,0,0,0,0,0,0,0,0,0,0,0,0,0,0,0,0,0,0,0,1.538461538,0,0,0,0,0,0,0,0,0,0,0,0,0,0,0,0,0,0,0,0,0,0,0,0,0,0,0,0,0,0,0,0,0,0,0,0,0,0,0,0,0,0,0,0,0,0,0,0,0,0,0,0,0,0,0,0,0,0,0,0,0,0,0,100
U5403,J07-PI-7,J07,Pink,2016-06-20,2016,23-Jun,0,0,0,0,0,0,0,0,0,0,0,0,0,0,0,0,0,0,0,0,0,0,0,31.56498674,0,0,46.94960212,13.26259947,0,0,0,0,0,0,0,0,0,0,0,0,0,0,0,0,0,0,1.591511936,0,0,0,6.366047745,0,0,0,0,0,0,0,0,0,0,0,0,0,0,0,0,0,0,0,0,0,0,0,0,0,0,0,0,0,0,0,0,0,0,0,0,0,0,0,0,0,0,0,0,0,0,0,0,0,0,0,0,0,0,0,0,0,0,0,0.265251989,0,0,0,0,0,0,0,0,0,0,0,0,0,0,0,0,0,0,0,100
U5404,J07-PI-8,J07,Pink,2016-06-20,2016,23-Jun,0,0,0,0,0,100,0,0,0,0,0,0,0,0,0,0,0,0,0,0,0,0,0,0,0,0,0,0,0,0,0,0,0,0,0,0,0,0,0,0,0,0,0,0,0,0,0,0,0,0,0,0,0,0,0,0,0,0,0,0,0,0,0,0,0,0,0,0,0,0,0,0,0,0,0,0,0,0,0,0,0,0,0,0,0,0,0,0,0,0,0,0,0,0,0,0,0,0,0,0,0,0,0,0,0,0,0,0,0,0,0,0,0,0,0,0,0,0,0,0,0,0,0,0,0,0,0,0,0,0,100
U5171,J07-CU-3,J07,Chum,2016-07-05,2016,06-Jul,0,0,0,0,0,0.452674897,0,0,0,0,0,0,0,0,0,0,0,0,0,0,0,0,0,6.33744856,0,0,20.74074074,9.012345679,0,0,0,0,0,0,62.05761317,0,0.082304527,0,0,0,0,0,0,0,0,0,0,0,0,0,0.576131687,0,0,0,0,0,0,0,0,0,0.041152263,0,0,0,0,0,0,0,0,0,0.329218107,0.041152263,0,0,0,0,0,0,0,0,0,0,0.164609053,0,0,0,0,0,0,0,0,0.041152263,0,0,0,0,0,0,0,0.041152263,0,0,0,0,0,0,0,0,0,0,0,0,0,0.041152263,0,0,0,0,0.041152263,0,0,0,0,0,0,0,0,0,0,0,100
U5172,J07-CU-2,J07,Chum,2016-07-05,2016,06-Jul,0,0,0,0,0,0.047415837,0,0,0,0,0,0,0,0,0,0,0,0,0,0,0,0,0,0,0,0,0,0.568990043,0,0,0,0,0,0,96.34898056,0,0,0,0,0,0,0,0,0,0,0,0,0,0,0,0,0,0,0,0,0.142247511,0,0,0,0,0,0,0,0,0,0,0,0,0,0,0,0,0,0,0,0,0,0,0,0,0,0,0.284495021,0,0,0,0,0,0,0,0,0.047415837,1.137980085,0,0,0,0,0,0.047415837,0,0,0,0,0,0,0.568990043,0,0,0,0,0,0,0,0.806069227,0,0,0,0,0,0,0,0,0,0,0,0,0,0,0,0,100
U5173,J07-CU-8,J07,Chum,2016-07-05,2016,06-Jul,0,0,0,0,0,0.138408304,0,0,0,0,0,0,0,0,0,0,0,0,0,0,0,0,0,0.276816609,0,0,2.76816609,1.660899654,0,0,0,0,0,0,92.07612457,0,0,0,0,0,0,0,0,0,0,0,0,0,0,0,0,0,0,0,0,0,0,0,0,0,0,0,0,0,0,0,0,0,0,0,0.795847751,0.034602076,0,0,0,0,0,0,0,0,0,0,0,0,0,0,0,0,0,1.972318339,0,0.034602076,0,0,0,0,0,0,0,0,0,0,0,0,0,0,0,0,0,0,0,0,0,0.242214533,0,0,0,0,0,0,0,0,0,0,0,0,0,0,0,0,100
U5174,J07-CU-7,J07,Chum,2016-07-05,2016,06-Jul,0.028081999,0,0,0,0,0.112327998,0,0,0,0,0,0,0,0,0,0,0,0,0,0.252737995,0,0,0,0.814377984,0,0,0.842459983,1.460263971,0,0,0,0,0,0,94.8890761,0,0,0,0,0,0,0,0,0,0,0,0,0.028081999,0,0,0,0,0,0.898623982,0,0,0,0,0,0,0,0,0,0,0,0,0,0,0,0,0.140409997,0,0,0,0,0,0,0,0,0,0,0,0.084245998,0,0,0,0,0,0,0,0,0,0,0,0,0,0,0,0,0.028081999,0,0,0,0,0,0,0,0,0,0,0,0,0,0.421229992,0,0,0,0,0,0,0,0,0,0,0,0,0,0,0,0,100
U5175,J07-CU-5,J07,Chum,2016-07-05,2016,06-Jul,0,0,0,0,0,0,0,0,0,0,0,0,0,0,0,0,0,0,0,0,0,0,0,0.144857557,0,0,0,0,0,0,0,0,0,0,99.03428296,0,0,0,0,0,0,0,0,0,0,0,0,0.048285852,0,0,0,0,0,0,0,0,0,0,0,0,0,0,0,0,0,0,0,0,0,0,0.531144375,0,0,0,0,0,0,0,0,0,0,0,0,0,0,0,0,0,0,0,0,0,0,0,0,0,0,0,0,0,0,0,0,0,0,0,0,0,0,0,0,0,0,0,0,0,0,0,0,0,0,0,0,0,0.241429261,0,0,0,0,0,100
U5176,J07-CU-4,J07,Chum,2016-07-05,2016,06-Jul,0,0,0,0,0,0,0,0,0,0,0,0,0,0,0,0,0,0,0,0,0.02604845,0,0,0.156290701,0,0,1.458713207,0.130242251,0,0,0,0,0,0,97.83797864,0,0,0,0,0,0,0,0,0,0,0,0,0.02604845,0,0,0,0,0,0,0,0,0,0,0,0,0,0,0,0,0,0,0,0,0,0,0.0520969,0.02604845,0,0,0,0,0,0,0,0,0,0,0,0,0,0,0,0,0,0,0,0,0,0,0,0,0,0,0,0,0,0,0,0,0,0,0,0,0,0,0,0,0,0.208387601,0,0,0,0,0,0,0,0,0,0,0.07814535,0,0,0,0,0,100
U5177,J07-CU-9,J07,Chum,2016-07-05,2016,06-Jul,0,0,0,0,0,0,0,0,0,0,0,0,0,0,0,0,0,0,0,0,0,0,0,0.129982669,0,0.389948007,0.389948007,0,0,0,0,0,0,0,98.39688042,0,0,0,0,0,0,0,0,0,0,0,0,0,0,0,0,0,0,0,0,0,0,0,0,0,0,0,0,0,0,0,0.043327556,0,0,0,0,0,0,0,0,0,0,0,0,0,0,0,0.519930676,0,0,0,0,0,0,0,0,0,0,0,0,0,0,0,0,0,0,0,0,0,0,0,0,0,0,0,0,0,0,0.086655113,0,0,0,0,0,0,0,0,0,0,0.043327556,0,0,0,0,0,100
U5178,J07-CU-10,J07,Chum,2016-07-05,2016,06-Jul,0,0,0,0,0,0,0,0,0,0,0,0,0,0,0,0,0,0,0,0,0.052938062,0,0,0.21175225,0,0,0,0,0,0,0,0,0,0,98.99417681,0,0,0,0,0,0,0,0,0,0,0,0,0,0,0,0,0,0,0,0,0,0,0,0,0,0.105876125,0,0,0,0,0,0,0,0,0,0,0,0,0,0,0,0,0,0,0,0,0,0,0,0,0,0,0,0,0,0.105876125,0,0,0,0,0,0,0,0,0,0,0,0,0,0,0,0,0,0,0,0,0,0,0.264690312,0,0,0,0.264690312,0,0,0,0,0,0,0,0,0,0,0,0,100
U5194,J07-CU-1,J07,Chum,2016-07-05,2016,06-Jul,0,0,0.026089225,0,0,0,0,0,0,0,0,0,0,0,0,0,0,0,0,0,0,0,0,0.365249152,0,0,0,0.182624576,0,0,0,0,0,0,97.96504044,0,0,0,0,0,0,0,0,0,0,0,0,0,0,0,0,0,0.339159927,0,0,0,0,0,0,0,0,0,0,0,0,0,0,0,0,0,0,0,0,0,0,0,0,0,0,0,0,0,0,0.104356901,0,0,0,0,0,0,0,0,0,0,0,0,0,0,0,0.026089225,0,0,0,0,0,0,0,0,0,0,0,0,0,0.495695278,0,0,0,0,0.05217845,0,0,0,0,0,0.443516828,0,0,0,0,0,100
U5195,J07-CU-6,J07,Chum,2016-07-05,2016,06-Jul,0,0,0.023781213,0,0,0,0,0,0,0,0,0,0,0,0,0,0,0,0,0,0,0,0,0.214030916,0,1.117717004,0.618311534,0,0,0,0,0,0,0.023781213,97.33650416,0,0,0,0,0,0,0,0,0,0,0,0,0,0,0,0,0,0.475624257,0,0,0,0,0,0,0,0,0,0,0,0,0,0,0,0,0,0,0.047562426,0,0,0,0,0,0,0,0,0,0,0,0,0,0,0,0,0,0,0,0,0,0,0,0,0,0,0,0,0,0,0,0,0,0,0,0,0,0,0,0,0,0.142687277,0,0,0,0,0,0,0,0,0,0,0,0,0,0,0,0,100
U5297,J07-PI-10,J07,Pink,2016-07-05,2016,06-Jul,0,0,0,0,0,0.67114094,0,0,0,0.167785235,0,0,0,0,0,0,0,0,0,0,1.342281879,0,0,29.53020134,0,0,47.65100671,7.214765101,0,0,0,0,0,0,0,0,0,0,0,0,0,0,0,0.167785235,0,0,0,0,0,0,5.201342282,0,0,0,0,0,0,0,0,0,0.167785235,0,0,0,0,0,0,0,0,0,0,0,0,0,0,0,0,0,0,0,0,0,2.348993289,0,0,0,0,0,0,0,0,0,2.013422819,0,0,0,0,0,0,0,0,0,0,0,0,0,0,0,0,0,0,0,0,1.342281879,0,0,0,0,0,0,0,0.67114094,0,0,1.510067114,0,0,0,0,0,100
U5298,J07-PI-1,J07,Pink,2016-07-05,2016,06-Jul,0,0,0,0,0,3.524229075,0,0,0,0,0,0,0,0,0,0,0,0,0,0,0,0,0,4.845814978,0,0,44.05286344,15.85903084,0,0,0,0,0,0,0,0,0,0,0,0,0,0,0,0,0,0,0,0,0,0,0,0,0,0,0,0,0,0,0,0,0,0,0,0,0,0,0.881057269,0,0,0,0,0,0,0,0,0,0,0,0,0,0,0.440528634,0,0,0,0,0,0,0,0,0,0,13.21585903,0,0,0,0,0,0,0,0,0,0,0,0,0,0,0,0,0,0,0,0,4.845814978,0,0,0,0,0,0,0,0,0,0,8.370044053,0,0,0,0,3.964757709,100
U5299,J07-PI-2,J07,Pink,2016-07-05,2016,06-Jul,0,0,0,0,0,0.653594771,0,0,0,0,0,0,0,0,0,0,0,0,0,21.04575163,1.437908497,0,0,18.43137255,0,0,25.49019608,3.006535948,0,0,0,0,0,0.130718954,0,0,0,0,0,0,0,0,0,0.130718954,14.77124183,0,0,0,0,0,8.758169935,0,0,0,0,0,0,0,0,0,0.130718954,0,0,0,0,0,0.261437908,0,0,0,1.568627451,0,0,0,0,0,0,0,0,0,0,0,0,0.130718954,0,0,0,0.130718954,0,0,0,0.522875817,1.568627451,0,0,0,0,0,0,0,0,0,0,0,0,1.045751634,0,0,0,0,0,0,0,0.784313725,0,0,0,0,0,0,0,0,0,0,0,0,0,0,0,0,100
U5300,J07-PI-7,J07,Pink,2016-07-05,2016,06-Jul,0,0,0,0,0,0.174927114,0,0,0,0,0,0,0,0,0,0,0,0,0,0,0,0,0,15.80174927,0,0,63.03206997,8.688046647,0,0.174927114,0,0,0,0,0,0,0,0,0,0,0,0,0,0,0,0,0,0,0,0,4.489795918,0,0,0,0,0,0,0,0,0,0.116618076,0,0,0,0,0,0,0,0,0,0.932944606,0,0,0,0,0,0,0.058309038,0,0,0.174927114,0.524781341,0,0,0,0,0,0,0,0,0,0,0,0,0,0,0,0,0,0,0,0,0,0,0,0,0,0,0,0,0,0,0,0.174927114,0,0,0,0,0,0,0,0,0,0,5.655976676,0,0,0,0,0,100
U5301,J07-PI-4,J07,Pink,2016-07-05,2016,06-Jul,0,0,0,0,0,20.69444444,0,0,0,0,0,0,0,0,0,0,0,0,0,1.25,4.722222222,0,0,30.41666667,0,0,31.52777778,6.388888889,0,0,0,0,0.416666667,0,0,0,0,0,0,0,0,0,0,0.138888889,0,0,0,0,0,0,2.361111111,0,0,0,0,0,0,0,0,0,0,0,0,0,0,0,0.138888889,0,0,0,0,0.416666667,0,0,0,0,0,0,0,0,0,0,0.277777778,0,0,0,0,0,0,0,0,0.138888889,0,0,0,0,0,0,0,0,0,0,0,0,0,0,0,0,0,0,0,0,0,0,0,0,0,0,0,0,0,0,0,0,0,0,0,0,0,1.111111111,100
U5327,J07-PI-5,J07,Pink,2016-07-05,2016,06-Jul,0,0,0,0,0,2.669717773,0,0,0,0,0,0,0,0,0,0,0,0,0,2.288329519,0.533943555,0,0,14.79786423,0,0,26.69717773,4.118993135,0,0,0,0,0,0,0,0,0,0,26.62090008,0,0,0,0,0,0,0,0,0,0,0,8.23798627,0,0,0,0,0,0,0,0,0,0,0,0,0,0,0,0,0,0,0,8.848207475,0,0,0,0,0,0,0,0,0,0,0,0,0,0,0,0,0,0,0,0,0,1.22044241,0,0,0,0,0,0,0,0,0,0,0,0,1.14416476,0,0,0,0,0,0,0,0.533943555,0,0,0,0,0,0,0,0,0,0,2.288329519,0,0,0,0,0,100
U5328,J07-PI-6,J07,Pink,2016-07-05,2016,06-Jul,0,0,0,0,0,0.161899622,0,0,0,0,0,0,0,0,0,0,0,0,0,0,0.323799244,0,0,15.54236373,0,0,19.85968699,22.45008095,0,0,0,0,0,0,7.663248786,0,0,0,0,0,0,0,0,0,0,0,0,0,0,0,2.752293578,0,0,0,0,0,0,8.580679978,0,0,0,0,0,0,0,0,0.053966541,0,0,0,0.161899622,0,0,0,0,0,0,0,0,0,0,0,1.726929304,3.993524015,0,0,1.780895845,0,0,0,0,0,0.053966541,0,0,0,0,0,0,0,0,0,0,0,0,4.749055586,0,0,0,0,0,0,0,1.888828926,0,0,0,0,7.177549919,0,0,0,0,0,0.971397733,0,0,0,0,0.107933081,100
U5329,J07-PI-3,J07,Pink,2016-07-05,2016,06-Jul,0,0,0,0,0,2.586206897,0,0,0,0,0,0.718390805,0,0,0,0,0,0,0,2.729885057,6.609195402,0,0,16.09195402,0,0,43.82183908,4.597701149,2.442528736,0,0,0,0,0.143678161,0,0,0,0,0,0,0.718390805,0,0,0.143678161,0,0,0.143678161,0.143678161,0,0,9.195402299,0,0,0,0,0,0,0,0,0,0,0,0,0,0,0.574712644,4.022988506,0,0,0,1.149425287,0,0,0,0,0,0,0,0,0,0,0,0,0,0,0,0,0,0,0,0,0,0.143678161,0,0,0,0,0,0.143678161,0.143678161,0,0,0,0,0,0,0,0,0,0,0,0,0,0.574712644,0,0,0,0,0,0,0,0,0,0,2.298850575,0,0,0,0,0.862068966,100
U5330,J07-PI-8,J07,Pink,2016-07-05,2016,06-Jul,0,0,0,0,0,0.182481752,0,0,0,0,0,0,0,0,0,0,0,0,0,0,1.094890511,0,0,45.0729927,0,0,28.46715328,7.299270073,0,0,0,0,0,0,0,0,0,0,0,0,0,0,0,0,0,0,0,0,0,0,5.291970803,0,0,0,0,0,0,0,0,0,0,0,0,0,0,0,0,0,0,0,0.729927007,0,0,0,0,5.109489051,0,0,0,0,0,0,0.182481752,0,0,0,0,0,0,0,0,0,0.182481752,0,0,0,0,0,0,0,0,0,0,2.554744526,0,1.094890511,0,0,0,0,0,0,0,1.094890511,0,0,0,0,0.182481752,0,0,0,0,0,1.459854015,0,0,0,0,0,100
U5331,J07-PI-9,J07,Pink,2016-07-05,2016,06-Jul,0,0,0,0,0,5.833333333,0,0,0,0,0,0,0,0,0,0,0,0,0,3.333333333,9.583333333,0,0,30,0,0,34.58333333,0,0,0,0,0,0,0,0,0,0,0,0,0,0.416666667,0,0,0,0,0,0,0,0,0,6.25,0,0,0,0,0,0,0,0,0,0,0,0,0,0,0,0.416666667,0,0,0,3.75,0,0,0,0,0,0,0,0,0,0,0,0,0,0,0,0,0,0,0,0,0,0,0,0,0,0,0,0,0,0,0,0,0,0,5.833333333,0,0,0,0,0,0,0,0,0,0,0,0,0,0,0,0,0,0,0,0,0,0,0,0,100