ufn,fish_species,sample_site,Acartia,Acartia_clausi,Acartia_longiremis,Actinopterygii,Actinopterygii_Egg,Aetideus_divergens,Amphibalanus_improvisus_Cyprid,Anomura_Zoea,Arthropoda,Balanomorpha,Balanomorpha_Cyprid,Balanomorpha_Juvenile,Balanomorpha_Molt,Balanomorpha_Nauplii,Balanus_crenatus_Cyprid,Balanus_glandula_Cyprid,Brachyura_Megalopa,Brachyura_Zoea,Bryozoa_Larvae,Calanidae_Nauplii,Calanoida,Calanoida_Copepodite,Calanus,Calanus_marshallae,Calanus_pacificus,Cancer_Larvae,Caridea_Zoea,Centropages_abdominalis,Copepoda,Corophiida,Crustacea,Culicomorpha,Cumacea,Cyclopoida,Diptera,Ditrichocorycaeus_anglicus,Ditrichocorycaeus_anglicus_Copepodite,Echinodermata_Larvae,Epilabidocera_amphrites,Eucalanus,Eucalanus_bungii,Eukrohnia_hamata,Eumalacostraca,Eumalacostraca_Larvae,Euphausia_pacifica,Euphausiidae,Euphausiidae_Calyptopis,Euphausiidae_Egg,Euphausiidae_Furcilia,Euphausiidae_Nauplii,Evadne_normanni,Gelatinous,Harpacticoida,Harpacticus,Hemigrapsus_Larvae,Hyperiidae_Juvenile,Hyperiidea,Hyperoche,Hyperoche_medusarum,Isopoda,Kellia_suborbicularis_Veliger,Lophopanopeus_bellus_Larvae,Mesocalanus_tenuicornis,Metridia,Microsetella_rosea,Neocalanus_plumchrus,Neotrypaea_californiensis_Zoea,Objects,Oikopleura,Oregonia_gracilis_Larvae,Ostracoda,Pandalidae_Zoea,Paracalanus_parvus,Pinnotheridae_Zoea,Pleocyemata_Larvae,Pleopis_polyphemoides,Pleuronectidae_Egg,Podon_leuckartii,Podonidae,Polychaeta_Nectochaete,Porcellanidae_Zoea,Pseudevadne_tergestina,Pseudocalanidae,Pteropoda,Pteropoda_Egg,Pteropoda_Veliger,Pugettia_Megalopa,Sagittoidea,Semibalanus_balanoides_Cyprid,Senticaudata,Spionidae_Nectochaete,Themisto_pacifica,Tigriopus,Tomopteris,Tomopteris_septentrionalis,Tortanus_discaudatus
U1190,Pink,D07,0,0,0,0,0,0,0.1,0,0,0,0.1,0,0,5.3,0.6,0.3,0,0.1,0.1,0,0.6,0,0,0,0,0,0,0.30000000000000004,0,0,0,0,0,0,0,0.1,0,0.1,0,0,0,0,0,0,0,0,0,0.1,0,0,0.1,0,0,0,0,0,0,0,0,0,0,0,0,0,0,0,0,0,37.6,0,0,0,0,0,0.4,0.1,0,0,0.8,0,0,1.6,0,0,0.1,0,0,0,0,0,0,0,0,0,0,0
U1386,Pink,D07,0,0,0,0,0,0,0.1,0,0,0,0.1,0.1,0,7.5,0.4,0.3,0,1.6,0.1,0,1.5,0,0,0,0,0,0,0,0,0,13,0,0,0,0,0.1,0,0,0,0,0,0,0,0,0,0,0,0.1,0,0,0.1,0,0,0,0,0.1,0,0,0,0,0,0,0,0,0,0,0,0,1.3,0,0,0,0,0,0,0.4,0,0,5,0,0,1.5,0,0,0.1,0,0,0,0,0,0,0,0,0,0,0
U1392,Pink,D07,0,0,0,0,0,0,0,0,0.3,0,0.5,0.1,0,14.7,0.9,4.1,0,0.7,0.1,0,1.4,0,0,0,0,0,0.5,1.3,0,0,21.2,0.4,0,0.1,2.5,0.1,0,0,0,0,0,0,0,0,0,0,0,0,0,0,0.1,0.7,0,0.1,0,0,0,0,0,0,0,0,0,0,0,0,0,0,0,0,0,0,0,0,0,0.1,0,0,1.6,0,0,0.2,0,0,0.1,0,0,0,0,0,0,0,0,0,0,0
U1394,Pink,D07,0,0,0,0.1,0,0,0.1,0,0.1,0,0.2,0.1,0,7.3,1.6,0.4,0,0.5,0,0,1,0,0,0,0.3,0,0,0.1,0,0,15.3,0,0,0.1,0,0,0,0,0,0,0,0,0,0,0,0,0,0,0,0,0.1,0,0,0,0,0,0.1,0,0,0,0.1,0,0,0,0,0,0,0,0.1,0,0,0,0,0,0,0.1,0,0,10.5,0,0,2.1,0,0,0.1,0,0,0,0,0,0,0,0,0,0,0
U1395,Pink,D07,0,0,0,0,0,0,0.1,0,0,0,0.1,0.1,3.9,22.4,0.4,0.1,0,0.9,0.1,0,4,0,0,0,0.4,0,0,1.3,0,0,8.4,0.4,0,0,2.1,0.3,0,0,0,0,0,0,0,0,0,0,0,0.1,0.1,0,0.1,0,0,0,0,0,0.1,0,0,0,0,0,0,0,0,0,0,0,0.8,0,0,0,0,0,0,0.3,0,0,6.5,0,0,2.3,0,0,0.1,0,0,0,0,0,0,0,0,0,0,0.1
U2513,Pink,D07,0,0,0,0,0,0,0.1,0,0.1,0,0.1,0,0,0.2,1.8,0.1,0,0.1,0.1,0,11.8,0,0,0.6,0,0,0,0,0,0,0,0,0,0,0,0,0,0.1,0,0,0,0,0,0.1,0,0,0.5,0,0.1,0,0.1,0,0,0,0,0,0.1,0,0,0,0.1,0,0,0,0,0,0.2,0,55.400000000000006,0,0,0,0.1,0,0.2,0.1,3.4000000000000004,0,4.2,0,0,3.9,0,0.3,0.1,0,0,0,0,0,0.1,0,0,0,0,0
U2525,Pink,D07,0,0,0,0,0,0,0,0,0,0,0,0,0,0.1,0.5,0.4,0,0.5,0,0,4.6,0,6.4,0,0,0,0,0.3,0,0,0,0.3,0,0,0.4,0,0,0.1,3,0,0,0,0,0,0,0,0.1,0,0.1,0,0,0,0,0.1,0,0,2.1,0,0,0,0.1,0,0,0,0,0,0,0,85.9,0,0,0,0,0,0,0.1,0.3,0,0.1,0,0,0.1,0,0,0.1,0,0,0,0,0,0,0,0,0,0,0
U2526,Pink,D07,0,0,0,0,0,0,0,0,0,0,0,0,0,0,0,0,0,0,0,0,10.9,0,2.7,51,26,0,0,0,0,0,0,0,0.1,0,0,0.1,0,0,2.4,0,0,82.1,0,0,0,0,0,0,0,0,0,0,0,0,0,0.1,2.3,0,0,0,0,0,0,0,0,0,0,0.3,0,0,0,0,0,0,0,0,0,0,0,0,0,0,0.1,0.5,0,0,0,65.1,0,0,0,6.5,0,11.700000000000001,4.4,0
U2528,Pink,D07,0,0,0,0,0,0,0.1,0,0.4,0.1,0.1,0.1,0,3.5999999999999996,0.6,1.7,0,1.2000000000000002,0.1,0,0.6,0,0,0,0,0.5,0,0,0,0,0.1,0,0,0,0,0.2,0,0.2,0,0,0,0,0,0,0,0,0,0.1,0,0,0.1,0,0,0,0,0,0,0,0,0.1,0,0,0,0,0,0,0,0,6.1,0,0,0,0,0,0,0.3,0,0.1,1.8,0,0.4,0.5,0,0,0.1,0.1,0,0,0,0,0,0,0,0,0,0
U2529,Pink,D07,0,0,0,0,0.9,0,0,0,0.1,0,0,0,0,0,0,0,0,0,0,0,26.3,0,13.1,51,74.2,0,0,0,0,0,0,0,0,0,0,0.1,0,0,1.4,0.7,0,6.800000000000001,0.1,0,0,0,0,0,0.1,0,0,0,0,0,0,0,1.4,0,0,0,0,0,0.1,39.900000000000006,0,0,0,0,0,0,0,0,0,0,0,0,0,0,0,0,0,0,0,0.3,0,0,0,60,0,0,0,4.3,0,1.9,0,0
U2530,Pink,D07,0,0.1,0,0,0,0,0,0,1.4,0,0.1,0.1,0.1,0.1,0.2,1.3,0,0.3,0,0,4.9,0,1.5,1.6,0.3,0,0,0.5,0,1.8,0,0,0,0,0,0,0,0,1.7,0,0,0,0,0,0,0,0,0,0,0,0,0,0,0,0,0,0,0,0,0,0,0,0,0,0,0,0.1,0,55.599999999999994,0,0,0,0,0,1.5,0.1,1.6,0,0.1,0,0,0.2,0,0,0.1,0,0,0,0,0,0.1,0,0,0,0,0
U2625,Chum,D07,0,0,0,0,0,0,0,0,0.1,0,0.1,0,0.1,0.2,0.1,0,0,0,0,0,0,0,0,0,0,0,0,0,0,0,0,0,0,0,0,0,0,0.1,0,0,0,0,0,0,0,0,0.30000000000000004,0,0.1,0,0.1,0,0,0,0,0,0,0,0,0,0,0,0.1,0,0,0,0.3,0,249.6,0,0,0,0.1,0,0,0.1,0,0,0.1,0,0.7,0.1,0,0,0,0,0,0,0,0,0,0,0,0,0,0
U2626,Chum,D07,0,0,0,234.6,0,0,0.1,0,0,0,0,0,0,0.1,0,0,0,0,0,0,0,0,0,0,0,0,0,0,0,0,0,0,0,0.1,0,0.1,0,0,0,0,0,0,0,0,0,0,0,0,0,0,0,0,0,0,0,0,0,0,0,0,0,0,0,0,0,0,0,0,15.2,0,0,0,0,0,0,0,0,0,0,0,0,0.3,0,0,0,0,0,0,0,0,0,0,0,0,0,0
U2628,Chum,D07,0,0,0,0,0,0,0,0.1,0,0,0.1,0,0,0,0,0,0,0,0,0,0,0,0,0,0,0,0,0,0,0,0,0,0,0,0,0,0,0.1,0,0,0,0,0,0,0,0,0.30000000000000004,0,0,0,0.1,0,0,0,0,0,0,0,0,0,0.1,0,0,0,0,0,0.6,0.1,193.6,0,0,0,0,0,0,0,0,0,0.1,0,0,0.1,0,0,0,0,0,0,0,0,0,0,0,0,0,0
U2629,Chum,D07,0,0,0.1,0,0,0,0,0,0,0,0,0,0.1,0.1,0,0.1,0,0,0,0,0.1,0,0,0,0,0,0,0.1,0,0,0.1,0,0,0,0.1,0.1,0,0.1,0,0,0,0,0,0,0,0,0.30000000000000004,0,0,0,0.1,0,0,0,0,0,0.3,0,0,0,0,0,0,0,0,0,0,0,330.40000000000003,0,0,0,0,0,0,0,0.5,0,0.1,0,0,0.1,0,0,0,0,0,0,0,0,0,0,0,0,0,0
U2633,Chum,D07,0,0,0,0,0,0,0,0,0,0,0.1,0,0,0.2,0,0,0,0,0,0,0,0,0,0,0,0,0,0,0,0,0,0,0,0,0,0.1,0,0,0,0,0,0,0,0,0,0,0.6,0,0,0,0.1,0,0.1,0,0,0,0,0,0,0,0.1,0,0,0,0,0,0.1,0,147.6,0,0,0,0,0,0,0,0.1,0,0.1,0,0,0.1,0,0,0,0.2,0,0.4,0,0,0.1,0,0,0,0,0
U2634,Chum,D07,0,0,0,0,0,0,0,0,0,0,0.5,0,0,0.2,0,0,0,0,0.1,0,0,0,0,0,0,0,0,0,0,0,0,0,0,0,0,0,0,0,0,0,0,0,0,0,0,0,0,0,0.2,0,0,0,0,0,0,0,0,0,0,0,0.1,0,0,0,0,0,0,0.1,19.5,0,0,0,0,0,0,0,0,0,2.6,0,0,0.5,0,0,0.1,0,0,0,0,0,0,0,0,0,0,0
U2824,Chum,D07,0,0,0,0,0,0,0.1,0.1,0,0,0.1,0,0.1,0.1,0.1,0.1,0,0,0,0,0.4,0,0,0,0,0,0,0,0,0,0,0,0,0,0,0,0,0.1,0,0,0,0,0,0,0,0,0.2,0.1,0,0,0.1,0,0,0,0.1,0,0,0.3,0,0,0,0,0,0,0,0,0.3,0,178.4,0,0,0,0,0,0,0,0,0,0.1,0.1,0,0.4,0,0,0,0.2,0,0,0,0,0.1,0,0,0,0,0
U2831,Chum,D07,0,0,0,0,0,0,0.1,0,0.1,0,0,0,0,0.2,0,0.1,0,0,0,0,0,0,0,0,0,0,0,0,0,0,0,0,0,0,0,0,0,0,0,0,0,0,0,0,0,0,0,0,0,0,0,0,0,0,0,0,0,0,0,0,0,0,0,0,0,0,0,0,43.1,0,0.1,0,0,0,0,0,0,0,0.1,0,0,0.1,0,0,0,0.1,0,0,0,0,0,0,0,0,0,0
U2859,Pink,D07,0,0,0,0,0,0,0.1,0,0,0,0.3,0.1,0,7.9,0.4,1.2,0,0,0.1,0,1.8,0,0,0,0,0,0,0.1,0,0,5,0,0,0,0,0.2,0,0.1,0,0,0,0,0,0,0,0,0,0.1,0,0,0.1,0,0,0,0,0,0,0,0,0,0.1,0,0,0,0,0,0,0.1,0.1,0,0,0,0,0,0.3,0.1,0.5,0,3.7,0,0,0.6,0,0,0.1,0,0,0,0,0,0,0,0,0,0,0
U2860,Pink,D07,0,0.1,0,0,0,0,0,0,0,0,0,0,0,0,0,0,0,0,0,0,6.3,0,3.4,39.6,22.4,0,0,0,0,0,0,0,0,0,0,0,0,0,5.2,0,3.5,21.7,0,0,0,0,0,0,0,0,0,0,0,0,0,0.1,12.3,1.8,0,0,0,0,0,11.7,0,0,0,0,0,0,0,0,0,0,0,0,0,0,0,0,0,0,0.1,0,0,0,0,47.6,0,0,0,0,0,1.7,0,0
U2861,Pink,D07,0,0,0.1,0,0,0,0.1,0,9.4,0,0.1,0,0,0.4,2.2,0.8,0,0.6,0.1,0,3.2,0,0.9,2.7,1.5,0,0,0.9,0,0,0,0,0,0,0.3,0,0,0.1,0.6,0,0,0,0,0,0,0,0.1,0,0.1,0,0.1,0,0,0,0,0,0,0,0,0,0.1,0,0,0,0.1,0,0.4,0,98.9,0,0,0,0.1,0,0,0.1,0.8,0,1.6,0,0,7.2,0,0,0,0,0,0,0,1.5,0.2,0,0,0,0,0
U2862,Pink,D07,0,0,0,0,0,0,0.1,0,0,0,0,0,0,0.1,0.1,0.7,0,0,0,0,1.8,0,0,0,0.9,0,0,0,0,0,0,0,0,0,0,0.1,0,0.1,0,0,0,0,0,0,0,0,0.1,0,0.1,0,0,0,0,0,0,0.1,0,0,0,0,0.1,0,0,0,0,0,0,0,63,0,0,0,0,0,0.1,0,0.3,0,0.1,0,0.4,0.1,0,0,0,0,0,0,0,0,0,0,0,0,0,0
U2863,Pink,D07,0,0,0,0,0,0,0,0,0,0,0,0,0,0.1,0.5,0.1,0,0,0.1,0,0,0,0,0,0,0,0,0,0,0,0,0,0,0,0,0,0,0.1,0,0,0,0,0,0,0,0,0,0,0,0,0,0,0,0,0,0,0,0,0,0,0.1,0,0,0,0,0,0,0,38.300000000000004,0,0,0,0,0,0,0.1,0,0,1.4,0,1.6,0.2,0,0,0.1,0,0,0,0,0,0,0,0,0,0,0
U2927,Chum,D07,0,0,0,0,0,0,0,0,0,0,0,0,0,0,0,0,0,0,0,0,0,0,1.8,22.3,7.1,0,0,0,0,0,0,0,0,0,0.4,0,0,0,0,1.8,1.9,103.5,0,0,0,0,0,0,0,0,0,0,0,0,0,0,0,0,0,0,0,0,0.3,0,0,0,0,0,0,0,0,0,0,0,0,0,2.6,0,0,0,0,0,0,0.3,0,0,0,20,0,0,0,2.2,0,7.800000000000001,19.6,0
U2928,Chum,D07,0,0,0,0,0,0,0,0,0,0,0,0,0,0,0,0,0,0,0,0,9.6,0,0,30.6,14.3,0,0,0,0,0,0,0,0,0,0,0,0,0,0,0.7,5.3,49.199999999999996,0,0,0,0,0,0,0,0,0,0,0,0,0,0,0.4,0,2.8,0,0,0,0,67.6,0,0,0,0,0,0,0,0,0,0,0,0,1.2,0,0,0,0,0,0,2.8000000000000003,0,0,0,45.3,0,0,0,0,0,4.5,1,0
U3007,Chum,D07,0,0,0,157.1,0,0,0.1,0,0.1,0.1,0,0,2,4.5,0.9,0,0,0.1,0.1,0,0,0.1,0,9.6,0.2,0,0,0,0,0,0,0,0,0,0.7,0,0,0,0,0,0,9.7,0,0,0,0,0.3,0.2,0,0,0.1,0,0,0,0.1,0.1,0,0,0,0,0.1,0,0,0,0,0,0.4,0.1,98.6,0,0,0,0,0,0,0.4,0,0,11.2,0,0,7.4,0.2,0,0,0.1,0,14.6,0,3.5,0.1,0,0,0,0,0
U3017,Chum,D07,0,0,0,0,0,0,0,0,0,0,0,0,0.1,0,0,0,0,0,0,0,0,0,0,0,0,0,0,0,0,0,0,0,0,0,0,0,0,0,0,0,0,27.1,0,0,184,40.1,0,0,0,0,0,0,0,0,0,0,6.3,0,0,0,0,0,0,0,0,0,0,0,0,0,0,0,0,0,0,0,0,0,0,0,0,0,0,0.6,0,0,0,0,0,0,0,38.300000000000004,0,0,0,0
U3021,Chum,D07,0,0,0,0,0,0.1,0,0,0,0,0,0,0,0,0,0,0,0,0,0,4.3,0,0,3.8,2.4,0,0,0,0,0,0,0,0,0,0,0,0,0,0,0,0,18.9,0,0,0,0,0,0,0,0,0,0,0,0,0,0,0,0,0,0,0,0,0.2,30.799999999999997,0,0,0,0,0,0,0,0,0,0,0,0,0.1,0,0,0,1.1,0,0,0,0,0,0,13.3,0,0,0,6.1,0,0,0,0
U3023,Chum,D07,0,0,0,0,0,0,0,0,0,0,0,0,0,0,0,0,0,0,0,0,3.1,0,0,124.8,56.2,0,0,0,0,0,0,0,0,0,0,0,0,0,2.9,0,2.4,81.1,0,0,0,0,0,0,0.7,0,0,0.8,0,0,0,0,1.3,0,0,0,0,0,0.5,0,0,0,0,0,0,0,0,0,0,0,0,0,0.4,0,0,0,0,0,0,0,0,0,0,23.3,0,0,0,22.7,0,0,1,0
U4065,Chum,D07,0,0,0,0,0,0,0,0,0,0,0,0,0,0,0,0,0,0,0,0,0,0,0,0.7,0.7,0,1.6,0,0,0,0,0,0,0,0,0,0,0,0,0,0,83.3,0,0,48.3,0,0,0,0.1,0,0,0,0,0,0,0,2.5,0,3.1,0,0,0,0,56.2,0,0,0,0,0,0,0,0,0,0,0,0,0,0,0,0,0,0,0,0.1,0,0,0,3.6,0,0,0,0,0,0.8,0,0
U4096,Chum,D07,0,0,0,0.1,0,0,0,0,0,0,0,0,0,0,0,0,0,0,0,0,0,0,5.1,58.6,84.1,0,0,0,0,0,0,0,0,0,0,0,0,0,0,0,0.7,24.5,0,0,0,0,0,0,0.1,0,0,1.8,0,0,0,0,1,0,0,0,0,0,0,0,0,0,0,0,0,0,0,0,0,0,0,0,1.9,0,0,0,0,0,0,0,0,0,0,12.3,0,0,0,7,0,8.5,12.8,0
U4097,Chum,D07,0,0,0,0,0,0,0,0,0,0,0,0,0,0,0,0,0,0,0,0,0,0,4.4,15.2,9.3,0,0,0,0,0,0,0,0,0,0,0,0,0,0,0,5.3,48.8,0,0,0,0,0,0,0,0,0,0,0,0,0,0.1,0,0,3.9,0,0,0,0,0,0,0,0,0,0.5,0,0,0,0,0,0,0,0,0,0,0,0,0,0,0,0,0,0,9.4,0,0,0,0,0,0,3.2,0
U4098,Chum,D07,0,0,0,0,0,0,0,0,0,0,0,0,0,0,0,0,0,0,0,0,2.1,0,0,9.7,2.3,0,0,0,0,0,0,0,0,0,0,0,0,0,0,0.4,5.3,96.8,0,0,0,0,0,0,0,0,0,0,0,0,0,0,0,0,0,0,0,0,0,0,0,0,0,0,0,0,0,0,0,0,0,0,0,0,0,0,0,0,0,0,0,0,0,13.2,0,0,0,1.4,0,3.9,1.9,0
U4149,Chum,D07,0,0,0,0,0,0,0,0,0,0,0,0,0,0,0,0,0,0.2,0,0,0,0,0,2.2,3,0,0,0,0,0,0,0,0,0,0,0,0,0,0,0,1.4,64.10000000000001,0,0,0,0,0,0,0,0,0,0,0,0,0,0,5.4,0,0,0,0,0,0,0,0,0,0,0,0.1,0,0,1.2,0,0,0,0,0,0,0,0,0,0,0,0,0,0,0,35.5,0,0,0,0.6,0,3.5,7.6,0
U4155,Chum,D07,0,0,0,0,0,0,0.1,0,0,0,0.1,0,0.2,0.30000000000000004,0.1,0.1,0,0.1,0,0,0,0,0,0,0,0,0,0,0.1,0,0,0,0,0,0,0.1,0,0.1,0,0,0,0,0,0,0,0,0.1,0,0,0,0.1,0,0,0,0,0,0,6.6,0,0,0.1,0,0,0,0,0,0.1,0,140,0,0,0,0.1,0,0,0,1.7,0,0.1,0,0,0.3,0,0,0,0.1,0,0,0,0,0,0,0,0,0,0
U4170,Chum,D07,0,0,0,0,0,0,0,0,0,0,0,0,0,0.2,0.1,0,0,0,0,0,0,0,0,0,0,0,0,0,0,0,0,0,0,0,0,0,0,0.2,0,0,0,0,0,0,0,0,0.5,0,0,0,0.1,0,0,0,0,0,0,0,0,0,0.1,0,0,0,0,0,0.3,0,298.8,0,0,0,0.1,0,0,0,0,0,0.1,0,0,0.1,0,0,0,0.1,0,0,0,0,0.1,0,0,0,0,0
U4173,Chum,D07,0,0,0,0,0,0,0,0,0,0,0,0,0,0.1,0,0,0,0,0,0,0.1,0,0,0,0,0,0,0,0,0,0,0,0,0,0,0,0,0,0,0,0,0,0,0,0,0,0,0,0,0,0,0,0,0,0,0,0,0,0,0,0,0,0,0,0,0,0,0,35.5,0,0,0,0,0,0,0.1,0,0,0.1,0,0,0.1,0,0,0,0,0,0,0,0,0,0,0,0,0,0
U4960,Chum,D07,0,0,0,0,0,0,0,0,0.3,0,0,0,0.5,0.1,0.1,0.1,0,0.1,0,0,2,0,0,0,0,0,0,0,0,0,13.3,0,0,0.1,0,0,0,0.1,0.1,0,0,0,0,0,0,0,0.4,0,0,0,0.1,0,0,0,0,0,2.3,3.6,0,0,0.1,0,0,0,0,0,0.4,0,195.7,0,0,0,0,0,0,0.1,0.6,0.1,0.1,0,0,0.1,0,0,0,0,0,2,0,0,0.1,0,0,0,0,0
U4965,Chum,D07,0,0,0,0,0,0,0,0,0,0,0,0,0,0.1,0.1,0,0,0,0,0,0,0,0,0,0,0,0,0,0,0,0,0,0,0,0,0,0,0,0,0,0,0,0,0,0,0,0,0.1,0,0,0.1,0,0,0,0,0,0,0,0,0,0.1,0,0,0,0,0,0,0,222,0,0,0,0,0,0,0,0.3,0,0.1,0,0,0.3,0,0,0,0.2,0,0.3,0,0,0.1,0,0,0,0,0
U4980,Chum,D07,0,0,0,0,0,0,0,0,0,0,0.1,0,0,0.1,0,0,0,0,0,0,0,0,0,0,0.5,0,0,0,0,0,0,0,0,0,0,0,0,0,0,0,0,0,0,0,0,0,0,0,0,0,0,0,0,0,0,0,0,0,0,0,0,0,0,0,0,0,0,0,128.5,0,0,0,0,0,0,0.1,0.6,0,0,0,0.1,0.1,0,0,0,0,0,0,0,0,0.1,0,0,0,0,0
U5132,Chum,D07,0,0,0,0,0,0,0,0,0,0,0,0,0,0.1,0,0,0,0,0,0,0.1,0,0,0,0,0,0,0,0,0,0,0,0,0,0,0,0,0.1,0,0,0,0,0,0,0,0,0,0,0,0.1,0,0,0,0,0,0,0,0,0,0,0,0,0,0,0,0,0,0,32.9,0,0,0,0,0,0,0,0,0,0,0,0,0,0,0,0,0,0,0,0,0,0.1,0,0,0,0,0
U5133,Chum,D07,0,0,0,0,0,0,0,0,0,0,0,0,0,0,0,0,0,0,0,0,0,0,0,0,0,0,0,0,0,0,0,0,0,0,0,0.1,0,0,0,0,0,0,0,0,0,0,0,0,0,0,0,0,0,0,0,0,0,0,0,0,0,0,0,0,0,0,0,0,3,0,0,0,0,0,0,0,0,0,0,0,0,0,0,0,0,0.1,0,0,0,0,0,0,0,0,0,0
U5134,Chum,D07,0,0,0,0,0,0,0,0,0,0,0,0,0,0,0,0,0,0,0,0,0,0,0,0,0,0,0,0,0,0,0,0,0,0,0,0,0,0,0,0,0,0,0,0,0,0,0,0,0,0,0,0,0,0,0,0,0,0,0,0,0,0,0,0,0,0,0,0,30.2,0,0,0,0,0,0,0,0,0,0,0,0,0,0,0,0,0,0,0,0,0,0,0,0,0,0,0
U5135,Chum,D07,0,0,0,0,0,0,0,0,0,0,0,0,0,0,0,0,0,0,0,0,0,0,0,0,0,0,0,0,0,0,0,0,0,0,0,0.1,0,0,0,0,0,0,0,0,0,0,0,0,0,0,0,0,0,0,0,0,0,0,0,0,0,0,0,0,0,0,0,0,36.4,0,0,0,0,0,0,0,0,0,0,0,0,0,0,0,0,0.1,0,0,0,0,0,0,0,0,0,0
U5136,Chum,D07,0,0,0,0,0,0,0.1,0,0,0,0,0,0,0,0,0,0,0,0,0,0,0,1.3,0.6,0,0,0,0,0,0,0,0,0,0,0,0.2,0.1,0,0,0,0,0,0,0,0,0,0,0,0,0.1,0,20.4,0,0,0,0,0,0,0,0,0,0,0,0,0,0,0,0,16.2,0,0,0,0,0,0,0,0,0,0,0,0,0,0,0,0,0,0,0,0,0,0,0,0,0,0,0
U5137,Chum,D07,0,0,0,0,0,0,0,0,0,0,0,0,0,0.1,0,0,0,0,0,0,0,0,0,0,0,0,0,0,0,0,0,0,0,0,0,0.1,0,0,0,0,0,0,0,0,0,0,0,0,0,0,0,0,0,0,0,0,0,0,0,0,0,0,0,0,0,0,0,0,43.8,0,0,0,0,0,0,0,0,0,0,0,0,0,0,0,0,0.1,0,0,0,0,0,0,0,0,0,0
U5138,Chum,D07,0,0,0,0,0,0,0,0,0,0,0,0,0,0,0,0,0,0,0,0,0,0,0,0,0,0,0,0,0,0,0,0,0,0,0,0,0,0,0,0,0,0,0,0,0,0,0,0,0,0,0,0,0,0,0,0,0,0,0,0,0,0,0,0,0,0,0,0,1.7,0,0,0,0,0,0,0,0,0,0,0,0,0,0,0,0,0,0,0,0,0,0,0,0,0,0,0
U5139,Chum,D07,0,0,0,0,0,0,0,0,0,0,0,0,0,0.1,0,0,0,0.1,0,0,0.1,0,0,0,0,0,0,0,0,0,0,0,0,0,0,0,0,0,0,0,0,0,0,0,0,0,0,0,0,0.1,0,0,0,0,0,0,0,0,0,0,0,0,0,0,0,0,0,0,44.3,0,0,0,0,0,0,0,0,0,0,0,0,0,0,0,0,0,0,0,0,0,0,0,0,0,0,0
U5140,Chum,D07,0,0,0,0,0,0,0,0,0,0,0,0,0,0.1,0,0,0,0,0,0,4.4,0,0,2.3,1.3,0,0,0,0,0,0,0,0,0,0,0,0,0,0,0,0,0,0,0,0,0,0,0,0,0,0,0,0,0,0,0,0,0,0,0,0,0,0,0,0,0,0,0,30.599999999999998,0,0,0,0,0,0.3,0,0,0,0,0,0,0,0,0,0,0,0,0,0,0,0,0,0,0,0,0
U5141,Chum,D07,0,0,0,0,0,0,0,0,0,0,0,0,0,0.1,0,0.1,0,0,0,0,0,0,0,0,0,0,0,0,0,0,0,0,0,0,0,0.1,0,0.7,0,0,0,0,0,0,0,0,0,0,0,0,0,0,0,0,0,0,0,0,0,0,0.1,0,0,0,0,0,0,0,0.1,0,0,0,0,0,0,0,0,0,0,0,0,0,0,0,0,0,0,0,0,0,0,0,0,0,0,0
U5142,Chum,D07,0,0,0,0.1,0,0,0.1,0,0,0,0.1,0,0.1,0.1,0,0.1,0,0,0,0,0,0,0,0,0,0,0,0,0,0,0,0,0,0,0,0.1,0,0,0,0,0,0,0,0,0,0,0,0,0,0,0,7.6,0,0,0,0,0.1,0,0,0,0,0,0,0,0,0,0,0,47.7,0,0,0,0.1,0,0,0,0,0,0.1,0,0,0,0,0,0,0.1,0,0,0,0,0,0,0,0,0,0
U5144,Chum,D07,0,0,0,0,0,0,0,0,0,0,0,0,0,0.2,0,0,0,0.1,0,0,0,0,0,0,0,0,0,0,0,0,0,0,0,0,0,0,0,0,0,0,0,0,0,0,0,0,0,0,0,0,0,0,0,0,0,0,0,0,0,0,0,0,0,0,0,0,0,0,27.2,0,0,0,0,0,0,0,0,0,0,0,0,0,0,0,0,0,0,0,0,0,0,0,0,0,0,0
U5145,Chum,D07,0,0,0,0,0,0,0,0,0,0,0,0,0,0,0,0.1,0,0,0,0,3.2,0,0,3.0999999999999996,1.1,0,0,0,0,0,0,0.1,0,0,0,0.1,0,0.1,0,0,0,0,0,0,0,0,0.2,0,0,0,0,0,0,0,0,0,1,0,0,0,0,0,0,0,0,0,0,0,68.6,0,0,0,0.1,0,0,0,0,0,0.1,0,0,0,0.2,0,0,0,0,0,0,0,0.1,0,0,0,0,0
U5147,Chum,D07,0,0,0,0,0,0,0,0,0,0,0.1,0,0,0.1,0,0,0,0,0,0,0,0,0,0,0,0,0,0,0,0,0,0,0,0,0,0,0,0,0,0,0,0,0,0,0,0,0.1,0,0,0,0,0,0,0,0,0,0,0,0,0,0,0,0,0,0,0,0,0,43.1,0,0,0,0,0,0,0,0,0,0.1,0,0,0,0,0,0,0,0,0,0,0,0.1,0,0,0,0,0
U5148,Chum,D07,0,0,0,0,0,0,0,0,0,0,0,0,0,0,0,0.1,0,0,0,0,1.5,0,0.7,2.1,0,0,0,0,0,0,0,1.3,0,0,0,0,0,0.1,0,0,0,0,0,0,0,0,0.1,0,0,0,0,0,0,0,0,0,0,0,0,0.1,0.1,0,0,0,0,0,0,0,0.1,0,0,0,0.1,0,0,0,0,0,0,0,0,0,0.1,0,0,0,0,0,0,0,0,0,0,0,0,0
U5149,Chum,D07,0,0,0,0,0,0,0.1,0,0,0,0,0,0,0.2,0.1,0.1,0,0,0,0,0.5,0,0,1,0,0,0,0.1,0,0,0,0,0,0,0.5,0.1,0,0,0,0,0,0,0,0,0,0,0,0,0,0,0,95.6,0,0,0,0,0,0,0,0,0,0,0,0,0,0,0,0,31.2,0,0,0,0,0,0,0,0,0,0.1,0,0,0,0,0,0,0,0,0,0,0,0.1,0,0,0,0,0
U5150,Chum,D07,0,0,0,0,0,0,0,0,0,0,0.1,0.1,0,0.1,0,0,0,0,0,0,0,0,0,0,0,0,0,0,0,0,0,0,0,0,0,0.1,0,0,0,0,0,0,0,0,0,0,0.2,0,0.1,0,0,0,0,0,0,0,0,0,0,0,0,0,0,0,0,0,0,0,45.6,0,0,0,0,0,0,0,0,0,0.1,0,0,0,0,0,0,0,0,0,0,0,0,0,0,0,0,0
U5171,Chum,J07,0,0,0,0,0,1.1,0,0,0,0,0,0,0,0,0,0,0,0,0,0,15.4,0,0,50.400000000000006,21.9,0,0,0,0,0.2,0,0,0,0,0,0,0,0,1.4,0,0,0,0,0,0,0,0,0,0.1,0,0,150.8,0,0,0,0.1,0.8,0,0,0,0,0,0.4,0,0,0,0,0.1,0,0,0,0,0,0,0,0,0,0,0,0,0,0,0.1,0,0,0,0,0.1,0,0,0,0,0,0,0,0
U5172,Chum,J07,0,0,0,0,0,0.1,0,0,0,0,0,0,0,0,0,0,0,0,0,0,0,0,0,0,1.2,0,0,0,0,0,0,0,0,0,0,0,0,0,0,0,0,0,0,0.3,0,0,0,0,0,0,0,203.2,0,0,0,0,0,0,0,0,0,0,0.6,0,0,0,0,0.1,2.4,0,0,0,0.1,0,0,0,1.2,0,0,0,0,0,1.7000000000000002,0,0,0,0,0,0,0,0,0,0,0,0,0
U5173,Chum,J07,0,0,0,0,0,0.4,0,0,0,0,0,0,0,0,0,0,0,0,0,0,0.8,0,0,8,4.800000000000001,0,0,0,0,0,0,0,0,0,0,0,0,0,0,0,0,0,0,0,0,0,0,0,0,0,0,266.1,0,0,0,0.1,2.3,0,0,0,0,0,0,0,0,5.7,0,0.1,0,0,0,0,0,0,0,0,0,0,0,0,0,0,0.7,0,0,0,0,0,0,0,0,0,0,0,0,0
U5174,Chum,J07,0.1,0,0,0,0,0.4,0,0,0,0,0,0,0,0,0,0,0.9,0,0,0,2.9,0,0,3,5.199999999999999,0,0,0,0,0,0,0,0,0,0,0.1,0,0,0,0,3.2,0,0,0,0,0,0,0,0,0,0,337.9,0,0,0,0,0.5,0,0,0,0,0,0.3,0,0,0,0,0,0,0,0,0,0,0,0,0,0,0,0,0,0,0,1.5,0,0,0,0,0,0,0,0,0,0,0,0,0
U5175,Chum,J07,0,0,0,0,0,0,0,0,0,0,0,0,0,0,0,0,0,0,0,0,0.3,0,0,0,0,0,0,0,0,0,0,0,0,0,0,0.1,0,0,0,0,0,0,0,0,0,0,0,0,0,0,0,205.1,0,0,0,0,1.1,0,0,0,0,0,0,0,0,0,0,0,0,0,0,0,0,0,0,0,0,0,0,0,0,0,0,0,0,0,0,0,0,0,0,0.5,0,0,0,0
U5176,Chum,J07,0,0,0,0,0,0,0,0,0,0,0,0,0,0,0,0,0,0.1,0,0,0.6,0,0,5.6,0.5,0,0,0,0,0,0,0,0,0,0,0.1,0,0,0,0,0,0,0,0,0,0,0,0,0,0,0,375.6,0,0,0,0.1,0.2,0,0,0,0,0,0,0,0,0,0,0,0,0,0,0,0,0,0,0,0,0,0,0,0,0,0.8,0,0,0,0,0,0,0,0,0.3,0,0,0,0
U5177,Chum,J07,0,0,0,0,0,0,0,0,0,0,0,0,0,0,0,0,0,0,0,0,0.3,0,0.9,0.9,0,0,0,0,0,0,0,0,0,0,0,0,0,0,0,0,0,0,0,0,0,0,0,0,0,0,0,227.1,0,0.1,0,0,0,0,0,0,0,0,1.2,0,0,0,0,0,0,0,0,0,0,0,0,0,0,0,0,0,0,0,0.2,0,0,0,0,0,0,0,0,0.1,0,0,0,0
U5178,Chum,J07,0,0,0,0,0,0,0,0,0,0,0,0,0,0,0,0,0,0.1,0,0,0.4,0,0,0,0,0,0,0,0,0,0,0,0,0,0,0,0,0,0,0,0,0,0,0,0,0,0,0,0.2,0,0,187,0,0,0,0,0,0,0,0,0,0,0,0,0,0,0.2,0,0,0,0,0,0,0,0,0,0,0,0,0,0,0,0.5,0,0,0,0.5,0,0,0,0,0,0,0,0,0
U5189,Chum,J07,0,0,0,0,0,0,0,0,0,0,0,0,0,0,0,0,0,0,0,0,0,0,0,4.1,0.9,0,0,0,0,0,0,0,0,0,0,0,0,0,0,0,0,0,0,0,0,0,0,0,0,0,0,1.2,0,0,0,0,0,0,0,0,0,0,0,0,0,0,0,0,0,0,0,0,0,0,0,0,0,0,0,0,0,0,0,0,0,0,0,0,0,0,0,0,0,0,0,0
U5190,Chum,J07,0,0,0,0,0,0.1,0,0,0,0,0,0,0,0,0,0,0,0,0,0,0,0,0,8.5,0,0,0,0,0,0,0,0,0,0,0,0,0,0,0,0,0,0,0,0,0,0,0,0,0,0,0,43.9,0,0,0,0,0,0,0,0,0,0,0,0,0,0,0,0,0,0,0,0,0,0,0,0,0,0,0,0,0,0,0,0,0,0,0,0,0,0,0,0,0,0,0,0
U5191,Chum,J07,0,0,0,0,0,0,0,0,0,0,0,0,0,0,0,0,0,0,0,0,0,0,0,4.6,1.4,0,0,0,0,0,0,0,0,0,0,0,0,0,0,0,0.9,0,0,0,0,0,0,0,0,0,0,7.5,0,0,0,0,0,0,0,0,0,0,0,0,0,0,0,0,0,0,0,0,0,0,0,0,0,0,0,0,0,0,0,0,0,0,0,0,0,0,0,0,0,0,0,0
U5192,Chum,J07,0,0,0,0,0,0.1,0,0,0,0,0,0,0,0,0,0,0,0,0,0,0,0,0,1.9,0.6,0,0,0,0,0,0,0,0,0,0,0,0,0,0,0,0,0,0,0,0,0,0,0,0,0,0,21.3,0,0,0,0,0,0,0,0,0,0,0,0,0,0,0,0,0.1,0,0,0,0,0,0,0,0,0,0,0,0,0,0,0,0,0,0,0,0,0,0,0,0,0,0,0
U5193,Chum,J07,0,0,0,0,0,0,0,0,0,0,0,0,0,0,0,0,0,0,0,0,0,0,0,3.7,0,0,0,0,0,0,0,0,0,0,0,0,0,0,0,0,0,0,0,0,0,0,0,0,0,0,0,39.8,0,0,0,0,0,0,0,0,0,0,0,0,0,0,0,0,0,0,0,0,0,0,0,0,0,0,0,0,0,0,0,0,0,0,0,0,0,0,0,0,0,0,0,0
U5194,Chum,J07,0,0,0.1,0,0,0,0,0,0,0,0,0,0,0,0,0,0,0,0,0,1.4,0,0,0,0.7,0,0,0,0,0,0,0,0,0,0,0,0,0,0,1.3,0,0,0,0,0,0,0,0,0,0,0,375.5,0,0,0,0,0,0,0,0,0,0,0,0.4,0,0,0,0,0,0,0,0,0,0,0,0,0,0,0,0,0,0,1.9,0,0,0,0,0.2,0,0,0,1.7,0,0,0,0
U5195,Chum,J07,0,0,0.1,0,0,0,0,0,0,0,0,0,0,0,0,0,0,0,0,0,0.9,0,4.7,2.6,0,0,0,0.1,0,0,0,0,0,0,0,0,0,0,0,2,0,0,0,0,0,0,0,0,0,0,0,409.3,0,0,0,0.2,0,0,0,0,0,0,0,0,0,0,0,0,0,0,0,0,0,0,0,0,0,0,0,0,0,0,0.6,0,0,0,0,0,0,0,0,0,0,0,0,0
U5196,Chum,J07,0,0,0.1,0,0,0,0,0,0,0,0,0,0,0,0.1,0,0,0,0,0,0,0,0,0,0,0,0,0,0,0,0,0,0,0,0,0,0,0,0,0,0,0,0,0,0,0,0,0,0,0,0,265,0,0,0,0,0,0,0,0,0,0,0,0,0,0,0,0,0,0,0,0,0,0,0,0,0,0,0,0,0,0,0,0,0,0,0,0.1,0,0,0,0,0,0,0,0
U5197,Chum,J07,0.1,0,0.1,0,0,0,0,0,0,0,0,0,0,0,0,0,0,0,0,0,0,0,0,2.1,0,0,0,0,0,0,0,0,0,0,0,0,0,0,0,3.1,3.6,0,0,0,0,0,0,0,0,0,0,155,0,0,0,0,0,0,0,0,0,0,0,0,0,0,0,0,0,0,0,0,0,0,0,0.1,0,0,0,0,0,0,0,0,0,0,0,0,0,0,0,0,0,0,0,0
U5198,Chum,J07,0,0,0,0,0,0,0,0,0,0,0,0,0,0,0,0,0,0,0,0,0.3,0.5,0,1.2,1.2,0,0,0,0,0,0,0,0,0,0,0,0,0,0.5,0,0,0,0,0,0,0,0,0,0.1,0,0,174.4,0,0,0,0,0,0,0,0,0,0,0,0,0,2,0,0,0.2,0,0,0,0,0,0,0,0,0,0,0,0,0,0,0,0,0,0,0,0,0,0,0,0,0,0,0
U5199,Chum,J07,0,0,0.1,0,0,6.6,0,0,0,0,0,0,0,0,0,0,0,0,0,0,0.4,0,0.8,7.4,0,0,0,0.3,0,0,0,0,0,0,0,0,0,0,0,0,0,0,0,0,0,0,0,0,0,0,0,171.5,0,0,0,0,0,0,0,0,0,0,0,0,0,0,0,0,0,0,0,0.7,0,0,0.1,0,0,0,0,0,0,0.1,1.1,0,0,0,0,0.1,0,0,0,0,0,0,0,0
U5200,Chum,J07,0,0,0,0,0,0,0,0,0,0,0,0,0,0,0,0,0,0,0,0,0,0,0,2,1,0,0,0,0,0,0,0,0,0,0,0,0,0,0,0,0,0,0,0,0,0,0.2,0,1.8,0,0,132.4,0,0,0,0,0,0,0,0,0,0,0,0,0,0,0,0,0,0,0,0,0,0,0,0,0,0,0,0,0,0,0,0,0,0,0,0.7,0,0,0,0,0,0,0,0
U5201,Chum,J07,0.1,0,0,0,0,0,0,0,0,0,0,0,0,0,0,0,0,0,0,0,0,0,0,0,0,0,0,0,0,0,0,0,0,0,0,0,0,0,0,2.1,0,0,0,0,0,0,0.4,0,1.2000000000000002,0,0,145.8,0,0,0,0,0,0,0,0,0,0,0,0,0,0,0,0,0.1,0,0,0,0,0,0,0.1,0,0,0.1,0,0,0,0.2,0,0,0,0,0,0,0,0,0,0,0,0,0
U5202,Chum,J07,0,0,0.1,0,0,0,0,0,0,0,0,0,0,0,0,0,0.7,0,0,0,0.6,0,0,16.4,1.2,0,0.7,0.1,0,0,0,0,0,0,0,0,0,0,0,0,0,0,0,0,0,0,0,0,0.7,0,0,103.1,0,0,0,0,0,0,0,0,0,0,0,0,0,0,0,0,0,0,0,0,0,0,0.7,0,0,0,0,0,0,0,1,0,0,0,0,0,0,0,0,0,0,0,0,0
U5203,Chum,J07,0,0,0,0,0,0,0,0,0,0,0,0,0,0,0,0,0,0,0,0,1.2,0,0,2.9,0.5,0,0,0,0,0,0,0,0,0,0,0,0,0,0.6,0.2,0,0,0,0,0,0,0,0,0,0,0,210.1,0,0,0,0,0,0,0,0,0,0,0,0,0,0,0,0,0,0,0,0,0,0,0,0,0,0,0,0,0,0,0.1,0,0,0,0,0.1,0,0,0,0,0,0,0,0
U5204,Chum,J07,0,0,0,0,0,0,0,0,0,0,0,0,0,0,0,0,0,0,0,0,0,0,0,0.8,0,0,0,0,0,0,0,0,0,0,0,0,0,0,0,0,0,0,0,0,0,0,0,0,0,0,0,132.3,0,0,0,0,0,0,0,0,0,0,0,0,0,0,0,0,0,0,0,0,0,0,0,0,0,0,0,0,0,0,0.1,0,0,0,0,0,0,0,0,0,0,0,0,0
U5205,Chum,J07,0,0,0,0,0,0,0,0,0,0,0,0,0,0,0,0,0,0,0,0,0,0,0,1.2,0,0,0,0.1,0,0,0,0,0,0,0,0,0,0,0,1.8,1.9,0,0,0,0,0,0,0,0.2,0,0,254.1,0,0,0,0,0,0,0,0,0,0,0,0,0,0,0,0,0.2,0,0,0,0,0,0,0,0,0,0.1,0,0,0,0.1,0,0,0,0,2.9,0,0,0,0,0,0,0,0
U5232,Chum,J07,0,0,0,0,0,0,0,0,0,0,0,0,0,0,0,0,0,0,0,0,0,0,0,7.4,0,0,0,0,0,0,0,0,0,0,0,0,0,0,0,0,0,0,0,0,0,0,0,0,0,0,0,49,0,0,0,0,0,0,0,0,0,0,0,0,0,0,0,0,0,0,0,0,0,0,0,0,0,0,0,0,0,0,0,0,0,0,0,0,0,0,0,0,0,0,0,0
U5233,Chum,J07,0,0,0,0,0,0.9,0,0,0,0,0,0,0,0,0,0,0,0,0,0,0,0,0,17.2,0.1,0,0,0,0,0,0,0,0,0,0,0,0,0,0,0,0,0,0,0,0,0,0,0,0,0,0,34.9,0,0,0,0,0,0,0,0,0,0,0,0,0,0,0,0,0,0,0,0,0,0,0,0,0,0,0,0,0,0,0.2,0,0,0,0,0,0,0,0,0,0,0,0,0
U5234,Chum,J07,0,0,0,0,0,0,0,0,0,0,0,0,0,0,0,0,0,0,0,0,0,0,0,0,0,0,0,0,0,0,0,0,0,0,0,0,0,0,0,0,0,0,0,0,0,0,0,0,0,0,0,51.5,0,0,0,0,0,0,0,0,0,0,0,0,0,0,0,0,0,0,0,0,0,0,0,0,0,0,0,0,0,0,0,0,0,0,0,0,0,0,0,0,0,0,0,0
U5235,Chum,J07,0,0,0,0,0,0,0,0,0,0,0,0,0,0,0,0,0,0,0,0,0,0,0,4.6,0.9,0,0,0,0,0,0,0,0,0,0,0,0,0,0,0,0,0,0,0,0,0,0,0,0,0,0,0.3,0,0,0,0,0,0,0,0,0,0,0,0,0,0,0,0,0,0,0,0,0,0,0,0,0,0,0,0,0,0,0,0,0,0,0,0,0,0,0,0,0,0,0,0
U5236,Chum,J07,0,0,0,0,0,0,0,0,0,0,0,0,0,0,0,0,0,0,0,0,0,0,0,1.9,0,0,0,0,0,0,0,0,0,0,0,0,0,0,0,0,0,0,0,0,0,0,0,0,0,0,0,18.9,0,0,0,0,0,0,0,0,0,0,0,0,0,0,0,0,0,0,0,0,0,0,0,0,0,0,0,0,0,0,0,0,0,0,0,0,0,0,0,0,0,0,0,0
U5237,Chum,D07,0,0,0,0,0,0,0,0,0,0,0,0,0,0.1,0,0,0,0,0,0,0.1,0,0,0,0,0,0,0,0,0,0,0,0,0,0,0,0,0,0,0,0,0,0,0,0,0,0.2,62.8,0,0.2,0.4,0,0,0,0,0,0,0,0,0,0,0,0,0,0,0,0,0,15.6,0,0,0,0,0,0,0,0,0,3.6,0,0,2.8,0,0,0,0,0,0,0,0,0,0,0,0,0,0
U5238,Chum,D07,0,0,0,0,0,0,0,0,0.1,0,0,0,0,0.1,0.1,0,0,0,0,0,0,0,0,0,0,0,0,0,0,0,0,0,0,0,0,0,0,0,0,0,0,0,0,0,0,0,0.1,102,0,0,0.4,0,0,0,0,0,0,0,0,0,0,0,0,0,0,0,0,0,3,0,0,0,0,0,0,0,0,0,2.1,0,0,0.8,0,0,0,0,0,0,0,0,0,0,0,0,0,0
U5239,Chum,D07,0.1,0,0,0,0,0,0,0,0.1,0,0.1,0,0,0.1,0,0.1,0,0,0,0.1,0,0,0,0,0,0,0,0,0,0,0,0,0,0,0,0,0,0,0,0,0,0,0,0,0,0,0.1,49.2,0,0.1,0,12.9,0,0,0,0,0,0,0,0,0,0,0,0,0,0,0,0,50.400000000000006,0,0,0,0.1,0,0,0.1,0,0,0.8,0,0,0.4,0,0,0,0.2,0,0,0,0,0,0,0,0,0,0
U5240,Chum,D07,0,0,0,0,0,0,0,0,0,0,0,0,0,0,0,0.1,0,0,0,0,0,0,0,0,0,0,0,0,0,0,0,0,0,0,0,0,0,0,0,0,0,0,0,0,0,0,0.1,107.6,0,0,0.4,0,0,0,0,0,0,0,0,0,0,0,0,0,0,0,0,0.30000000000000004,5.2,0,0,0,0,0,0,0,0,0,5.6,0,0,6.4,0,0,0,0.1,0,0,0,0,0,0,0,0,0,0
U5241,Chum,D07,0,0,0,0,0,0,0,0,0,0,0.1,0,0,0.1,0.1,0,0,0,0,0,0,0.1,0,0,0,0,0,0,0,0,0,0,0,0,0,0,0,0,0,0,0,0,0,0,0,0,0.1,42.4,0,0.7,0.1,0,0,0,0,0,0,0,0,0,0,0,0,0,0,0,0,0,8,0,0,0,0,0,0,0,0,0,0.4,0,0,0.4,0,0,0,0.1,0,0,0,0,0,0,0,0,0,0
U5242,Chum,D07,0,0,0,0,0.3,0,0,0,0,0,0.1,0,0,0,0,0,0,0,0,0,0,0,0,0,0,0,0,0,0,0,0,0,0,0,0,0,0,0,0,0,0,0,0,0,0,0,0.2,45.2,0,0,0,0,0,0,0,0,0,0,0,0,0,0,0,0,0,0,0,0,46.8,0,0,0,0,0,0,0.1,0,0,0.8,0,0,1.2,0,0,0,0.2,0,0,0,0,0,0,0,0,0,0
U5243,Chum,D07,0,0,0,0,0,0,0,0,0,0,0.1,0,0,0.1,0,0,0,0,0,0,0,0,0,0,0,0,0,0,0,0,0,0,0,0,0,0,0,0,0,0,0,0,0,0,0,0,0.1,0.1,0,0.1,0,0,0,0,0,0,0,0,0,0,0,0,0,0,0,0,0,0,71.9,0,0,0,0,0,0,0.1,0,0,0.1,0,0,0.1,0,0,0,0,0,0,0,0,0,0,0,0,0,0
U5244,Chum,D07,0,0.1,0,0,0,0,0,0,0,0,0.1,0,0,0.1,0,0,0,0,0,0,0,0.1,0,0,0,0,0,0,0,0,0,0,0,0,0,0,0,0,0,0,0,0,0,0,0,0,0,10.8,0,0.1,0,0,0,0,0,0,0,0,0,0,0,0,0,0,0,0,0,0,68.8,0,0,0,0,0,0,0,0,0.1,0.1,0,0,0.1,0.1,0,0,0,0,0,0,0,0,0,0,0,0,0
U5272,Chum,D07,0,0.1,0,0,0,0,0,0,0,0,0,0,0,0.1,0,0,0,0,0,0,0.2,0,0,0,0,0,0,0,0,0,0,0,0,0,0,0,0,0,0,0,0,0,0,0,0,0,0.1,6.9,0,0.1,0,14.5,0,0,0,0,0,0,0,0,0,0,0,0,0,0,0,0,5.1,0,0,0,0,0,0,0,0,0,0.5,0,0,0.1,0,0,0,0,0,0,0,0,0,0,0,0,0,0
U5273,Chum,D07,0,0,0,0,0,0,0,0,0,0,0.1,0,0,0.1,0,0,0,0,0,0.1,0,0.1,0,0,0,0,0,0,0,0,0,0,0,0,0,0,0,0,0,0,0,0,0,0,0,0,0.1,99.6,0,0.1,0,0,0,0,0,0,0,0,0,0,0,0,0,0,0,0,0,0.1,8,0,0,0,0,0,0,0.1,0,0,0.8,0,0,0.4,0,0,0,0.1,0,0,0,0,0,0,0,0,0,0
U5297,Pink,J07,0,0,0,0,0,0.4,0,0,0,0,0,0,0,0,0,0,0,0.8,0,0,17.6,0,0,28.4,4.3,0,0,0,0,0,0,0,0,0,0,0,0,0,3.0999999999999996,0,0,0,0,0,0,0,0,0,0.1,0,0,0,0,0,0,0,0,0,0,0,0,0,1.4,0,0,0,0,0,1.2,0,0,0,0,0,0,0,0,0,0,0,0,0,0.8,0,0,0,0,0,0,0.5,0,0.8999999999999999,0,0,0,0
U5298,Pink,J07,0,0,0,0,0,0.8,0,0,0,0,0,0,0,0,0,0,0,0,0,0,1.1,0,0,10,3.6,0,0,0,0,0,0,0,0,0,0,0,0,0,0,0,0,0,0,0,0,0,0,0,0,0,0,0,0,0.2,0,0,0,0,0,0,0,0.1,0,0,0,0,0,0,3,0,0,0,0,0,0,0,0,0,0,0,0,0,1.1,0,0,0,0,0,0,0,0,1.9,0,0,0,0.9
U5299,Pink,J07,0,0,0,0,0,0.5,0,0,0,0,0,0,0,0,0,0,16.1,1.1,0,0,14.1,0,0,19.5,2.3,0,0,0.1,0.1,0,0,0,0,0,0,0,0,0,6.7,0,0,0,0,0,0,0,0,0,0.1,0,0,0,0,0.2,0,0,1.2,0,0,0,0,0,0,0.1,0,0,0,0.4,1.2,0,0,0,0,0,0,0,0.8,0,0,0,0,0,0.6000000000000001,0,0,0,0,0,0,0,0,0,0,0,0,0
U5300,Pink,J07,0,0,0,0,0,0.3,0,0,0,0,0,0,0,0,0,0,0,0,0,0,27.1,0,0,108.1,14.9,0.3,0,0,0,0,0,0,0,0,0,0,0,0,7.7,0,0,0,0,0,0,0,0,0,0.2,0,0,0,0,0,0,0,1.6,0,0,0.1,0,0.9,0,0,0,0,0,0,0,0,0,0,0,0,0,0,0,0,0,0,0,0,0.3,0.3,0,0,0,0,0,0,0,9.7,0,0,0,0
U5301,Pink,J07,0,0,0,0,0,14.9,0,0,0,0,0,0,0,0,0,0,0.9,3.4,0,0,21.900000000000002,0,0,22.7,4.6,0,0.3,0,0,0,0,0,0,0,0,0,0,0,1.7,0,0,0,0,0,0,0,0,0,0,0,0,0,0,0.1,0,0.3,0,0,0,0,0,0,0.2,0,0,0,0,0.1,0,0,0,0,0,0,0,0,0,0,0,0,0,0,0,0,0,0,0,0,0,0,0,0,0,0,0,0.8
U5302,Pink,D07,0,0,0,0,0,0,1,0,0,0,0,0,0,2,1,0,0,0,0.1,0,0,0,0,0,0,0,0,0,0,0,0,0,0,0,0,0,0,7,0,0,0,0,0,0,0,0,0,0,0,0,0,0,0.1,0,0,0,0,0,0,0,1,0,0,0,0,0,0,0,3,0,0,0,0,0,1,0,0,0,0,0,0,0,0,0,0,0,0,0,0,0,0,0,0,0,0,0
U5303,Pink,D07,0,0,0,0,0,0,0.1,0,0.3,0,0.1,0,0,1.3,0.1,0.6,0,2.1,0.1,0,3.2,0,0,1.7,0,0,0,0.7,0,0,0,0,0,0,0,0.5,0,13.8,0,0,0,0,0,0,0,0,0,0.1,0,0,0,0,0,0,0,0,0,0,0,0,0.4,0,0,0,0,0,0,0,10,0,0,0,0.1,0,0,0,0,0,0.1,0,0,0,0,0,0.1,0.1,0,0,0,0,0,0,0.1,0,0,0
U5304,Pink,D07,0,0,0.1,0,0,0,0.1,0,0.5,2.7,0.4,0,0,1.5,1.4,0.6,0,0.1,0.1,0,10.2,0,4,0,0.6,0,0,0.6000000000000001,0,0,0,0,0,0,1.6,0.1,0,2.4,0,0,0,0,0,0.4,0,0,0,0,0.3,0,0,0,0,0,0,0,0,0,0,0,0.1,0,0,0,0,0,0,0.2,27.4,0,0,0,0.1,0,0,0.1,0,0,0,0,0,0.1,0.1,0,0,0,0,0,0.1,1.2,0.1,0,0,0,0,0
U5305,Pink,D07,0,0,0,0,0,0,0,0,0.1,0,0,0,0,0.1,0.1,0.1,0,0,0,0,0,0,0.4,0,0,0,0,0,0,0,0,0,0,0,0,0,0,0.1,0,0,0,0,0,0,0,0,0,0,0,0,0,0,0,0,0,0,0,0,0,0,0,0,0,0,0,0,0,3.9,3.9,0,0,0,0,0,0,0,0,0,0,0,0,0,0,0,0,0,0,0,0,0,0,0,0,0,0,0
U5306,Pink,D07,0,0,0,0,0,0,0.1,0,0,0,0.1,0.1,0,1.7,0.9,0.8,0,0.1,0,0,1,0,0.7,0,0,0,0,0.5,0,0,0,0,0,0,0,0.2,0,12.1,0,0,0,0,0,0,0,0,0,0,0,0,0,0,0,0,0,0,0,0,0,0,0.1,0,0,0,0,0,0,0,3.9000000000000004,0,0,0,0.3,0,0,0,0,0,0.1,0,0,0,0,0,0,0.1,0,0,0,0,0.1,0,0,0,0,0
U5307,Pink,D07,0,0,0,0,0,0,0.1,0,0,0,0.8,0,0.1,1.5,0.8,1.5,0,0.1,0.1,0,0.6,0,0,0,0,0,0,0.4,0,0,0,0,0,0,4.2,0.2,0,15.6,0,0,0,0,0,0,0,0,0,0,0,0,0,0,0.1,0.1,0,0,0,0,0,0.1,0.3,0,0,0,0,0,0,0,0,0,0,0,0.1,0,0,0,0,0,0,0.1,0,0,0,0,0,0,0,0,0,0,0,0,0,0,0,0
U5308,Pink,D07,0,0,0,0,0,0,0,0,0.1,0,0.1,0,0.1,0.2,0.1,0.1,0,0,0,0,0,0,0.3,1.1,0,0,0,0,0,0,0,0,0,0.1,0,0,0,3.9,0,0,0,0,0,0,0,0,0,0,0,0,0,0,0,0,0,0,0,0,0,0,0.1,0,0,0,0,0,0,0,0.6,0,0,0,0.1,0,0,0,0,0,0.1,0,0,0,0,0,0,0,0,0,0,0,0,0,0,0,0,0
U5309,Pink,D07,0,0,0,0,0,0,0.1,0,14.299999999999999,0,0.1,0.1,0,0.2,0.1,2.8,0,0,0,0,1.1,0,0,0.7,0.3,0,0,0.1,0,0,0,0.7,0,0,1,0.3,0,9.8,0,0,0,0,0,0,0,0,0,0,0,0,0,0,0.2,0,0,0,0,0,0,0,0.1,0,0,0,0,0,0,0,1.9,0,0,0,0.1,0,0,0,0,0,0.1,0,0,0,0,0,0,0,0,0,0,0,0.4,0,0,0,0,0
U5310,Pink,D07,0,0,0,0,0,0,0.1,0,0.4,0,0.4,0,0.1,4,0.4,0.4,0,0,0.1,0,0.6,0,0,0,0.6,0,0,0.30000000000000004,0,0,0,0,0,0,0,0.1,0,22,0,0,0,0,0,0,0,0,0,0,0,0,0,0,0,0,0,0,0,0,0,0,0.1,0,0,0,0,0,0,0.4,26.4,0,0,0,0.1,0,0.1,0.1,0,0,0.1,0,0,0,0,0,0,0.1,0,0,0,0,0,0,0,0,0,0
U5311,Pink,D07,0,0,0,0.1,0,0,0.1,0,0,0,0.5,0.1,0.1,1,0.3,0.1,0,0,0.1,0,0.4,0,0,1.6,0,0,0,0.4,0,0,0,0,0,0,0,0.1,0,10.3,0,0,0,0,0,0,0,0,0.2,0,0,0.1,0,0,0,0,0,0,0,0,0,0,0.2,0,0,0,0,0,0,0.1,9.9,0,0,0,0.1,0,0,0,0,0.1,0.1,0,0,0,0,0,0.1,0,0,0,0,0,0,0,0,0,0,0
U5314,Pink,D07,0,0,0,0,0,0,0.1,0,0,0,0,0,0,0.1,0.4,0,0,0.1,0,0,0.1,0,0,0,0,0,0,0.1,0,0,0,0,0,0,0,0.3,0,0,0,0,0,0,0,0,0,0,0,0,0,0.1,0,0,0,0,0,0,0,0,0,0,0,0,0,0,0,0,0,0,1.2,0,0,0,0,0,0,0,0,0,0,0,0,0,0,0,0,0.6,0,0,0,0,0.1,0,0,0,0,0
U5315,Pink,D07,0,0,0,0,0,0,0,0.1,0.1,0,0,0,0,0.1,0,0,0,2.4,0,0,4.1,0,0,1.1,1.7,0,0,0,0,0,0,0,0,0,0,0.1,0,0,0,0,0,0,0,0,0,0,0,0,0,0,0,0,0,0.1,0,0,0,0,0,0,0,0,0,0,0,0,0.1,0,1.6,0,0,0,0,0,0,0,0,0,0,0,0,0,0,0,0,0,0,0,0,0,0.1,0,0,0,0,0
U5316,Pink,D07,0,0,0,0,0,0,0,0,0,0,0,0,0,0.2,0.2,0,0,1.3,0,0,0.1,0,0,0,0,0,0,0.1,0,0,0,0,0,0,0,1.8,0,0,0,0,0,0,0,0,0,0,0,0,0,0,0,0,0,0,0,0,0,0,0,0,0.1,0.1,0,0,0,0,0,0,0.9,0,0,0,0.1,0,0,0,0,0.1,0,0,0,0,0,0,0,2.3,0,0,0,0,0,0,0,0,0,0
U5317,Pink,D07,0,0,0,0,0,0,0,0,0,0,0,0,0,0,0,0,0,0.30000000000000004,0,0,0.1,0,0.5,0,0,0,0,0,0,0,0,0,0,0,0,0,0,0,0,0,0,0,0,0,0,0,0,0,0,0,0,0,0,0,0,0,0,0,0,0,0,0,0,0,0,0,0,0,0.1,0,0,0,0,0,0,0,0,0,0,0,0,0,0,0,0,0,0,0,0,0,0,0,0,0,0,0
U5318,Pink,D07,0,0,0,0,0,0,0,0,0,0,0.1,0,0,0.2,0.3,0,0,4.3,0,0,0,0,0,0,0,0,0,0,0,0,0,0,0,0,0,1.5,0.1,0.1,0,0,0,0,0,0,0,0,0,0,0,0,0,0,0,0,0,0,0.1,0,0,0,0,0.1,0,0,0,0,0,0,2.4,0,0,0,0.1,0.1,0,0,0,0,0,0,0,0,0,0,0,2.2,0,0,0,0,0,0,0,0,0,0
U5320,Pink,D07,0,0,0,0,0,0,0,0,0,0,0,0,0,0.1,0,0,0,4.8999999999999995,0,0,1.1,0,0,0.9,0.6,0,0,0,0,0,0,0,0,0,0,0.2,0,0,0,0,0,0,0,0,0,0,0,0,0,0,0,0,0,0,0.8,0,0,0,0,0,0,1.5,0,0,0,0,0.5,0,1.7,0,0,0,0.1,0,0,0,0,0,0,0,0,0,0,0,0,0.6,0,0,0,0,0,0,0,0,0,0
U5321,Pink,D07,0,0,0,0,0,0,0,0,0.1,0,0.1,0,0,0.2,0.1,0,1.1,7,0,0,0.1,0,0,0,0,0,0,0.3,0,0,0,0,0,0,0,0.5,0,0.1,0.7,0,0,0,0,0,0,0,0,0,0,0,0,0,0,0.1,0,0.1,0,0,0,0,0,0.1,0,0,0,0,0,0,7.1,0,0,0,0.1,0.1,0,0.1,0,0,0.1,0,0,0,0,0,0,0.3,0,0,0,0,0,0,0,0,0,0
U5327,Pink,J07,0,0,0,0,0,3.5,0,0,0,0,0,0,0,0,0,0,3,0.7,0,0,19.4,0,0,35,5.4,0,0,0,0,0,34.9,0,0,0,0,0,0,0,10.8,0,0,0,0,0,0,0,0,0,0,0,0,0,0,0,0,0,11.6,0,0,0,0,0,0,0,0,0,0,0,1.6,0,0,0,0,0,0,0,1.5,0,0,0,0,0,0.7,0,0,0,0,0,0,0,0,3,0,0,0,0
U5328,Pink,J07,0,0,0,0,0,0.3,0,0,0,0,0,0,0,0,0,0,0,0.6,0,0,28.8,0,0,36.800000000000004,41.6,0,0,0,0,0,0,0,0,0,0,0,0,0,5.1,0,0,0,0,0,0,15.9,0,0,0,0,0,14.2,0,0.1,0,0,0.3,0,0,0,0,0,3.2,7.4,0,0,0,0,0.1,0,0,0,0,0,0,0,12.100000000000001,0,0,0,0,0,3.5,0,0,0,0,13.3,0,0,0,1.8,0,0,0,0.2
U5329,Pink,J07,0,0,0,0,0,1.7999999999999998,0,0,0.5,0,0,0,0,0,0,0,1.9,4.6,0,0,11.200000000000001,0,0,30.5,3.1999999999999997,1.7,0,0.1,0,0,0,0.5,0,0,0.1,0.1,0,0,6.4,0,0,0,0,0,0,0,0,0,0,0,0,0,0.4,2.8,0,0,0.8,0,0,0,0,0,0,0,0,0,0,0,0.1,0,0,0,0.1,0,0,0,0,0,0,0,0,0,0.4,0,0,0,0,0,0,0,0,1.6,0,0,0,0.6
U5330,Pink,J07,0,0,0,0,0,0.1,0,0,2.8,0,0,0,0,0,0,0,0,0.6,0,0,24.7,0,0,15.6,4,0,0,0,0,0,0,0,0,0,0,0,0,0,2.9000000000000004,0,0,0,0,0,0,0,0,0,0,0,0,0,0,0,0,0,0.4,0,0,0,0,0,0.1,0,0,0,0,0,0.1,0,0,0,0,0,1.4,0,0.6,0,0,0,0,0,0.6,0,0,0,0,0.1,0,0,0,0.8,0,0,0,0
U5331,Pink,J07,0,0,0,0,0,1.4,0,0,0,0,0,0,0,0,0,0,0.8,2.3,0,0,7.2,0,0,8.3,0,0,0,0,0,0,0,0.1,0,0,0,0,0,0,1.5,0,0,0,0,0,0,0,0,0,0,0,0,0,0,0.1,0,0,0.8999999999999999,0,0,0,0,0,0,0,0,0,0,0,0,0,0,0,0,0,0,0,1.4,0,0,0,0,0,0,0,0,0,0,0,0,0,0,0,0,0,0,0
U5337,Pink,J07,0,0,0,0,0,0.7,0,0,0,0,0,0,0,0,0,0,0,0,0,0,48.1,0.1,0,58.3,17.4,0.9,0,0.1,0,0,0,0,0.1,0.1,2.5,0.1,0,0,68.5,2.4,3.9,0,0,0,0,0,0.1,0,2,0,0,0,0,0.5,0.1,0,0,0,0,0,0,0.1,1.6,0,0,0,0,0,0,0,0,0,0.1,0,0,0,0,0,0,0,0,0,1.4000000000000001,0,0,0,0,6.2,0.2,0.9,0,0,0,0,0,0.3
U5338,Pink,J07,0,0,0.1,0,0,22.299999999999997,0,0,0,0,0.1,0,0,0.1,0,0.1,1,0.2,0,0,17.2,0,15.3,12.7,4.3,0,0.9,1.7000000000000002,0,1.8,0,0,0,0,0,0.1,0,0,0,0,0,0,0,0,0,0,0.2,0,3.3,0,0,0,0,1.3,0,0.1,0,0.3,0,0.1,0,0,0.8,0,0,0,0,0,0,0,0,1.7,0.1,0,0.9,0,0,0,0.1,0,0,0.1,27.6,0,0,0.2,3.2,0,0,0,0,0.8,0.1,0,0,0.2
U5339,Pink,J07,0,0,0,0,0,31.5,0,0,0.4,0,0.1,0,0,0,0,0,0,0.5,0,0,17.2,0,3.7,3.8,0.7,0,0.2,1.7999999999999998,0,0,0,0,0.1,0,0,0,0,0,0,0,0,0,0,0.1,0,0,0,0,0,0,0,0,0,0,0,0.2,0,0,0,0.1,0,0,0,0,0,0,0,0,0,0,0.2,0,0,0,0,0,0.5,0,0.1,0,0.5,0,20.2,0,0.1,0,0,0,0,0,0,0,0,0,0,0.1
U5341,Pink,J07,0,0,0,0,0,13.8,0,0.6,0,0,0,0,0,0,0,0.1,1.1,0.1,0,0,32.9,0,10.1,5.5,1.7,0,0,1,0,0,0,0,0,0,0,0.2,0,0,0,0,0,0,0,0,0,0,0.2,0,0.6000000000000001,0,0,0,0,2.8,0,0.2,0,0,0,0,0,0,0,0,0,0,0,0,0,0,0,0,0,0,0,0,0,0,0,0,0,0,28,0,0,0,1.9,0,0.1,0,0,0,0.1,0,0,0.3
U5342,Pink,J07,0,0,0,0,0,1.7,0,0,0,0,0,0,0,0,0,0.1,0,0,0,0,6.2,0,2,0,0.3,0,0,0,0,0,0,0,0,0,1.1,0,0,0,0,0,0,0,0,0,0,0,0.1,0,0.7,0,0,0,0,5.8,0,0,0,0,0,0,0,0,0,0,0,0,0,0,0,0,0,0,0.1,0,0,0,0,0,0,0.1,0,0,3.9000000000000004,0,0,0,0,0,0,0,0,0,0.1,0,0,0
U5343,Pink,J07,0,0,0,0,0,27.3,0,0,5.3,0,0,0,0.1,0,0,0.1,1,7.9,0,0,22.9,0,17,0.7,2.6,1.4,0,0,0,0,0,0,0.1,0,0,0,0,0,0.5,0.8,0,0,0,0,0,0,0.2,0,0.2,0,0,0,0,6,0,0,0,0,0,0,0,0,0.5,0,0,0,0,0,0,0.5,0,0,0,0,0,0,0,0,0,0.1,0,0,3.4000000000000004,0,0,0,0,0,0,0,0,0,0.1,0,0,1
U5344,Pink,J07,0,0,0,0,0,0,0,0,0,0,0,0,0,0,0,0,0,0,0,0,5.5,0,1.5,0,0.7,0,0,3.8,0.3,0,0,0,0,0,1.3,0.4,0,0,0,0,0,0,0,0,0,0,0,0,0.5,0,0,0,0,2.7,0,0,0,0,0,0,0,0,0,0,0,0,0,0,0,0,0,0,0.1,0,0,0,0,0,0.1,0,0,0,15.5,0,0,0,0,0,0,0,0,0,0.1,0,0,1.2000000000000002
U5345,Pink,J07,0,0,0,0,0,10.6,0,0,0,0,0,0,0,0,0,0.3,0,1.8,0,0,11.7,0,0,24.9,3.9,0,0,1.2,0,0,0,0,0,0,0,0.1,0,0,0,0,0,0,0,0,0,0,0.1,0,0.1,0,0,2.3,0,0,0,0.1,0.1,0,0,0.1,0,0,0.9,0,0,0,0,0,0,1.3,0,0,0,0,0,0,0,0,0.1,0.1,0,0,8.1,0,0,0.1,0,0,0,0.1,0,0,0,0,0,0.1
U5346,Pink,J07,0,0,0,0,0,0,0,0,0,0,0,0,0.1,0,0,0,0,0,0,0,0,0,0,3,0,0,0,0.8,0,0,0,0,0,0,0,0,0,0,0.4,0,0,0,0,0,0,0,0.1,0,0.8999999999999999,0,0,0,0,4.3,0,0.1,0,0,0,0.1,0,0,0.2,0,0.1,0,0,0,0.7,0,0,0,0,0,0,0,0,0,0,0.1,0,0,16.6,0,0,0,0,0.1,0,0,0,0,0,0,0,0.5
U5357,Pink,J07,0,0,0,0,0.1,0,0,0,0,0,0,0,0,0,0,0,0,0.3,0,0,0,0,0,37.4,6.1,0,0,0,0,0,0,0,0,0,0,0,0,0,0,0,0,0,0,0,0,0,0,0.1,0.9,0.1,0,0,0,0.1,0,0,0,0,0,0,0,0,0.4,0.6,0,0,0,0,0,0,0,0,0,0,0,0,0,0,0,0,0,0,0.4,0,0,0,0,0,0,0,0,0,0,0,0,0.1
U5358,Pink,J07,0,0,0,0,0,0.1,0,0,0,0,0,0,0,0,0,0,0,0,0,0.1,3.4,0,0,90.9,14.100000000000001,0,0,0,0,0,0,0,0,0,0,0,0,0,0,0,0,0,0,0,0,0,0,0.1,0.1,0,0,0,0,0,0,0,0.2,0,0,0,0,0,0,0,0,0,0,0,0,0,0,0,0,0,0,0,0,0,0,0,0,0,0,0,0,0,0,0,0,0,0,0,0,0,0,0.1
U5359,Pink,J07,0,0,0,0,0,0.4,0,0,0,0,0,0,0,0,0,0,0,0,0,0,3.3,0,0,75.3,2,6.199999999999999,0,0,0,0,0,0,0,0,0.1,0,0,0,1.2,0,0,0,0,0,0,0,0,0.1,0.30000000000000004,0,0,0,0,0,0,0,0,0,0,0,0,0,0,0,0,0,0,0,0,4,0,0,0,0,0,0,0,0,0,0,0,0,0,0,0,0,0,56.800000000000004,0,1.7,0,0.3,0,0,0,0
U5360,Pink,J07,0,0,0,0,0,0,0,0,0,0,0,0,0,0,0,0,0,0,0,0,9.3,0,0,49,1.5,0,0,0,0,0,0,0,0.1,0,0,0,0,0,0.4,0,0,0,0,0,0,0,0,0,0,0,0,0,0,0,0,0,0,0,0,0,0,0,0,0,0,0,0,0,0,0,0,0,0,0,0,0,0,0,0,0,0,0,0,0,0,0,0,2,0,0,0,0,0,0,0,0
U5361,Pink,J07,0,0,0,0,0,2.1,0,0,0,0,0,0,0,0,0,0,1,0.3,0,0,6.1,0,0,32.1,2.6,0,0,0,0,0,0,0,0,0,0,0,0,0,0,0,0,0,0,0,0,0,0,0.1,0.1,0,0,0,0,0,0,0,0.1,0,0,0,0,0,0,0,0,0,0,0,0,0,0,0,0,0,0,0,0,0,0,0,0,0,0.1,0,0,0,0,0,0,0,0,0,0,0,0,0
U5395,Pink,J07,0,0,0,0,0,0.7,0,0,0,0,0,0,0,0,0,0,0,0,0,0,0,0,0,11.8,2.5,0,0,0,0,0,0,0,0,0,0,0,0,0,0,0,0,0,0,0,0,0,0,0,0,0,0,0,0,0,0,0,0,0,0,0,0,0,0,0,0,0,0,0,0,0,0,0,0,0,0,0,0,0,0,0,0,0,0,0,0,0,0,0,0,0,0,0,0,0,0,0
U5396,Pink,J07,0,0,0,0,0,0,0,0,0,0,0,0,0,0,0,0,0,0,0,0,0,0,0,6.1,1.6,0,0,0,0,0,0,0,0,0,0,0,0,0,0,0,0,0,0,0,0,0,0,0,0,0,0,0,0,0,0,0,0,0,0,0,0,0,0,0,0,0,0,0,0,0,0,0,0,0,0,0,0,0,0,0,0,0,0,0,0,0,0,0,0,0,0,0,0,0,0,0
U5398,Pink,J07,0,0,0,0,0,1.3,0,0,0,0,0,0,0,0,0,0,0,0,0,0,3.2,0,0,9.8,0,0,0,0,0,0,0,0,0,0,0,0,0,0,0,0,0,0,0,0,0,0,0,0,0,0,0,0,0,0,0,0.1,0,0,0,0,0,0,0,0,0,0,0,0,0,0,0,0,0,0,0,0,0,0,0,0,0,0,0.1,0,0,0,0,0,0,0,0,0,0,0,0,0
U5399,Pink,J07,0,0,0,0,0,0,0,0,0,0,0,0,0,0,0,0,0,0,0,0,0.3,0,0,11.7,2.5,0,0,0,0,0,0,0,0,0,0,0,0,0,0,0,0,0,0,0,0,0,0,0,0,0,0,0,0,0,0,0,0,0,0,0,0,0,0,0.6,0,0,0,0,0,0,0,0,0,0,0,0,0,0,0,0,0,0,0,0,0,0,0,0,0,0,0,0,0,0,0,0
U5401,Pink,J07,0,0,0,0,0,0,0,0,0,0,0,0,0,0,0,0,0,0,0,0,0,0,4.6,1.2,0.6,0,0,0,0,0,0,0,0,0,0,0,0,0,0,0,0,0,0,0,0,0,0,0,0,0,0,0,0,0.1,0,0,0,0,0,0,0,0,0,0,0,0,0,0,0,0,0,0,0,0,0,0,0,0,0,0,0,0,0,0,0,0,0,0,0,0,0,0,0,0,0,0
U5403,Pink,J07,0,0,0,0,0,0,0,0,0,0,0,0,0,0,0,0,0,0,0,0,11.9,0,0,17.700000000000003,5,0,0,0,0,0,0,0,0,0,0.6,0,0,0,2.4,0,0,0,0,0,0,0,0,0,0,0,0,0,0,0,0,0,0,0,0,0,0,0,0,0,0,0,0,0,0,0,0,0,0,0,0,0,0,0,0,0.1,0,0,0,0,0,0,0,0,0,0,0,0,0,0,0,0
U5412,Pink,J07,0,0,0,0,0,0,0,0,0,0,0,0,0,0,0,0,0,0,0,0.1,10.6,0,0,34.2,0,0,0,0,0,0,0,1.3,0,0,0,0,0,0,0,0,0,0,0,0,0,0,0,0,0.4,0,0,0,0,0,0,0,0,0,0,0,0,0,0,0,0,0,0,0,0,0,0,0,0,0,0,0,0,0,0,0,0,0,0.1,0,0,0,0,0,0,0,0,0.5,0,0,0,0
U5413,Pink,J07,0,0,0,0,0,1.8,0,0,0,0,0,0,0,0,0,0,0,1.8,0,0,15,0,0,20.8,1.2,0,0,0,0,0,0,0,0.2,0,0,0,0,0,2.4,0,0,0,0,0,0,0,0,0.1,0.1,0,0,0,0,0,0,0,0.1,0,0,0,0,0,0,0,0,0,0,0.1,0,0,0,0,0,0,0,0,0,0,0,0,0,0,0,0,0,0,0,0,0,0,0,0,0,0,0,0.3
U5414,Pink,J07,0,0,0,0,0,0,0,0,0,0,0,0,0,0,0,0,0,1,0,0,10.3,0,0,60.4,3.9,0,0,0,0,0,0,0,0,0,0,0,0,0,0.7,0,0,0,0,0,0,0,0,0,0.3,0,0,0,0,0,0,0,0,0,0,0,0,0,0,0,0,0,0,0,0,0,0,0,0,0,0,0,0,0,0,0,0,0,0.1,0,0,0,0,0,0,0,0,0,0,0,0,0.1
U5415,Pink,J07,0,0,0,0,0,0,0,0,0.1,0,0,0,0,0,0,0,0,0,0,0,14.1,0,0,30.1,0,0,0,0,0,0,0,0,0,0,0,0,0,0,0.5,0,0,0,0,0,0,0,0,0.1,0.6,0,0,0,0,0,0,0,0.1,0,0,0,0,0,0,0,0,0,0,0,0,0,0,0,0,0,0,0,0,0,0,0,0,0,0,0,0,0,0,0,0,0,0,0,0,0,0,0
U5416,Pink,J07,0,0,0,0,0.1,0,0,0,0,0,0,0,0,0,0,0,0,0,0,0,18.8,0,0,43.6,0.9,0,0,0,0,0,9.9,0.3,0,0,0,0,0,0,1.2,0,0,0,0,0,0,0,0,0,0.1,0,0,0,0,0,0,0,0,0,0,0,0,0,0,0,0,0,0,0,0,0,0,0,0,0,0,0,0,0,0,0,0,0,0,0,0,0,0,0,0,0,0,0,0,0,0,0
U5422,Pink,D07,0,0.1,0,0,0,0,0,0,0,0,0,0,0,0.4,0.1,0.1,0,0,0,0,0.1,0,0,0,0,0,0,0.2,0,0,0,0,0,0,0,0,0,0,0,0,0,0,0,0,0,0,0.7,81.6,0,0.4,0.4,0,0,0,0,0,0,0,0,0,0.1,0,0,0,0,0,0,0,8.8,0,0,0,0.1,0,0,0.4,0,0.4,1.2000000000000002,0,0,2,0,0,0,0.1,0,0,0,0,0,0,0,0,0,0
U5423,Pink,D07,0,0.1,0,0,0,0,0,0,0,0,0.1,0,0,0.4,2.5,0.1,0,0,0,0,0,0.1,0,0,0,0,0,0,0,0,0,0.3,0,0,0,0,0,0,0,0,0,0,0,0,0,0,0.1,66.4,0,0.4,0.4,0,0,0,0,0,0,0,0,0,0.1,0,0,0,0,0,0,0,2.8,0,0,0,0,0,0,0.4,0,0.4,2,0,0,2,0,0,0,0.1,0,0,0,0,0,0,0,0,0,0.1
U5424,Pink,D07,0,0,0,0,0,0,0.1,0,0.7,0.3,0.1,0,0.1,3.1,3,5.1,0,7.800000000000001,0.1,0,0.3,0.1,0,0.4,0,0.9,0,0.6,0,0,3.2,0,0.1,0,0,0.1,0,0,0,0,0,0,0,0,0,0,0.2,0.1,0,0.1,0,0,0.1,0.2,0,0,0.2,0,0,0,0.1,3.2,0,0,0,0,0,0,0,0,0,0,0.1,0.6,0,0.1,0,0.1,0.7,0,0,0.1,0.1,0,0,0.4,0,0,0,0,0,0,0,0,0,0
U5425,Pink,D07,0.1,0,0,0,0,0,0.1,0,0,0,0.1,0,0,0.8,0.9,0.5,0,0,0.1,0,0,0.1,0,0,0,0,0,0,0,0,0,0,0,0,0,0,0.1,0,0,0,0,0,0,0,0,0,0.2,26.8,0,0.4,0.4,0,0,0,0,0,0,0,0,0,0.2,0,0,0,0.1,0,0,0,17.6,0,0,0,0.1,0,0,0.4,0,0.4,1.2000000000000002,0,0,1.2,0,0,0,0.1,0,0,0,0,0,0,0,0,0,0
U5426,Pink,D07,0,0,0,0,0,0,0,0,0,0.4,0.1,0,0,2.4,3.5,1.2,0,0.1,0,0,0.1,0,0,0,0,0,0,0,0,0,0,0,0,0,0,0,0.1,0,0,0,0,0,0,0,0,0,0.5,4.4,0,0.1,0.4,0,0,0,0,0,0,0,0,0,0.1,0,0,0,0,0,0,0,68.5,0,0.1,0,0,0,0,0.4,0,0.4,0.4,0,0,0.4,0,0,0,0.1,0,0,0,0,0,0,0,0,0,0
U5427,Pink,D07,0,0,0,0,0,0,0.1,0,0,0,0.1,0,0,0.8,0.1,0.1,0,0,0,0,0,0.4,0,0,0,0,0,0.1,0,0,0,0,0,0,0,0,0,0,0,0,0,0,13.899999999999999,0,0,0,0.9,27.6,0,0.4,0.4,0,0,0,0,0,0,0,0,0,0.1,0,0,0,0,0,0,0,18,0,0,0,0,0,0,0.4,0,0.4,6.8,0,0,0.4,0.1,0,0,0.2,0,0,0,0,0,0,0,0,0,0
U5428,Pink,D07,0,0,0.1,0,0,0,0,0,0,0,0,0,0,0.8,0.1,0,0,0,0,0,0.1,0,0,0,0,0,0,0,0,0,0,0,0,0,0,0,0,0,0,0,0,0,0,0,0,0,1.1,11.2,0.1,0.4,0.4,0,0,0,0,0,0,0,0,0,0.1,0,0,0,0,0,0,0,20,0,0,0,0,0,0,2,0,0.4,6.8,0,0,1.2,0,0,0,0.1,0,0,0,0,0,0,0,0,0,0
U5429,Pink,D07,0,0,0,0,0,0,0,0,0,0,0.1,0.1,0,3.5999999999999996,2.4,0.3,0,0,0,0,0.4,0,0,0,0,0,0,0,0,0,0,0,0,0,0,0,0,0,0,0,0,0,0,0,0,0,0.1,56.8,0,0.4,0.4,0,0,0,0,0,0,0,0,0,0.1,0,0,0,0,0,0,0,26.4,0,0,0,0,0,0,0.4,0,0.4,3.6,0,0,4.4,0,0,0.1,0.1,0,0,0,0,0,0,0,0,0,0
U5430,Pink,D07,0,0,0,0,0,0,0,0,0,0,0.1,0,0,4.8,1.7,1,0,0,0,0,0.4,0.4,0,0,0,0,0,0,0,0,0,0.2,0,0,0,0,0,0,0,1.9,0,0,21.8,0,0,0,0.1,27.2,0,0.4,0,0,0,0,0,0,0,0,0,0,0.1,0,0,0,0,0,0,0,25.6,0,0,0,0,0,0,0,0,0,1.6,0,0,0.4,0,0,0,0.2,0,0,0,0,0,0,0,0,0,0
U5431,Pink,D07,0,0.1,0,0,0,0,0,0,0,0,0.1,0,0,0.2,0.1,0.1,0,0,0,0,0.6,0.4,0,0,0,0,0,0,0,0,0,0,0.1,0,0,0,0,0,0,0,0,0,0,0,0,0,1.4,44.4,0,0.8,0.1,0,0,0,0,0.1,0,0,0,0,0.1,0,0,0,0,0,0,0,15.6,0,0,0,0,0,0,0.3,0,0.1,1.3,0,0,2,0.2,0,0,0,0,0,0.1,0,0,0,0,0,0,0
U5432,Chum,J07,1.3,0,1.6,0,0,0,0,0,0,0,0,0,0,0,0,0,0,0,0,0,0,0,0,0,0,0,0,0,0,0,0,0,0,0,0,0,0,0,0,0,0,0,0,0,0,0,0,0,0,0,0,225.4,0,0,0,0,0,0,0,0,0,0,0,0,0,0,0,0,0,0,0,0,0,0,0,0,0,0,0,0,0,0.1,0,0,0,0,0,0,0,0,0,0,0,0,0,0
U5433,Chum,J07,1.2,0,1.2,0,0,0,0,0,0,0,0,0,0,0.1,0,0,0,0,0,0,0.5,0,0,0.9,0,0,0,0.3,0,0,0,0,0,0,0,0,0,0,0,0,0,1.3,0,0,0,0,0,0,2.1,0,0,222.4,0,0,0,0,0,0,0,0,0,0,0,0,0,0,0,0,0,0,0,0,0,0,0,0,0,0,0,0,0,0,0,0,0,0,0,0,0,0,0,0,0,0,0,0
U5434,Chum,J07,1,0,1.6,0,0,0,0,0,0,0,0,0,0,0,0,0,0,0,0,0,0,0,0,0,0,0,0,0,0,0,0,0,0,0,0,0,0,0,0,0,0,1.5,0,0,0,0,0,0,0.3,0,0,187.4,0,0,0,0,0,0,0,0,0,0,0,0,0,0,0,0,0,0,0,0,0,0,0,0,0,0,0,0,0,0,0,0,0,0,0,0,0,0,0,0,0,0,0,0
U5435,Chum,J07,0.5,0,1.2,0,0,0,0,0,0,0,0,0,0,0,0,0,0,0,0,0,0,0,0,0,0,0,0,0,0,0,0,0,0,0,0,0,0,0,0,0,0,0,0,0,0,0,0,0,0,0,0,122.9,0,0,0,0,0,0,0,0,0,0,0,0,0,0,0,0,0.1,0,0,0,0,0,0,0,0,0,0,0,0,0,0,0,0,0,0,0,0,0,0,0,0,0,0,0
U5436,Chum,J07,1,0,1.7,0.2,0,0,0,0,0,0,0,0,0,0,0.1,0,0,0,0,0,0,0,0,0,0,0,0,0.1,0,0,0,0,0,0,0,0,0,0,0,0,0,0,0,0,0,0,0,0,1.1,0,0,161.1,0,0,0,0,0,0,0,0,0,0,0,0,0,0,0,0,0.1,0,0,0,0.1,0,0,0,3.8,0.1,0,0,0,0,0,0,0,0,0,0,0,0,0,0,0,0,0,0
U5440,Chum,J07,0,0,0.1,0,0,0,0,0,0,0,0,0,0,0,0,0,0,0,0,0,0,0,0,4.3,1.3,0,0,0,0,0,0,0,0,0,0,0,0,0,0,0,0,0,0,0,0,0,0,0,0.1,0,0,134.6,0,0,0,0,0,0,0,0,0,0,0,0,0,0,0,0,0,0,0,0,0,0,0,0,0,0,0,0,0,0,0.1,0,0,0,0,0,0,0,0,0,0,0,0,0
U5441,Chum,J07,0,0,0.1,0,0,0,0,0,0,0,0,0,0,0,0,0,0,0,0,0,0,0,0,1.5,0,0,0,0,0,0,0,0,0,0,0,0,0,0,0,0,0,4.7,0,0,0,0,0,0,0,0.1,0,140.2,0,0,0,0,0,0,0,0,0,0,0,0,0,0,0,0,0,0,0,0,0,0,0,0,0,0,0,0,0,0,0,0,0,0,0,3.1,0,0,0,0,0,0,0,0
U5442,Chum,J07,0.1,0,0.1,0,0.1,0,0,0,0,0,0,0,0,0,0,0,0,0,0,0,0,0,0,28.7,2.3,0,0,0,0,0,0,0,0,0,0,0,0,0,0,1.9,0,0,0,0,0,0,0,0,0,0,0,129.8,0,0,0,0,0.2,0,0,0,0,0,0,0,0,0,0,0,0,0,0,0,0,0,0,0,0,0,0,0,0,0,0.1,0,0,0,0,0,0,0,0,0,0,0,0,0
U5443,Chum,J07,0.1,0,0.1,0,0,0,0,0,0,0,0,0,0,0,0,0,0,0,0,0,0,0,0,0,0,0,0,0,0,0,0,0,0,0,0,0,0,0,0,0,0,0,0,0,0,0,0,0,0.4,0,0,142.3,0,0,0,0,0,0,0,0,0,0,0,0,0,0,0,0,0,0,0,0,0,0,0,0,0,0,0,0,0,0,0,0,0,0,0,0,0,0,0,0,0,0,0,0
U5444,Chum,J07,0.1,0,0.1,0,0,0,0,0,0,0,0,0,0,0,0,0,0,0,0,0,0,0,0,9.6,0,0,0,0,0,0,0,0,0,0,0,0,0,0,0,0,0,0,0,0,0,0,0,0,0,0,0,162.6,0,0,0,0,0,0,0,0,0,0,0,0,0,0,0,0,0,0,0,0,0,0,0,0,0,0,0,0,0,0,0.1,0,0,0,0,0,0,0,0,0,0,0,0,0
U5445,Chum,J07,0.1,0,0.2,0,0,0,0,0,0,0,0,0,0,0,0,0,0,0,0,0,0,0,0,0,0,0,0,0,0,0,0,0,0,0,0,0,0,0,0,0,0,0,0,0,0,0,0,0,0,0,0,139,0,0,0,0,0,0,0,0,0,0,0,0,0,0,0,0,0,0,0,0,0,0,0,0,0,0,0,0,0,0,0,0,0,0,0,0,0,0,0,0,0,0,0,0
U5446,Chum,J07,0.1,0,0.1,0,0,0,0,0,0,0,0,0,0,0,0,0,0,0,0,0,0,0,0,0,0,0,0,0,0,0,0,0,0,0,0,0,0,0,0,0,0,21.6,0,0,0,0,0,0,0,0,0,135.9,0,0,0,0,0.1,0,0,0,0,0,0,0,0,0,0,0,0,0,0,0,0,0,0,0,0,0,0,0,0,0,0.1,0,0,0,0,0,0,0,0,0.3,0,0,0,0
U5447,Chum,J07,0.1,0,0.1,0,0,0,0,0,0,0,0,0,0,0,0,0,0,0,0,0,0,0,0,0,0,0,0,0.1,0,0,0,0,0,0,0,0,0,0,0,0,0,0,0,0,0,0,0,0,0,0,0,153.1,0,0,0,0,0.1,0,0,0,0,0,0,0,0,0,0,0,0,0,0,0,0,0,0,0,0,0,0,0,0,0,0,0,0,0,0,0,0,0,0,0,0,0,0,0
U5448,Chum,J07,0,0,0.1,0.6,0,0,0,0,0,0,0,0,0,0,0.1,0,1,0,0,0,0,0,0,0,0.8,0,0,0,0,0,0,0,0,0,0,0,0,0,0,0,0,0,0,0,0,29.7,0,0.1,0,0,0,190.7,0,0,0,0,4.2,0,2.2,0,0,0,0,0,0,0,0,0,0,0,0,0,0,0,0,0,0,0,0,0,0,0,0.1,0,0,0,0,0,0,0,0,0,0,0,0,0
U5449,Chum,J07,0,0,0.1,0,0,0,0,0,0,0,0,0,0,0,0,0,0,0,0,0,0.2,0,0,30.9,2.1,0,0,0.1,0,0,0,0,0,0,0,0,0,0,0,0,0,0,0,0,0,0,0,0,0.2,0,0,78.8,0,0,0,0,0,0,0,0,0,0,0,0,0,0,0,0,0,0,0,0,0,0,0,0,0,0,0,0,0,0,0.1,0,0,0,0,0,0,0,0,0,0,0,0,0
U5450,Chum,J07,0,0,0,0,0,0,0,0,0,0,0,0,0,0,0,0,0,0,0,0,0,0,0,1.2,0,0,0,0,0,0,0,0,0,0,0,0,0,0,0,0,0,0,0,0,0,0,0,0,0,0,0,74.4,0,0,0,0,0,0,0,0,0,0,0,0,0,0,0,0,0.7,0,0,0,0,0,0,0,0,0,0,0,0,0,0,0,0,0,0,0,0,0,0,0,0,0,0,0
U5451,Chum,J07,0.1,0,1.1,0,0,0,0,0,0,0,0,0,0,0,0,0,0,0,0,0,0,0,0,4.7,0.7,0,0,0,0,0,0,0,0,0,0,0,0,0,0,0,0,0,0,0,0,0,0,0,0,0,0,47,0,0,0,0,0,0,0,0,0,0,0,0,0,0,0,0,0,0,0,0,0,0,0,0,0,0,0,0,0,0,0,0,0,0,0,0,0,0,0,0,0,0,0,0
U5452,Chum,J07,0,0,0.1,0,0,0,0,0,0,0,0,0,0,0,0,0,0,0,0,0,0,0,0,0,0,0,0,0,0,0,0,0,0,0,0,0,0,0,0,0,0,0,0,0,0,0,0,0,0,0,0,66.5,0,0,0,0,0,0,0,0,0,0,0,0,0,0,0,0,1.2000000000000002,0,0,0,0,0,0,0,0,0,0,0,0,0,0,0,0,0,0,0,0,0,0,0,0,0,0,0
U5453,Chum,J07,0.3,0,1.9,0,0,0,0,0,0,0,0,0,0,0.1,0.1,0,0,0,0,0,0,0,1,1,0.5,0,0,0,0,0,0,0,0,0,0,0,0,0,0,0,0,0,0,0,0,0,0,0,0,0,0,119.1,0,0,0,0,0,0,0,0,0,0,0,0,0,0,0,0,0,0,0,0,0,0,0,0,0,0,0,0,0,0.1,0,0,0,0,0,0,0,0,0,0,0,0,0,0
U5454,Chum,J07,1,0,2.2,0,0,0,0,0,0,0,0,0,0,0,0,0,0,0,0,0,0,0,0,0,0,0,0,0,0,0,0,0,0,0,0,0,0,0,0,0,0,0,0,0,0,0,0,0,0.1,0,0,92.8,0,0,0,0.1,0,0,0,0,0,0,0,0,0,0,0,0,1.5,0,0,0,0,0,0,0,0,0,0,0,0,0.1,0,0,0,0,0,0,0,0,0,0,0,0,0,0
U5455,Chum,J07,0.9,0,0.5,0,0,0,0,0,0,0,0,0,0,0,0,0,0,0,0,0,0,0,0,0,0,0,0,0,0,0,0,0,0,0,0,0,0,0,0,0,0,0,0,0,0,0,0,0,0,0.1,0,84.1,0,0,0,0,0,0,0,0,0,0,0,0,0,0,0,0,0.5,0,0,0,0,0,0,0,0,0,0,0,0,0,0,0,0,0,0,0.1,0,0,0,0,0,0,0,0
U5456,Chum,J07,0.2,0,1.2,0,0,0,0,0,0,0,0,0,0,0,0.1,0,0,0,0,0,0,0,0,0,0,0,0,0,0,0,0,0,0,0,0,0,0,0,0,0,0,0,0,0,0,0,0,0,0,0,0,49.5,0,0,0,0,0,0,0,0,0,0,0,0,0,0,0,0,0.8,0,0,0,0,0,0,0,1.9,0,0,0,0,0,0,0,0,0,0,0,0,0,0,0,0,0,0,0
U5457,Chum,J07,0.3,0,0.8,0,0,0,0,0,0,0,0,0,0,0,0,0,0,0,0,0,0,0,0,0,0,0,0,0,0,0,0,0,0,0,0,0,0,0,0,0,0,6.1,0,0,0,0,0,0,0,0,0,54.2,0,0,0,0,0,0,0,0,0,0,0,0,0,0,0,0,0.1,0,0,0,0,0,0,0,0,0,0,0,0,0,0,0,0,0,0,0.2,0,0,0,0,0,0,0,0
U5458,Chum,J07,0.2,0,0.7,0,0,0,0,0,0,0,0,0,0,0,0,0,0,0,0,0,0,0,0,3.6,0,0,0,0,0,0,0,0,0,0,0,0,0,0,0,0,0,0,0,0,0,0,0,0,0.2,0,0,52.3,0,0,0,0,0,0,0,0,0,0,0,0,0,0,0,0,0.1,0,0,0,0,0,0,0,0,0,0,0,0,0,0,0,0,0,0,0.1,0,0,0,0,0,0,0,0
U5459,Chum,J07,0.3,0,1.7,0,0,0,0,0,0,0,0,0,0,0,0,0,0,0,0,0,0,0,0,2.6,0,0,0,0,0,0,0,0,0,0,0,0,0,0,0,0,0,0,0,0,0,0,0,0,0,0,0,67.9,0,0,0,0,0,0,0,0,0,0,0,0,0,0,0,0,0,0,0,0,0,0,0,0,0,0,0,0,0,0,0,0,0,0,0,0,0,0,0,0,0,0,0,0
U5460,Pink,J07,0,0,0,0,0,0,0,0,0,0,0,0,0,0,0,0,0,0,0,0,8.7,0,37.2,15.2,7.4,0,0,0,0,0,0,0,0,0,0,0,0,0,0,0,0,0,0,0,0,0,0.1,0,0,0,0,0,0,0,0,0,0,0,0,0,0,0,0,0,0,0,0,0,0,0,0,0,0,0,0,0,0,0,0,0,0,0,0,0,0,0,0,0.4,0,0,0,0,0,0,0,0
U5461,Pink,J07,0.4,0,0.4,0,0,0.2,0,0,0,0,0,0,0,0,0,0,0,0,0,0,0,0,7.6,10.3,3.6,0,0,0,0,0,0,0,0,0,0,0,0,0,0,0,0,0,0,0,0,0,0,0,0,0,0,59.7,0,0,0,0,0,0,0,0,0,0,0,0,0,0,0,0,0,0,0,0,0,0,0,0,0,0,0,0,0,0,0,0,0,0,0,0,0,0,0,0,0,0,0,0
U5462,Chum,J07,0.5,0,0.8,0,0.4,0,0,0,0,0,0,0,0,0,0,0,0,0,0,0,0,0,0,0,0,0,0,0.3,0,0,0,0,0,0,0,0,0,0,0,0,0,0,0,0,0,0,0,0,0.1,0,0,172.6,0,0,0,0,0,0,0,0,0,0,0,0,0,0,0,0,0,0,0,0,0,0,0,0,0,0,0,0,0,0,0,0,0,0,0,0,0,0,0,0,0,0,0,0
U5463,Chum,J07,0.2,0,0.3,0,0,0,0,0,0,0,0,0,0,0,0,0,0,0,0,0,0,0,0,4.8,0,0,0,0,0,0,0,0,0,0,0,0,0,0,0,1.1,0,0,0,0,0,0,0,0,0.30000000000000004,0,0,107.5,0,0,0,0,0,0,0,0,0,0,0,0,0,0,0,0,0,0,0,0,0,0,0,0,0,0,0,0,0,0,0,0,0,0,0,0,0,0,0,0,0,0,0,0
U5464,Chum,J07,0.1,0,0.4,0,0,0,0,0,0,0,0,0,0,0.1,0,0.1,0,0,0,0,0,0,0,2.5,0,0,0,0,0,0,0,0,0,0,0,0,0,0,0,0,0,0,0,0,11.9,1.2,0,0.1,0,0,0,160.3,0,0,0,0,0,0,0,0,0,0,0,0,0,0,0,0,0,0,0,0,0,0,0,0,0,0,0,0,0,0,0.1,0,0,0,0,0,0,0,0,0,0,0,0,0
U5465,Chum,J07,1,0,0.6,0,0,0,0,0,0,0,0,0,0,0.1,0,0,0,0,0,0,5.7,0,0,1,0,0,0,0.3,0,0,0,0,0,0,0,0,0,0,0,0,0,0,0,0,0,0,0.1,0,0.3,0,0,195.9,0,0,0,0,0,0,0,0,0,0,0,0,0,0,0,0,0,0,0,0,0,0,0,0,0,0,0,0,0,0,0.1,0,0,0,0,0,0,0,0,0,0,0,0,0
U5466,Chum,J07,0.5,0,0.4,0,0,0,0,0,0,0,0,0,0,0.1,0.1,0,0,0,0,0,0,0.1,0,0,0,0,0,0,0,0,0,0,0,0,0,0,0,0,0,0,0,0,0,0,0,0,0,0,0.7999999999999999,0,0,179.6,0,0,0,0,0,0,0,0,0,0,0,0,0,0,0,0,0,0,0,0,0,0,0,0,0,0,0,0,0,0,0.1,0,0,0,0,0,0,0,0,0,0,0,0,0
U5471,Pink,J07,0,0,0,0,0,0,0,0,0,0,0,0,0,0,0,0,0,0,0,0,17.9,0,0,101.39999999999999,18.5,0,0,0.7999999999999999,0,0,0,0,0,0,0.2,0,0,0,2.6,0,0,0,0,0,0,0,0.7,0,91.4,0.1,0,0,0,0.1,0,0,0,0,0,0,0,0,0,0,0,0,0,0,0,0,0,0,0,0,0,0,0,0,0,0,0,0,3.8,0,0,0,0,0,0,0,0,0,0,0,0,0.30000000000000004
U5472,Pink,J07,0,0,0,0,0,2.7,0,0,0,0,0,0,0,0,0,0,0,0,0,0,4.2,0,0,7.6,0.4,1.3,0,0.1,0,0,0,0,0,0,0.2,0,0,0,0.6,0,0,0,0,0,0,0,0,0.1,0.5,0,0,0,0,0,0,0,0,0,0,0,0,0,0,0,0,0,0,0,0,0,0,0,0,0,0,0,0,0,0,0,0,0,0.7999999999999999,0,0,0,0,0,0,0,0,0,0,0,0,0
U5473,Pink,J07,0,0,0,0,0,0,0,0,0,0,0,0,0,0,0,0.1,0,0,0,0,9.1,0,0,29.900000000000002,3.5,0,0,0,0,0,0,0,0,0,0,0,0,0,0,0,0,3.2,0,0,0,0,0,0.1,0.6,0,0,0,0,0,0,0,0,0,0,0,0,0,0.5,0,0,0,0,0,0,0,0,0,0,0,0,0,0,0,0,0,0,0,0.1,0,0,0,0,0,0,0,0,0,0,0,0,0
U5474,Pink,J07,0,0,0.1,0,0,0,0,0,0,0,0,0,0,0,0,0,0,0.1,0,0,0.5,0,0,2.5,0.5,0,0,0,0,0,0,0,0,0,0,0,0,0,0,0,0,0,0,0,0,0,0,0,3.8000000000000003,0,0,5.6,0,0,0,0,0,0,0,0,0,0,0.1,0,0,0,0,0,0,0,0,0,0,0,0,0,0,0,0,0,0,0.1,0.6,0,0,0,0,0,0,0,0,0,0,0,0,0
U5475,Pink,J07,0,0,0,0,0,0,0,0,0,0,0,0,0,0,0,0,0,0,0,0,3.5,0,0,4.1,0,0,0,0,0,0,0,0,0,0,0,0,0,0,0,0,0,0,0,0,0,0,0,0,0.1,0,0,0,0,0,0,0,0,0,0,0,0,0,0,0,0,0,0,0,0,0,0,0,0,0,0,0,0,0,0,0,0,0,0.1,0,0,0,0,0,0,0,0,0,0,0,0,0
U5476,Pink,J07,0,0,0,0,0,10.8,0,0,0,0,0,0,0,0,0,0,0,0,0,0,19,0,18.1,19.3,8.8,0,0,0,0,0,12.7,0.3,0,0,0,0,0,0,1.1,0,0,0,0,0,0,12.6,0,0,1.9,0,0,0,0,0.1,0,0,0,0,0,0,0,0,0,0,0,2.5,0,0,0,0,0,0,0,0,0,0,0,0,0,0,0,0.1,0.8,0,0,0,0,0,0,0,0,0,0,0,0,0
U5477,Pink,J07,0,0,0,0,0,0.9,0,0,0,0,0,0,0,0,0,0,0,0,0,0,3.4,0,0,21.1,1.7999999999999998,0,0,0.1,0,0,0,0,0,0,0,0,0,0,0,0,0,0,0,0,0,17.4,0,0,6.300000000000001,0,0,0,0,0.1,0,0,0,0,0,0,0,0,0,0,0,0,0,0,0,0,0,0,0,0,0,0,2.6,0,0,0,0,0,0.6,0,0,0,0,0,0,0,0,0,0,0,0,0
U5500,Chum,D07,0,0,0,0,0,0,0,0,0,0,0,0,0,0,0,0,0,0.1,0,0,0,0,0,0,0,0,0,0,0,0,0,0,0,0,0,0.1,0,0,0,0,0,0,0,0,0,0,0,0,0,0,0,0,0,0,0,0,0,0,0,0,0,0,0,0,0,0,0,0,55,0,0,0,0,0,0,0,0,0,0,0,0,0,0,0,0,0.1,0,0,0,0,0,0,0,0,0,0
